baseline_pct,step_pct,floor_mult,ceiling_mult,min_position_pct,max_position_pct,max_total_exposure,return,max_dd,return_dd,final_equity
50,30,0.7,2.5,35.0,125.0,325.0,618.5688082551089,-20.520732333978376,30.143602976141267,718.5688082551089
50,25,0.7,2.0,35.0,100.0,300.0,578.0806304220577,-19.262343116011483,30.010919592722775,678.0806304220577
50,30,0.7,3.5,35.0,175.0,335.0,615.0796906022714,-20.520732333978376,29.97357407093206,715.0796906022714
50,30,0.7,5.0,35.0,250.0,335.0,615.0796906022714,-20.520732333978376,29.97357407093206,715.0796906022714
50,30,0.7,3.0,35.0,150.0,335.0,615.0796906022714,-20.520732333978376,29.97357407093206,715.0796906022714
50,30,0.7,4.0,35.0,200.0,335.0,615.0796906022714,-20.520732333978376,29.97357407093206,715.0796906022714
50,20,0.7,2.0,35.0,100.0,274.99999999999994,539.1662349787497,-17.994528014181366,29.962788385104428,639.1662349787497
50,25,0.7,2.5,35.0,125.0,302.50000000000006,576.7583326684689,-19.262343116011483,29.94227281669844,676.7583326684689
50,25,0.7,5.0,35.0,250.0,302.50000000000006,576.7583326684689,-19.262343116011483,29.94227281669844,676.7583326684689
50,25,0.7,4.0,35.0,200.0,302.50000000000006,576.7583326684689,-19.262343116011483,29.94227281669844,676.7583326684689
50,25,0.7,3.0,35.0,150.0,302.50000000000006,576.7583326684689,-19.262343116011483,29.94227281669844,676.7583326684689
50,25,0.7,3.5,35.0,175.0,302.50000000000006,576.7583326684689,-19.262343116011483,29.94227281669844,676.7583326684689
50,20,0.7,3.0,35.0,150.0,274.99999999999994,538.4640300921916,-17.994528014181366,29.923765139481944,638.4640300921916
50,20,0.7,3.5,35.0,175.0,274.99999999999994,538.4640300921916,-17.994528014181366,29.923765139481944,638.4640300921916
50,20,0.7,2.5,35.0,125.0,274.99999999999994,538.4640300921916,-17.994528014181366,29.923765139481944,638.4640300921916
50,20,0.7,5.0,35.0,250.0,274.99999999999994,538.4640300921916,-17.994528014181366,29.923765139481944,638.4640300921916
50,20,0.7,4.0,35.0,200.0,274.99999999999994,538.4640300921916,-17.994528014181366,29.923765139481944,638.4640300921916
50,30,0.7,2.0,35.0,100.0,325.0,604.0344831600428,-20.520732333978376,29.435327810395837,704.0344831600428
50,15,0.7,5.0,35.0,250.0,254.99999999999997,500.3923528989421,-17.075535903480894,29.30463534072367,600.392352898942
50,15,0.7,4.0,35.0,200.0,254.99999999999997,500.3923528989421,-17.075535903480894,29.30463534072367,600.392352898942
50,15,0.7,2.5,35.0,125.0,254.99999999999997,500.3923528989421,-17.075535903480894,29.30463534072367,600.392352898942
50,15,0.7,3.0,35.0,150.0,254.99999999999997,500.3923528989421,-17.075535903480894,29.30463534072367,600.392352898942
50,15,0.7,2.0,35.0,100.0,254.99999999999997,500.3923528989421,-17.075535903480894,29.30463534072367,600.392352898942
50,15,0.7,3.5,35.0,175.0,254.99999999999997,500.3923528989421,-17.075535903480894,29.30463534072367,600.392352898942
50,15,0.6,3.5,30.0,175.0,225.0,413.59647783165497,-15.688931708697307,26.362309780619025,513.596477831655
50,15,0.6,2.0,30.0,100.0,225.0,413.59647783165497,-15.688931708697307,26.362309780619025,513.596477831655
50,15,0.6,2.5,30.0,125.0,225.0,413.59647783165497,-15.688931708697307,26.362309780619025,513.596477831655
50,15,0.6,4.0,30.0,200.0,225.0,413.59647783165497,-15.688931708697307,26.362309780619025,513.596477831655
50,15,0.6,5.0,30.0,250.0,225.0,413.59647783165497,-15.688931708697307,26.362309780619025,513.596477831655
50,15,0.6,3.0,30.0,150.0,225.0,413.59647783165497,-15.688931708697307,26.362309780619025,513.596477831655
50,30,0.6,2.5,30.0,125.0,305.0,508.5234854996672,-19.548483327935813,26.013449584242696,608.5234854996671
50,25,0.6,2.0,30.0,100.0,275.0,473.8452156244653,-18.27691937396316,25.92587984490938,573.8452156244654
50,30,0.6,5.0,30.0,250.0,315.0,506.7608184866076,-19.548483327935813,25.923280593457584,606.7608184866076
50,30,0.6,3.5,30.0,175.0,315.0,506.7608184866076,-19.548483327935813,25.923280593457584,606.7608184866076
50,30,0.6,3.0,30.0,150.0,315.0,506.7608184866076,-19.548483327935813,25.923280593457584,606.7608184866076
50,30,0.6,4.0,30.0,200.0,315.0,506.7608184866076,-19.548483327935813,25.923280593457584,606.7608184866076
50,25,0.6,3.5,30.0,175.0,282.5,472.77640922551376,-18.27691937396316,25.867401368472365,572.7764092255137
50,25,0.6,3.0,30.0,150.0,282.5,472.77640922551376,-18.27691937396316,25.867401368472365,572.7764092255137
50,25,0.6,5.0,30.0,250.0,282.5,472.77640922551376,-18.27691937396316,25.867401368472365,572.7764092255137
50,25,0.6,4.0,30.0,200.0,282.5,472.77640922551376,-18.27691937396316,25.867401368472365,572.7764092255137
50,25,0.6,2.5,30.0,125.0,282.5,472.77640922551376,-18.27691937396316,25.867401368472365,572.7764092255137
50,20,0.6,2.5,30.0,125.0,250.0,438.95421255160494,-16.990440459926315,25.835363926375138,538.954212551605
50,20,0.6,2.0,30.0,100.0,250.0,438.95421255160494,-16.990440459926315,25.835363926375138,538.954212551605
50,20,0.6,3.0,30.0,150.0,250.0,438.95421255160494,-16.990440459926315,25.835363926375138,538.954212551605
50,20,0.6,4.0,30.0,200.0,250.0,438.95421255160494,-16.990440459926315,25.835363926375138,538.954212551605
50,20,0.6,3.5,30.0,175.0,250.0,438.95421255160494,-16.990440459926315,25.835363926375138,538.954212551605
50,20,0.6,5.0,30.0,250.0,250.0,438.95421255160494,-16.990440459926315,25.835363926375138,538.954212551605
50,30,0.6,2.0,30.0,100.0,300.0,502.11495564696185,-19.548483327935813,25.68562211316993,602.1149556469618
40,30,0.7,2.5,27.999999999999996,100.0,260.00000000000006,409.42689929042547,-16.5714303596162,24.70679298077851,509.4268992904254
40,25,0.7,3.5,27.999999999999996,140.0,242.00000000000003,383.50318750470353,-15.523967954024599,24.703940940903585,483.50318750470353
40,25,0.7,3.0,27.999999999999996,120.00000000000001,242.00000000000003,383.50318750470353,-15.523967954024599,24.703940940903585,483.50318750470353
40,25,0.7,5.0,27.999999999999996,200.0,242.00000000000003,383.50318750470353,-15.523967954024599,24.703940940903585,483.50318750470353
40,25,0.7,2.5,27.999999999999996,100.0,242.00000000000003,383.50318750470353,-15.523967954024599,24.703940940903585,483.50318750470353
40,25,0.7,4.0,27.999999999999996,160.0,242.00000000000003,383.50318750470353,-15.523967954024599,24.703940940903585,483.50318750470353
40,25,0.7,2.0,27.999999999999996,80.0,240.0,382.8713272088743,-15.523967954024599,24.6632386992022,482.8713272088743
40,30,0.7,3.0,27.999999999999996,120.00000000000001,268.0,408.24980847046646,-16.5714303596162,24.635761645859617,508.24980847046646
40,30,0.7,5.0,27.999999999999996,200.0,268.0,408.24980847046646,-16.5714303596162,24.635761645859617,508.24980847046646
40,30,0.7,3.5,27.999999999999996,140.0,268.0,408.24980847046646,-16.5714303596162,24.635761645859617,508.24980847046646
40,30,0.7,4.0,27.999999999999996,160.0,268.0,408.24980847046646,-16.5714303596162,24.635761645859617,508.24980847046646
40,20,0.7,2.0,27.999999999999996,80.0,219.99999999999997,359.18054182706646,-14.612849262366087,24.579774647515155,459.18054182706646
40,20,0.7,3.0,27.999999999999996,120.00000000000001,219.99999999999997,358.9853577359884,-14.612849262366087,24.566417629484402,458.9853577359884
40,20,0.7,5.0,27.999999999999996,200.0,219.99999999999997,358.9853577359884,-14.612849262366087,24.566417629484402,458.9853577359884
40,20,0.7,2.5,27.999999999999996,100.0,219.99999999999997,358.9853577359884,-14.612849262366087,24.566417629484402,458.9853577359884
40,20,0.7,4.0,27.999999999999996,160.0,219.99999999999997,358.9853577359884,-14.612849262366087,24.566417629484402,458.9853577359884
40,20,0.7,3.5,27.999999999999996,140.0,219.99999999999997,358.9853577359884,-14.612849262366087,24.566417629484402,458.9853577359884
40,15,0.7,2.5,27.999999999999996,100.0,204.0,334.76983744131064,-13.855542450017047,24.1614385469909,434.76983744131064
40,15,0.7,3.0,27.999999999999996,120.00000000000001,204.0,334.76983744131064,-13.855542450017047,24.1614385469909,434.76983744131064
40,15,0.7,2.0,27.999999999999996,80.0,204.0,334.76983744131064,-13.855542450017047,24.1614385469909,434.76983744131064
40,15,0.7,4.0,27.999999999999996,160.0,204.0,334.76983744131064,-13.855542450017047,24.1614385469909,434.76983744131064
40,15,0.7,3.5,27.999999999999996,140.0,204.0,334.76983744131064,-13.855542450017047,24.1614385469909,434.76983744131064
40,15,0.7,5.0,27.999999999999996,200.0,204.0,334.76983744131064,-13.855542450017047,24.1614385469909,434.76983744131064
40,30,0.7,2.0,27.999999999999996,80.0,260.00000000000006,398.86356831778807,-16.5714303596162,24.069350663283714,498.86356831778807
50,15,0.5,5.0,25.0,250.0,200.0,336.9929389985678,-14.681825491126862,22.95306800930399,436.9929389985678
50,15,0.5,3.5,25.0,175.0,200.0,336.9929389985678,-14.681825491126862,22.95306800930399,436.9929389985678
50,15,0.5,3.0,25.0,150.0,200.0,336.9929389985678,-14.681825491126862,22.95306800930399,436.9929389985678
50,15,0.5,2.0,25.0,100.0,200.0,336.9929389985678,-14.681825491126862,22.95306800930399,436.9929389985678
50,15,0.5,4.0,25.0,200.0,200.0,336.9929389985678,-14.681825491126862,22.95306800930399,436.9929389985678
50,15,0.5,2.5,25.0,125.0,200.0,336.9929389985678,-14.681825491126862,22.95306800930399,436.9929389985678
50,20,0.5,2.5,25.0,125.0,229.99999999999997,360.3961107193051,-15.99670713522689,22.529393560357473,460.3961107193051
50,20,0.5,2.0,25.0,100.0,229.99999999999997,360.3961107193051,-15.99670713522689,22.529393560357473,460.3961107193051
50,20,0.5,3.0,25.0,150.0,229.99999999999997,360.3961107193051,-15.99670713522689,22.529393560357473,460.3961107193051
50,20,0.5,4.0,25.0,200.0,229.99999999999997,360.3961107193051,-15.99670713522689,22.529393560357473,460.3961107193051
50,20,0.5,3.5,25.0,175.0,229.99999999999997,360.3961107193051,-15.99670713522689,22.529393560357473,460.3961107193051
50,20,0.5,5.0,25.0,250.0,229.99999999999997,360.3961107193051,-15.99670713522689,22.529393560357473,460.3961107193051
40,15,0.6,2.0,24.0,80.0,180.00000000000003,281.51028106670043,-12.583959776429632,22.370564279296477,381.51028106670043
40,15,0.6,2.5,24.0,100.0,180.00000000000003,281.51028106670043,-12.583959776429632,22.370564279296477,381.51028106670043
40,15,0.6,3.5,24.0,140.0,180.00000000000003,281.51028106670043,-12.583959776429632,22.370564279296477,381.51028106670043
40,15,0.6,3.0,24.0,120.00000000000001,180.00000000000003,281.51028106670043,-12.583959776429632,22.370564279296477,381.51028106670043
40,15,0.6,4.0,24.0,160.0,180.00000000000003,281.51028106670043,-12.583959776429632,22.370564279296477,381.51028106670043
40,15,0.6,5.0,24.0,200.0,180.00000000000003,281.51028106670043,-12.583959776429632,22.370564279296477,381.51028106670043
50,30,0.5,2.5,25.0,125.0,290.0,413.3660698408262,-18.581073187593283,22.246619754817697,513.3660698408262
50,30,0.5,2.0,25.0,100.0,280.0,413.0791156661253,-18.581073187593283,22.231176396309618,513.0791156661253
50,30,0.5,3.5,25.0,175.0,295.0,412.71148436208887,-18.581073187593283,22.21139113954189,512.7114843620889
50,30,0.5,4.0,25.0,200.0,295.0,412.71148436208887,-18.581073187593283,22.21139113954189,512.7114843620889
50,30,0.5,3.0,25.0,150.0,295.0,412.71148436208887,-18.581073187593283,22.21139113954189,512.7114843620889
50,30,0.5,5.0,25.0,250.0,295.0,412.71148436208887,-18.581073187593283,22.21139113954189,512.7114843620889
50,25,0.5,2.0,25.0,100.0,250.0,383.7988076457184,-17.2964176887458,22.189496955513707,483.7988076457184
50,25,0.5,5.0,25.0,250.0,262.5,382.7299273029494,-17.2964176887458,22.127699168133464,482.7299273029494
50,25,0.5,3.5,25.0,175.0,262.5,382.7299273029494,-17.2964176887458,22.127699168133464,482.7299273029494
50,25,0.5,4.0,25.0,200.0,262.5,382.7299273029494,-17.2964176887458,22.127699168133464,482.7299273029494
50,25,0.5,2.5,25.0,125.0,262.5,382.7299273029494,-17.2964176887458,22.127699168133464,482.7299273029494
50,25,0.5,3.0,25.0,150.0,262.5,382.7299273029494,-17.2964176887458,22.127699168133464,482.7299273029494
40,20,0.6,3.5,24.0,140.0,200.0,298.2659175406643,-13.659661292149408,21.835528067748363,398.2659175406643
40,20,0.6,3.0,24.0,120.00000000000001,200.0,298.2659175406643,-13.659661292149408,21.835528067748363,398.2659175406643
40,20,0.6,5.0,24.0,200.0,200.0,298.2659175406643,-13.659661292149408,21.835528067748363,398.2659175406643
40,20,0.6,4.0,24.0,160.0,200.0,298.2659175406643,-13.659661292149408,21.835528067748363,398.2659175406643
40,20,0.6,2.5,24.0,100.0,200.0,298.2659175406643,-13.659661292149408,21.835528067748363,398.2659175406643
40,20,0.6,2.0,24.0,80.0,200.0,298.2659175406643,-13.659661292149408,21.835528067748363,398.2659175406643
40,25,0.6,4.0,24.0,160.0,226.00000000000003,320.2797349312968,-14.725460372769032,21.750065996141767,420.2797349312968
40,25,0.6,3.5,24.0,140.0,226.00000000000003,320.2797349312968,-14.725460372769032,21.750065996141767,420.2797349312968
40,25,0.6,3.0,24.0,120.00000000000001,226.00000000000003,320.2797349312968,-14.725460372769032,21.750065996141767,420.2797349312968
40,25,0.6,2.5,24.0,100.0,226.00000000000003,320.2797349312968,-14.725460372769032,21.750065996141767,420.2797349312968
40,25,0.6,5.0,24.0,200.0,226.00000000000003,320.2797349312968,-14.725460372769032,21.750065996141767,420.2797349312968
40,30,0.6,2.5,24.0,100.0,244.00000000000003,343.13569333415967,-15.781417448951002,21.743021147759325,443.13569333415967
40,25,0.6,2.0,24.0,80.0,220.00000000000003,320.0911070048519,-14.725460372769032,21.73725635069301,420.0911070048519
40,30,0.6,3.0,24.0,120.00000000000001,252.0,342.55466290271323,-15.781417448951002,21.706203768501354,442.55466290271323
40,30,0.6,4.0,24.0,160.0,252.0,342.55466290271323,-15.781417448951002,21.706203768501354,442.55466290271323
40,30,0.6,3.5,24.0,140.0,252.0,342.55466290271323,-15.781417448951002,21.706203768501354,442.55466290271323
40,30,0.6,5.0,24.0,200.0,252.0,342.55466290271323,-15.781417448951002,21.706203768501354,442.55466290271323
40,30,0.6,2.0,24.0,80.0,240.00000000000003,337.6655679352041,-15.781417448951002,21.3964030181363,437.6655679352041
30,25,0.7,3.0,21.0,89.99999999999999,181.50000000000003,237.95475394302704,-11.722557691943729,20.298876763605975,337.954753943027
30,25,0.7,2.5,21.0,75.0,181.50000000000003,237.95475394302704,-11.722557691943729,20.298876763605975,337.954753943027
30,25,0.7,5.0,21.0,150.0,181.50000000000003,237.95475394302704,-11.722557691943729,20.298876763605975,337.954753943027
30,25,0.7,3.5,21.0,105.0,181.50000000000003,237.95475394302704,-11.722557691943729,20.298876763605975,337.954753943027
30,25,0.7,4.0,21.0,120.0,181.50000000000003,237.95475394302704,-11.722557691943729,20.298876763605975,337.954753943027
30,25,0.7,2.0,21.0,60.0,180.0,236.8648112459681,-11.722557691943729,20.20589853089418,336.8648112459681
30,30,0.7,2.5,21.0,75.0,195.0,252.65092316549826,-12.539118265171318,20.149018282032,352.6509231654983
30,30,0.7,3.0,21.0,89.99999999999999,201.00000000000003,252.47356481019904,-12.539118265171318,20.13487387797196,352.47356481019904
30,30,0.7,4.0,21.0,120.0,201.00000000000003,252.47356481019904,-12.539118265171318,20.13487387797196,352.47356481019904
30,30,0.7,5.0,21.0,150.0,201.00000000000003,252.47356481019904,-12.539118265171318,20.13487387797196,352.47356481019904
30,30,0.7,3.5,21.0,105.0,201.00000000000003,252.47356481019904,-12.539118265171318,20.13487387797196,352.47356481019904
30,20,0.7,3.0,21.0,89.99999999999999,165.0,223.62695050783427,-11.125325004738452,20.100711701688535,323.6269505078343
30,20,0.7,4.0,21.0,120.0,165.0,223.62695050783427,-11.125325004738452,20.100711701688535,323.6269505078343
30,20,0.7,5.0,21.0,150.0,165.0,223.62695050783427,-11.125325004738452,20.100711701688535,323.6269505078343
30,20,0.7,3.5,21.0,105.0,165.0,223.62695050783427,-11.125325004738452,20.100711701688535,323.6269505078343
30,20,0.7,2.5,21.0,75.0,165.0,223.62695050783427,-11.125325004738452,20.100711701688535,323.6269505078343
30,20,0.7,2.0,21.0,60.0,165.0,223.61588504246157,-11.125325004738452,20.099717082172432,323.61588504246157
30,15,0.7,5.0,21.0,150.0,152.99999999999997,209.5116761469439,-10.540371963384304,19.877066660906895,309.5116761469439
30,15,0.7,4.0,21.0,120.0,152.99999999999997,209.5116761469439,-10.540371963384304,19.877066660906895,309.5116761469439
30,15,0.7,3.0,21.0,89.99999999999999,152.99999999999997,209.5116761469439,-10.540371963384304,19.877066660906895,309.5116761469439
30,15,0.7,3.5,21.0,105.0,152.99999999999997,209.5116761469439,-10.540371963384304,19.877066660906895,309.5116761469439
30,15,0.7,2.5,21.0,75.0,152.99999999999997,209.5116761469439,-10.540371963384304,19.877066660906895,309.5116761469439
30,15,0.7,2.0,21.0,60.0,152.99999999999997,209.5116761469439,-10.540371963384304,19.877066660906895,309.5116761469439
40,15,0.5,3.5,20.0,140.0,160.0,233.5218960018508,-11.77200826264767,19.837048258181294,333.5218960018508
40,15,0.5,4.0,20.0,160.0,160.0,233.5218960018508,-11.77200826264767,19.837048258181294,333.5218960018508
40,15,0.5,5.0,20.0,200.0,160.0,233.5218960018508,-11.77200826264767,19.837048258181294,333.5218960018508
40,15,0.5,2.5,20.0,100.0,160.0,233.5218960018508,-11.77200826264767,19.837048258181294,333.5218960018508
40,15,0.5,2.0,20.0,80.0,160.0,233.5218960018508,-11.77200826264767,19.837048258181294,333.5218960018508
40,15,0.5,3.0,20.0,120.00000000000001,160.0,233.5218960018508,-11.77200826264767,19.837048258181294,333.5218960018508
30,30,0.7,2.0,21.0,60.0,195.0,245.88993990395434,-12.539118265171318,19.609826999314517,345.8899399039543
40,20,0.5,2.5,20.0,100.0,184.0,249.15495748209202,-12.856301312477637,19.379987402774667,349.154957482092
40,20,0.5,2.0,20.0,80.0,184.0,249.15495748209202,-12.856301312477637,19.379987402774667,349.154957482092
40,20,0.5,5.0,20.0,200.0,184.0,249.15495748209202,-12.856301312477637,19.379987402774667,349.154957482092
40,20,0.5,4.0,20.0,160.0,184.0,249.15495748209202,-12.856301312477637,19.379987402774667,349.154957482092
40,20,0.5,3.5,20.0,140.0,184.0,249.15495748209202,-12.856301312477637,19.379987402774667,349.154957482092
40,20,0.5,3.0,20.0,120.00000000000001,184.0,249.15495748209202,-12.856301312477637,19.379987402774667,349.154957482092
40,25,0.5,2.0,20.0,80.0,200.0,264.5516092519396,-13.930619461302879,18.990656516519124,364.5516092519396
40,25,0.5,3.0,20.0,120.00000000000001,210.0,264.29446240327337,-13.930619461302879,18.972197405681978,364.29446240327337
40,25,0.5,3.5,20.0,140.0,210.0,264.29446240327337,-13.930619461302879,18.972197405681978,364.29446240327337
40,25,0.5,2.5,20.0,100.0,210.0,264.29446240327337,-13.930619461302879,18.972197405681978,364.29446240327337
40,25,0.5,5.0,20.0,200.0,210.0,264.29446240327337,-13.930619461302879,18.972197405681978,364.29446240327337
40,25,0.5,4.0,20.0,160.0,210.0,264.29446240327337,-13.930619461302879,18.972197405681978,364.29446240327337
40,30,0.5,2.5,20.0,100.0,232.00000000000003,284.4857637817187,-14.995023616019957,18.97201171979402,384.4857637817187
30,15,0.6,3.5,18.0,105.0,135.0,179.3512378204993,-9.457258253628751,18.964400993457296,279.3512378204993
30,15,0.6,2.0,18.0,60.0,135.0,179.3512378204993,-9.457258253628751,18.964400993457296,279.3512378204993
30,15,0.6,2.5,18.0,75.0,135.0,179.3512378204993,-9.457258253628751,18.964400993457296,279.3512378204993
30,15,0.6,4.0,18.0,120.0,135.0,179.3512378204993,-9.457258253628751,18.964400993457296,279.3512378204993
30,15,0.6,5.0,18.0,150.0,135.0,179.3512378204993,-9.457258253628751,18.964400993457296,279.3512378204993
30,15,0.6,3.0,18.0,89.99999999999999,135.0,179.3512378204993,-9.457258253628751,18.964400993457296,279.3512378204993
40,30,0.5,3.0,20.0,120.00000000000001,236.0,284.27836925107596,-14.995023616019957,18.958180829229686,384.27836925107596
40,30,0.5,4.0,20.0,160.0,236.0,284.27836925107596,-14.995023616019957,18.958180829229686,384.27836925107596
40,30,0.5,5.0,20.0,200.0,236.0,284.27836925107596,-14.995023616019957,18.958180829229686,384.27836925107596
40,30,0.5,3.5,20.0,140.0,236.0,284.27836925107596,-14.995023616019957,18.958180829229686,384.27836925107596
40,30,0.5,2.0,20.0,80.0,224.00000000000003,283.0434895722512,-14.995023616019957,18.875828196086417,383.0434895722512
30,20,0.6,3.0,18.0,89.99999999999999,150.0,189.5073892418793,-10.290058657705842,18.416550920238368,289.5073892418793
30,20,0.6,3.5,18.0,105.0,150.0,189.5073892418793,-10.290058657705842,18.416550920238368,289.5073892418793
30,20,0.6,2.0,18.0,60.0,150.0,189.5073892418793,-10.290058657705842,18.416550920238368,289.5073892418793
30,20,0.6,2.5,18.0,75.0,150.0,189.5073892418793,-10.290058657705842,18.416550920238368,289.5073892418793
30,20,0.6,5.0,18.0,150.0,150.0,189.5073892418793,-10.290058657705842,18.416550920238368,289.5073892418793
30,20,0.6,4.0,18.0,120.0,150.0,189.5073892418793,-10.290058657705842,18.416550920238368,289.5073892418793
25,25,0.7,4.0,17.5,100.0,151.25000000000003,180.13915065533524,-9.833669212813843,18.31860994679417,280.13915065533524
25,25,0.7,5.0,17.5,125.0,151.25000000000003,180.13915065533524,-9.833669212813843,18.31860994679417,280.13915065533524
25,25,0.7,2.5,17.5,62.5,151.25000000000003,180.13915065533524,-9.833669212813843,18.31860994679417,280.13915065533524
25,25,0.7,3.5,17.5,87.5,151.25000000000003,180.13915065533524,-9.833669212813843,18.31860994679417,280.13915065533524
25,25,0.7,3.0,17.5,75.0,151.25000000000003,180.13915065533524,-9.833669212813843,18.31860994679417,280.13915065533524
30,25,0.6,3.0,18.0,89.99999999999999,169.5,202.64088503500227,-11.117128791111478,18.22780763294031,302.64088503500227
30,25,0.6,4.0,18.0,120.0,169.5,202.64088503500227,-11.117128791111478,18.22780763294031,302.64088503500227
30,25,0.6,3.5,18.0,105.0,169.5,202.64088503500227,-11.117128791111478,18.22780763294031,302.64088503500227
30,25,0.6,2.5,18.0,75.0,169.5,202.64088503500227,-11.117128791111478,18.22780763294031,302.64088503500227
30,25,0.6,5.0,18.0,150.0,169.5,202.64088503500227,-11.117128791111478,18.22780763294031,302.64088503500227
25,25,0.7,2.0,17.5,50.0,150.0,179.11480966955696,-9.833669212813843,18.214443235100887,279.11480966955696
30,25,0.6,2.0,18.0,60.0,165.0,202.08111850503744,-11.117128791111478,18.17745591529066,302.0811185050374
25,30,0.7,5.0,17.5,125.0,167.5,190.71724200425348,-10.493477213584008,18.174837389208445,290.7172420042535
25,30,0.7,4.0,17.5,100.0,167.5,190.71724200425348,-10.493477213584008,18.174837389208445,290.7172420042535
25,30,0.7,3.5,17.5,87.5,167.5,190.71724200425348,-10.493477213584008,18.174837389208445,290.7172420042535
25,30,0.7,3.0,17.5,75.0,167.5,190.71724200425348,-10.493477213584008,18.174837389208445,290.7172420042535
25,30,0.7,2.5,17.5,62.5,162.5,190.68511467783702,-10.493477213584008,18.171775741885778,290.685114677837
25,20,0.7,2.5,17.5,62.5,137.49999999999997,169.70399711131364,-9.341022894382398,18.167603166177017,269.70399711131364
25,20,0.7,4.0,17.5,100.0,137.49999999999997,169.70399711131364,-9.341022894382398,18.167603166177017,269.70399711131364
25,20,0.7,3.5,17.5,87.5,137.49999999999997,169.70399711131364,-9.341022894382398,18.167603166177017,269.70399711131364
25,20,0.7,5.0,17.5,125.0,137.49999999999997,169.70399711131364,-9.341022894382398,18.167603166177017,269.70399711131364
25,20,0.7,3.0,17.5,75.0,137.49999999999997,169.70399711131364,-9.341022894382398,18.167603166177017,269.70399711131364
25,20,0.7,2.0,17.5,50.0,137.49999999999997,169.65548836732358,-9.341022894382398,18.16241007923798,269.6554883673236
30,30,0.6,2.5,18.0,75.0,183.0,216.0308919667255,-11.938494832614452,18.095320640970296,316.0308919667255
30,30,0.6,3.0,18.0,89.99999999999999,189.0,215.96781491498328,-11.938494832614452,18.09003713977298,315.9678149149833
30,30,0.6,4.0,18.0,120.0,189.0,215.96781491498328,-11.938494832614452,18.09003713977298,315.9678149149833
30,30,0.6,3.5,18.0,105.0,189.0,215.96781491498328,-11.938494832614452,18.09003713977298,315.9678149149833
30,30,0.6,5.0,18.0,150.0,189.0,215.96781491498328,-11.938494832614452,18.09003713977298,315.9678149149833
25,15,0.7,5.0,17.5,125.0,127.49999999999999,159.42189798705647,-8.84636612525138,18.021173409497145,259.42189798705647
25,15,0.7,4.0,17.5,100.0,127.49999999999999,159.42189798705647,-8.84636612525138,18.021173409497145,259.42189798705647
25,15,0.7,2.5,17.5,62.5,127.49999999999999,159.42189798705647,-8.84636612525138,18.021173409497145,259.42189798705647
25,15,0.7,2.0,17.5,50.0,127.49999999999999,159.42189798705647,-8.84636612525138,18.021173409497145,259.42189798705647
25,15,0.7,3.5,17.5,87.5,127.49999999999999,159.42189798705647,-8.84636612525138,18.021173409497145,259.42189798705647
25,15,0.7,3.0,17.5,75.0,127.49999999999999,159.42189798705647,-8.84636612525138,18.021173409497145,259.42189798705647
30,30,0.6,2.0,18.0,60.0,179.99999999999997,212.128372653796,-11.938494832614452,17.768435269937733,312.128372653796
25,30,0.7,2.0,17.5,50.0,162.5,185.58090251497822,-10.493477213584008,17.685358126545523,285.5809025149782
25,15,0.6,2.5,15.0,62.5,112.5,137.71425051118243,-7.887369578011537,17.460098598029838,237.71425051118243
25,15,0.6,5.0,15.0,125.0,112.5,137.71425051118243,-7.887369578011537,17.460098598029838,237.71425051118243
25,15,0.6,4.0,15.0,100.0,112.5,137.71425051118243,-7.887369578011537,17.460098598029838,237.71425051118243
25,15,0.6,2.0,15.0,50.0,112.5,137.71425051118243,-7.887369578011537,17.460098598029838,237.71425051118243
25,15,0.6,3.0,15.0,75.0,112.5,137.71425051118243,-7.887369578011537,17.460098598029838,237.71425051118243
25,15,0.6,3.5,15.0,87.5,112.5,137.71425051118243,-7.887369578011537,17.460098598029838,237.71425051118243
30,15,0.5,4.0,15.0,120.0,120.00000000000001,151.5340741826173,-8.844538709779197,17.133066986870627,251.5340741826173
30,15,0.5,5.0,15.0,150.0,120.00000000000001,151.5340741826173,-8.844538709779197,17.133066986870627,251.5340741826173
30,15,0.5,3.5,15.0,105.0,120.00000000000001,151.5340741826173,-8.844538709779197,17.133066986870627,251.5340741826173
30,15,0.5,3.0,15.0,89.99999999999999,120.00000000000001,151.5340741826173,-8.844538709779197,17.133066986870627,251.5340741826173
30,15,0.5,2.5,15.0,75.0,120.00000000000001,151.5340741826173,-8.844538709779197,17.133066986870627,251.5340741826173
30,15,0.5,2.0,15.0,60.0,120.00000000000001,151.5340741826173,-8.844538709779197,17.133066986870627,251.5340741826173
25,20,0.6,2.0,15.0,50.0,125.0,145.26235318667534,-8.592251766850644,16.906203068572207,245.26235318667534
25,20,0.6,3.0,15.0,75.0,125.0,145.26235318667534,-8.592251766850644,16.906203068572207,245.26235318667534
25,20,0.6,4.0,15.0,100.0,125.0,145.26235318667534,-8.592251766850644,16.906203068572207,245.26235318667534
25,20,0.6,3.5,15.0,87.5,125.0,145.26235318667534,-8.592251766850644,16.906203068572207,245.26235318667534
25,20,0.6,2.5,15.0,62.5,125.0,145.26235318667534,-8.592251766850644,16.906203068572207,245.26235318667534
25,20,0.6,5.0,15.0,125.0,125.0,145.26235318667534,-8.592251766850644,16.906203068572207,245.26235318667534
25,25,0.6,5.0,15.0,125.0,141.25,154.94218849169098,-9.29309883303165,16.672822626286955,254.94218849169098
25,25,0.6,4.0,15.0,100.0,141.25,154.94218849169098,-9.29309883303165,16.672822626286955,254.94218849169098
25,25,0.6,3.5,15.0,87.5,141.25,154.94218849169098,-9.29309883303165,16.672822626286955,254.94218849169098
25,25,0.6,2.5,15.0,62.5,141.25,154.94218849169098,-9.29309883303165,16.672822626286955,254.94218849169098
25,25,0.6,3.0,15.0,75.0,141.25,154.94218849169098,-9.29309883303165,16.672822626286955,254.94218849169098
30,20,0.5,3.0,15.0,89.99999999999999,137.99999999999997,161.15549000102885,-9.682183357764789,16.644540187496812,261.15549000102885
30,20,0.5,5.0,15.0,150.0,137.99999999999997,161.15549000102885,-9.682183357764789,16.644540187496812,261.15549000102885
30,20,0.5,3.5,15.0,105.0,137.99999999999997,161.15549000102885,-9.682183357764789,16.644540187496812,261.15549000102885
30,20,0.5,2.0,15.0,60.0,137.99999999999997,161.15549000102885,-9.682183357764789,16.644540187496812,261.15549000102885
30,20,0.5,2.5,15.0,75.0,137.99999999999997,161.15549000102885,-9.682183357764789,16.644540187496812,261.15549000102885
30,20,0.5,4.0,15.0,120.0,137.99999999999997,161.15549000102885,-9.682183357764789,16.644540187496812,261.15549000102885
25,25,0.6,2.0,15.0,50.0,137.5,154.38334520401102,-9.29309883303165,16.612687326133514,254.38334520401102
20,25,0.7,2.5,13.999999999999998,50.0,121.00000000000001,130.84759763464814,-7.929479689972278,16.501410275395457,230.84759763464814
20,25,0.7,3.5,13.999999999999998,70.0,121.00000000000001,130.84759763464814,-7.929479689972278,16.501410275395457,230.84759763464814
20,25,0.7,4.0,13.999999999999998,80.0,121.00000000000001,130.84759763464814,-7.929479689972278,16.501410275395457,230.84759763464814
20,25,0.7,5.0,13.999999999999998,100.0,121.00000000000001,130.84759763464814,-7.929479689972278,16.501410275395457,230.84759763464814
20,25,0.7,3.0,13.999999999999998,60.00000000000001,121.00000000000001,130.84759763464814,-7.929479689972278,16.501410275395457,230.84759763464814
25,30,0.6,5.0,15.0,125.0,157.5,164.76396770523758,-9.989926125101688,16.49301162410352,264.7639677052376
25,30,0.6,3.0,15.0,75.0,157.5,164.76396770523758,-9.989926125101688,16.49301162410352,264.7639677052376
25,30,0.6,4.0,15.0,100.0,157.5,164.76396770523758,-9.989926125101688,16.49301162410352,264.7639677052376
25,30,0.6,3.5,15.0,87.5,157.5,164.76396770523758,-9.989926125101688,16.49301162410352,264.7639677052376
25,30,0.6,2.5,15.0,62.5,152.5,164.71886751229886,-9.989926125101688,16.488497056891116,264.71886751229886
20,20,0.7,3.5,13.999999999999998,70.0,109.99999999999999,123.59970448970276,-7.529231354324062,16.415979091772634,223.59970448970276
20,20,0.7,4.0,13.999999999999998,80.0,109.99999999999999,123.59970448970276,-7.529231354324062,16.415979091772634,223.59970448970276
20,20,0.7,5.0,13.999999999999998,100.0,109.99999999999999,123.59970448970276,-7.529231354324062,16.415979091772634,223.59970448970276
20,20,0.7,3.0,13.999999999999998,60.00000000000001,109.99999999999999,123.59970448970276,-7.529231354324062,16.415979091772634,223.59970448970276
20,20,0.7,2.5,13.999999999999998,50.0,109.99999999999999,123.59970448970276,-7.529231354324062,16.415979091772634,223.59970448970276
20,20,0.7,2.0,13.999999999999998,40.0,109.99999999999999,123.53990615590007,-7.529231354324062,16.40803693526441,223.53990615590007
20,30,0.7,5.0,13.999999999999998,100.0,134.0,138.18979186540986,-8.42912127645942,16.39432953128126,238.18979186540986
20,30,0.7,3.0,13.999999999999998,60.00000000000001,134.0,138.18979186540986,-8.42912127645942,16.39432953128126,238.18979186540986
20,30,0.7,3.5,13.999999999999998,70.0,134.0,138.18979186540986,-8.42912127645942,16.39432953128126,238.18979186540986
20,30,0.7,4.0,13.999999999999998,80.0,134.0,138.18979186540986,-8.42912127645942,16.39432953128126,238.18979186540986
20,25,0.7,2.0,13.999999999999998,40.0,120.0,129.9887317499424,-7.929479689972278,16.39309725634682,229.9887317499424
20,30,0.7,2.5,13.999999999999998,50.0,130.00000000000003,138.06551741914214,-8.42912127645942,16.37958606726031,238.06551741914214
20,15,0.7,3.5,13.999999999999998,70.0,102.0,116.45023542920967,-7.127682006647178,16.337742806232065,216.45023542920967
20,15,0.7,3.0,13.999999999999998,60.00000000000001,102.0,116.45023542920967,-7.127682006647178,16.337742806232065,216.45023542920967
20,15,0.7,4.0,13.999999999999998,80.0,102.0,116.45023542920967,-7.127682006647178,16.337742806232065,216.45023542920967
20,15,0.7,5.0,13.999999999999998,100.0,102.0,116.45023542920967,-7.127682006647178,16.337742806232065,216.45023542920967
20,15,0.7,2.0,13.999999999999998,40.0,102.0,116.45023542920967,-7.127682006647178,16.337742806232065,216.45023542920967
20,15,0.7,2.5,13.999999999999998,50.0,102.0,116.45023542920967,-7.127682006647178,16.337742806232065,216.45023542920967
30,25,0.5,3.0,15.0,89.99999999999999,157.5,170.567045408833,-10.514067139848898,16.22274645387934,270.567045408833
30,25,0.5,2.5,15.0,75.0,157.5,170.567045408833,-10.514067139848898,16.22274645387934,270.567045408833
30,25,0.5,5.0,15.0,150.0,157.5,170.567045408833,-10.514067139848898,16.22274645387934,270.567045408833
30,25,0.5,4.0,15.0,120.0,157.5,170.567045408833,-10.514067139848898,16.22274645387934,270.567045408833
30,25,0.5,3.5,15.0,105.0,157.5,170.567045408833,-10.514067139848898,16.22274645387934,270.567045408833
30,25,0.5,2.0,15.0,60.0,150.0,170.48725893206625,-10.514067139848898,16.21515790839019,270.48725893206625
25,30,0.6,2.0,15.0,50.0,150.0,161.63940166759738,-9.989926125101688,16.180239938055802,261.6394016675974
30,30,0.5,2.5,15.0,75.0,174.0,182.7859345108372,-11.340216385847642,16.11838154507795,282.7859345108372
30,30,0.5,5.0,15.0,150.0,176.99999999999997,182.7770912338919,-11.340216385847642,16.117601729539654,282.7770912338919
30,30,0.5,3.0,15.0,89.99999999999999,176.99999999999997,182.7770912338919,-11.340216385847642,16.117601729539654,282.7770912338919
30,30,0.5,3.5,15.0,105.0,176.99999999999997,182.7770912338919,-11.340216385847642,16.117601729539654,282.7770912338919
30,30,0.5,4.0,15.0,120.0,176.99999999999997,182.7770912338919,-11.340216385847642,16.117601729539654,282.7770912338919
20,15,0.6,3.5,12.0,70.0,90.00000000000001,101.51328407338428,-6.314015094490827,16.077453498956274,201.51328407338428
20,15,0.6,3.0,12.0,60.00000000000001,90.00000000000001,101.51328407338428,-6.314015094490827,16.077453498956274,201.51328407338428
20,15,0.6,5.0,12.0,100.0,90.00000000000001,101.51328407338428,-6.314015094490827,16.077453498956274,201.51328407338428
20,15,0.6,4.0,12.0,80.0,90.00000000000001,101.51328407338428,-6.314015094490827,16.077453498956274,201.51328407338428
20,15,0.6,2.0,12.0,40.0,90.00000000000001,101.51328407338428,-6.314015094490827,16.077453498956274,201.51328407338428
20,15,0.6,2.5,12.0,50.0,90.00000000000001,101.51328407338428,-6.314015094490827,16.077453498956274,201.51328407338428
30,30,0.5,2.0,15.0,60.0,168.0,181.26006921745926,-11.340216385847642,15.983828090235397,281.26006921745926
20,30,0.7,2.0,13.999999999999998,40.0,130.00000000000003,134.40924612440799,-8.42912127645942,15.945819465165584,234.40924612440799
25,15,0.5,4.0,12.5,100.0,100.0,117.43723645970883,-7.375512911851538,15.922585705327924,217.43723645970883
25,15,0.5,5.0,12.5,125.0,100.0,117.43723645970883,-7.375512911851538,15.922585705327924,217.43723645970883
25,15,0.5,2.0,12.5,50.0,100.0,117.43723645970883,-7.375512911851538,15.922585705327924,217.43723645970883
25,15,0.5,2.5,12.5,62.5,100.0,117.43723645970883,-7.375512911851538,15.922585705327924,217.43723645970883
25,15,0.5,3.0,12.5,75.0,100.0,117.43723645970883,-7.375512911851538,15.922585705327924,217.43723645970883
25,15,0.5,3.5,12.5,87.5,100.0,117.43723645970883,-7.375512911851538,15.922585705327924,217.43723645970883
20,20,0.6,2.0,12.0,40.0,100.0,106.87044355859103,-6.8866426020819285,15.518511665798165,206.87044355859103
20,20,0.6,2.5,12.0,50.0,100.0,106.87044355859103,-6.8866426020819285,15.518511665798165,206.87044355859103
20,20,0.6,5.0,12.0,100.0,100.0,106.87044355859103,-6.8866426020819285,15.518511665798165,206.87044355859103
20,20,0.6,4.0,12.0,80.0,100.0,106.87044355859103,-6.8866426020819285,15.518511665798165,206.87044355859103
20,20,0.6,3.5,12.0,70.0,100.0,106.87044355859103,-6.8866426020819285,15.518511665798165,206.87044355859103
20,20,0.6,3.0,12.0,60.00000000000001,100.0,106.87044355859103,-6.8866426020819285,15.518511665798165,206.87044355859103
25,20,0.5,5.0,12.5,125.0,114.99999999999999,124.65389756079259,-8.083761269485363,15.420284370759063,224.6538975607926
25,20,0.5,4.0,12.5,100.0,114.99999999999999,124.65389756079259,-8.083761269485363,15.420284370759063,224.6538975607926
25,20,0.5,3.5,12.5,87.5,114.99999999999999,124.65389756079259,-8.083761269485363,15.420284370759063,224.6538975607926
25,20,0.5,3.0,12.5,75.0,114.99999999999999,124.65389756079259,-8.083761269485363,15.420284370759063,224.6538975607926
25,20,0.5,2.5,12.5,62.5,114.99999999999999,124.65389756079259,-8.083761269485363,15.420284370759063,224.6538975607926
25,20,0.5,2.0,12.5,50.0,114.99999999999999,124.65389756079259,-8.083761269485363,15.420284370759063,224.6538975607926
20,25,0.6,3.5,12.0,70.0,113.00000000000001,113.68122601798893,-7.456651885843102,15.245612609838943,213.68122601798893
20,25,0.6,2.5,12.0,50.0,113.00000000000001,113.68122601798893,-7.456651885843102,15.245612609838943,213.68122601798893
20,25,0.6,4.0,12.0,80.0,113.00000000000001,113.68122601798893,-7.456651885843102,15.245612609838943,213.68122601798893
20,25,0.6,3.0,12.0,60.00000000000001,113.00000000000001,113.68122601798893,-7.456651885843102,15.245612609838943,213.68122601798893
20,25,0.6,5.0,12.0,100.0,113.00000000000001,113.68122601798893,-7.456651885843102,15.245612609838943,213.68122601798893
20,25,0.6,2.0,12.0,40.0,110.00000000000001,113.19270472938821,-7.456651885843102,15.180097778775393,213.1927047293882
20,30,0.6,5.0,12.0,100.0,126.0,120.58482866892692,-8.024050906221373,15.027924184208826,220.58482866892692
20,30,0.6,4.0,12.0,80.0,126.0,120.58482866892692,-8.024050906221373,15.027924184208826,220.58482866892692
20,30,0.6,3.0,12.0,60.00000000000001,126.0,120.58482866892692,-8.024050906221373,15.027924184208826,220.58482866892692
20,30,0.6,3.5,12.0,70.0,126.0,120.58482866892692,-8.024050906221373,15.027924184208826,220.58482866892692
20,30,0.6,2.5,12.0,50.0,122.00000000000001,120.4940915564178,-8.024050906221373,15.016616041530074,220.4940915564178
25,25,0.5,4.0,12.5,100.0,131.25,131.7373791769314,-8.787956800341338,14.990672140288003,231.7373791769314
25,25,0.5,3.5,12.5,87.5,131.25,131.7373791769314,-8.787956800341338,14.990672140288003,231.7373791769314
25,25,0.5,5.0,12.5,125.0,131.25,131.7373791769314,-8.787956800341338,14.990672140288003,231.7373791769314
25,25,0.5,2.5,12.5,62.5,131.25,131.7373791769314,-8.787956800341338,14.990672140288003,231.7373791769314
25,25,0.5,3.0,12.5,75.0,131.25,131.7373791769314,-8.787956800341338,14.990672140288003,231.7373791769314
25,25,0.5,2.0,12.5,50.0,125.0,131.59878404612022,-8.787956800341338,14.974901110234033,231.59878404612022
15,25,0.7,3.0,10.5,44.99999999999999,90.75000000000001,89.07852454127752,-5.994437419403741,14.86019759801547,189.07852454127752
15,25,0.7,2.5,10.5,37.5,90.75000000000001,89.07852454127752,-5.994437419403741,14.86019759801547,189.07852454127752
15,25,0.7,4.0,10.5,60.0,90.75000000000001,89.07852454127752,-5.994437419403741,14.86019759801547,189.07852454127752
15,25,0.7,3.5,10.5,52.5,90.75000000000001,89.07852454127752,-5.994437419403741,14.86019759801547,189.07852454127752
15,25,0.7,5.0,10.5,75.0,90.75000000000001,89.07852454127752,-5.994437419403741,14.86019759801547,189.07852454127752
25,30,0.5,5.0,12.5,125.0,147.5,140.845008895696,-9.488114925870889,14.844361603553006,240.845008895696
25,30,0.5,4.0,12.5,100.0,147.5,140.845008895696,-9.488114925870889,14.844361603553006,240.845008895696
25,30,0.5,3.0,12.5,75.0,147.5,140.845008895696,-9.488114925870889,14.844361603553006,240.845008895696
25,30,0.5,3.5,12.5,87.5,147.5,140.845008895696,-9.488114925870889,14.844361603553006,240.845008895696
25,30,0.5,2.5,12.5,62.5,145.0,140.812757863959,-9.488114925870889,14.840962505630083,240.812757863959
15,20,0.7,4.0,10.5,60.0,82.5,84.39030671099465,-5.6895963252626,14.832389133881069,184.39030671099465
15,20,0.7,3.0,10.5,44.99999999999999,82.5,84.39030671099465,-5.6895963252626,14.832389133881069,184.39030671099465
15,20,0.7,5.0,10.5,75.0,82.5,84.39030671099465,-5.6895963252626,14.832389133881069,184.39030671099465
15,20,0.7,2.5,10.5,37.5,82.5,84.39030671099465,-5.6895963252626,14.832389133881069,184.39030671099465
15,20,0.7,3.5,10.5,52.5,82.5,84.39030671099465,-5.6895963252626,14.832389133881069,184.39030671099465
15,20,0.7,2.0,10.5,30.0,82.5,84.33587474032433,-5.6895963252626,14.82282220372319,184.33587474032433
15,15,0.7,2.0,10.5,30.0,76.49999999999999,79.75636205770371,-5.3840152704761435,14.813546777078576,179.7563620577037
15,15,0.7,2.5,10.5,37.5,76.49999999999999,79.75636205770371,-5.3840152704761435,14.813546777078576,179.7563620577037
15,15,0.7,4.0,10.5,60.0,76.49999999999999,79.75636205770371,-5.3840152704761435,14.813546777078576,179.7563620577037
15,15,0.7,3.0,10.5,44.99999999999999,76.49999999999999,79.75636205770371,-5.3840152704761435,14.813546777078576,179.7563620577037
15,15,0.7,3.5,10.5,52.5,76.49999999999999,79.75636205770371,-5.3840152704761435,14.813546777078576,179.7563620577037
15,15,0.7,5.0,10.5,75.0,76.49999999999999,79.75636205770371,-5.3840152704761435,14.813546777078576,179.7563620577037
20,15,0.5,5.0,10.0,100.0,80.0,87.37234904815617,-5.903693826426197,14.799607096333286,187.37234904815617
20,15,0.5,2.5,10.0,50.0,80.0,87.37234904815617,-5.903693826426197,14.799607096333286,187.37234904815617
20,15,0.5,2.0,10.0,40.0,80.0,87.37234904815617,-5.903693826426197,14.799607096333286,187.37234904815617
20,15,0.5,3.5,10.0,70.0,80.0,87.37234904815617,-5.903693826426197,14.799607096333286,187.37234904815617
20,15,0.5,4.0,10.0,80.0,80.0,87.37234904815617,-5.903693826426197,14.799607096333286,187.37234904815617
20,15,0.5,3.0,10.0,60.00000000000001,80.0,87.37234904815617,-5.903693826426197,14.799607096333286,187.37234904815617
15,30,0.7,4.0,10.5,60.0,100.50000000000001,93.81966422796935,-6.346797991446834,14.782204247622817,193.81966422796935
15,30,0.7,5.0,10.5,75.0,100.50000000000001,93.81966422796935,-6.346797991446834,14.782204247622817,193.81966422796935
15,30,0.7,3.5,10.5,52.5,100.50000000000001,93.81966422796935,-6.346797991446834,14.782204247622817,193.81966422796935
15,30,0.7,3.0,10.5,44.99999999999999,100.50000000000001,93.81966422796935,-6.346797991446834,14.782204247622817,193.81966422796935
15,30,0.7,2.5,10.5,37.5,97.5,93.67932250350117,-6.346797991446834,14.760092038496685,193.67932250350117
15,25,0.7,2.0,10.5,30.0,90.0,88.43504270571918,-5.994437419403741,14.752851104835742,188.43504270571918
15,15,0.6,3.5,9.0,52.5,67.5,70.16121334043902,-4.760855393555369,14.737102377739555,170.16121334043902
15,15,0.6,5.0,9.0,75.0,67.5,70.16121334043902,-4.760855393555369,14.737102377739555,170.16121334043902
15,15,0.6,4.0,9.0,60.0,67.5,70.16121334043902,-4.760855393555369,14.737102377739555,170.16121334043902
15,15,0.6,3.0,9.0,44.99999999999999,67.5,70.16121334043902,-4.760855393555369,14.737102377739555,170.16121334043902
15,15,0.6,2.5,9.0,37.5,67.5,70.16121334043902,-4.760855393555369,14.737102377739555,170.16121334043902
15,15,0.6,2.0,9.0,30.0,67.5,70.16121334043902,-4.760855393555369,14.737102377739555,170.16121334043902
20,30,0.6,2.0,12.0,40.0,120.00000000000001,118.19801879408448,-8.024050906221373,14.730467213566747,218.19801879408448
25,30,0.5,2.0,12.5,50.0,140.0,139.4616772777627,-9.488114925870889,14.698565349108257,239.4616772777627
15,30,0.7,2.0,10.5,30.0,97.5,91.25085650427769,-6.346797991446834,14.377463506361872,191.2508565042777
20,20,0.5,5.0,10.0,100.0,92.0,92.54672722446111,-6.478476207020294,14.285261574963318,192.5467272244611
20,20,0.5,4.0,10.0,80.0,92.0,92.54672722446111,-6.478476207020294,14.285261574963318,192.5467272244611
20,20,0.5,3.0,10.0,60.00000000000001,92.0,92.54672722446111,-6.478476207020294,14.285261574963318,192.5467272244611
20,20,0.5,3.5,10.0,70.0,92.0,92.54672722446111,-6.478476207020294,14.285261574963318,192.5467272244611
20,20,0.5,2.0,10.0,40.0,92.0,92.54672722446111,-6.478476207020294,14.285261574963318,192.5467272244611
20,20,0.5,2.5,10.0,50.0,92.0,92.54672722446111,-6.478476207020294,14.285261574963318,192.5467272244611
15,20,0.6,3.5,9.0,52.5,75.0,73.70714012771901,-5.173907099757972,14.245934205344916,173.70714012771901
15,20,0.6,3.0,9.0,44.99999999999999,75.0,73.70714012771901,-5.173907099757972,14.245934205344916,173.70714012771901
15,20,0.6,5.0,9.0,75.0,75.0,73.70714012771901,-5.173907099757972,14.245934205344916,173.70714012771901
15,20,0.6,4.0,9.0,60.0,75.0,73.70714012771901,-5.173907099757972,14.245934205344916,173.70714012771901
15,20,0.6,2.5,9.0,37.5,75.0,73.70714012771901,-5.173907099757972,14.245934205344916,173.70714012771901
15,20,0.6,2.0,9.0,30.0,75.0,73.70714012771901,-5.173907099757972,14.245934205344916,173.70714012771901
15,25,0.6,3.0,9.0,44.99999999999999,84.75,78.17457938013769,-5.608435936902361,13.938748745575383,178.1745793801377
15,25,0.6,3.5,9.0,52.5,84.75,78.17457938013769,-5.608435936902361,13.938748745575383,178.1745793801377
15,25,0.6,5.0,9.0,75.0,84.75,78.17457938013769,-5.608435936902361,13.938748745575383,178.1745793801377
15,25,0.6,2.5,9.0,37.5,84.75,78.17457938013769,-5.608435936902361,13.938748745575383,178.1745793801377
15,25,0.6,4.0,9.0,60.0,84.75,78.17457938013769,-5.608435936902361,13.938748745575383,178.1745793801377
15,25,0.6,2.0,9.0,30.0,82.5,77.79616163895247,-5.608435936902361,13.871275791360945,177.79616163895247
20,25,0.5,4.0,10.0,80.0,105.0,97.63797027111366,-7.050631302919294,13.84811743463127,197.63797027111366
20,25,0.5,3.5,10.0,70.0,105.0,97.63797027111366,-7.050631302919294,13.84811743463127,197.63797027111366
20,25,0.5,3.0,10.0,60.00000000000001,105.0,97.63797027111366,-7.050631302919294,13.84811743463127,197.63797027111366
20,25,0.5,5.0,10.0,100.0,105.0,97.63797027111366,-7.050631302919294,13.84811743463127,197.63797027111366
20,25,0.5,2.5,10.0,50.0,105.0,97.63797027111366,-7.050631302919294,13.84811743463127,197.63797027111366
20,25,0.5,2.0,10.0,40.0,100.0,97.48667270950975,-7.050631302919294,13.826658709149301,197.48667270950975
15,15,0.5,2.5,7.5,37.5,60.00000000000001,60.94801930227221,-4.429647818868496,13.759111738558191,160.9480193022722
15,15,0.5,2.0,7.5,30.0,60.00000000000001,60.94801930227221,-4.429647818868496,13.759111738558191,160.9480193022722
15,15,0.5,5.0,7.5,75.0,60.00000000000001,60.94801930227221,-4.429647818868496,13.759111738558191,160.9480193022722
15,15,0.5,4.0,7.5,60.0,60.00000000000001,60.94801930227221,-4.429647818868496,13.759111738558191,160.9480193022722
15,15,0.5,3.0,7.5,44.99999999999999,60.00000000000001,60.94801930227221,-4.429647818868496,13.759111738558191,160.9480193022722
15,15,0.5,3.5,7.5,52.5,60.00000000000001,60.94801930227221,-4.429647818868496,13.759111738558191,160.9480193022722
15,30,0.6,5.0,9.0,75.0,94.5,82.69400253922964,-6.041475293833717,13.687716744225037,182.69400253922964
15,30,0.6,4.0,9.0,60.0,94.5,82.69400253922964,-6.041475293833717,13.687716744225037,182.69400253922964
15,30,0.6,3.0,9.0,44.99999999999999,94.5,82.69400253922964,-6.041475293833717,13.687716744225037,182.69400253922964
15,30,0.6,3.5,9.0,52.5,94.5,82.69400253922964,-6.041475293833717,13.687716744225037,182.69400253922964
15,30,0.6,2.5,9.0,37.5,91.5,82.59909839244133,-6.041475293833717,13.672007974069977,182.59909839244133
20,30,0.5,5.0,10.0,100.0,118.0,104.12370199916138,-7.6201671044494965,13.66422816874481,204.1237019991614
20,30,0.5,3.0,10.0,60.00000000000001,118.0,104.12370199916138,-7.6201671044494965,13.66422816874481,204.1237019991614
20,30,0.5,3.5,10.0,70.0,118.0,104.12370199916138,-7.6201671044494965,13.66422816874481,204.1237019991614
20,30,0.5,4.0,10.0,80.0,118.0,104.12370199916138,-7.6201671044494965,13.66422816874481,204.1237019991614
20,30,0.5,2.5,10.0,50.0,116.00000000000001,104.07518983984127,-7.6201671044494965,13.657861883248028,204.07518983984127
20,30,0.5,2.0,10.0,40.0,112.00000000000001,102.97270250738745,-7.6201671044494965,13.513181679081631,202.97270250738745
15,30,0.6,2.0,9.0,30.0,89.99999999999999,81.01648080569032,-6.041475293833717,13.410049179275877,181.01648080569032
15,20,0.5,2.5,7.5,37.5,68.99999999999999,64.4114640851036,-4.866881475469268,13.23464818483031,164.4114640851036
15,20,0.5,2.0,7.5,30.0,68.99999999999999,64.4114640851036,-4.866881475469268,13.23464818483031,164.4114640851036
15,20,0.5,4.0,7.5,60.0,68.99999999999999,64.4114640851036,-4.866881475469268,13.23464818483031,164.4114640851036
15,20,0.5,5.0,7.5,75.0,68.99999999999999,64.4114640851036,-4.866881475469268,13.23464818483031,164.4114640851036
15,20,0.5,3.0,7.5,44.99999999999999,68.99999999999999,64.4114640851036,-4.866881475469268,13.23464818483031,164.4114640851036
15,20,0.5,3.5,7.5,52.5,68.99999999999999,64.4114640851036,-4.866881475469268,13.23464818483031,164.4114640851036
15,25,0.5,5.0,7.5,75.0,78.75,67.82426647813298,-5.302618430669005,12.790712242437541,167.82426647813298
15,25,0.5,2.5,7.5,37.5,78.75,67.82426647813298,-5.302618430669005,12.790712242437541,167.82426647813298
15,25,0.5,3.5,7.5,52.5,78.75,67.82426647813298,-5.302618430669005,12.790712242437541,167.82426647813298
15,25,0.5,3.0,7.5,44.99999999999999,78.75,67.82426647813298,-5.302618430669005,12.790712242437541,167.82426647813298
15,25,0.5,4.0,7.5,60.0,78.75,67.82426647813298,-5.302618430669005,12.790712242437541,167.82426647813298
15,25,0.5,2.0,7.5,30.0,75.0,67.69107339231493,-5.302618430669005,12.765593881092192,167.69107339231493
15,30,0.5,4.0,7.5,60.0,88.49999999999999,72.13027156329332,-5.7368620953418,12.573122791614852,172.13027156329332
15,30,0.5,5.0,7.5,75.0,88.49999999999999,72.13027156329332,-5.7368620953418,12.573122791614852,172.13027156329332
15,30,0.5,3.0,7.5,44.99999999999999,88.49999999999999,72.13027156329332,-5.7368620953418,12.573122791614852,172.13027156329332
15,30,0.5,3.5,7.5,52.5,88.49999999999999,72.13027156329332,-5.7368620953418,12.573122791614852,172.13027156329332
15,30,0.5,2.5,7.5,37.5,87.0,72.08238234934907,-5.7368620953418,12.564775159556008,172.08238234934907
15,30,0.5,2.0,7.5,30.0,84.0,71.26397784969603,-5.7368620953418,12.422117991569076,171.26397784969603
