entry_time,entry_idx,exit_idx,entry_price,exit_price,pnl_pct,winner,exit_reason,equity,drawdown,bars_held,regime,regime_confidence
2025-01-25 09:45:00,271,292,1.1969,1.2567450000000002,-5.010000000000012,False,SL,0.9498999999999999,5.010000000000014,21,Favorable,Medium
2025-01-26 16:45:00,395,399,1.2703,1.333815,-5.009999999999999,False,SL,0.9023100099999999,9.768999000000012,4,Favorable,Low
2025-01-26 19:45:00,407,409,1.2956,1.3603800000000001,-5.010000000000005,False,SL,0.8571042784989998,14.289572150100016,2,Favorable,Low
2025-01-27 16:45:00,491,498,0.9465,0.8755125,7.489999999999998,True,TP,0.9213013889585749,7.869861104142506,7,Favorable,Medium
2025-01-29 19:00:00,692,694,0.9036,0.94878,-5.010000000000001,False,SL,0.8751441893717503,12.485581062824968,2,Highly Favorable,High
2025-02-01 03:00:00,916,965,0.9031,0.8353675,7.489999999999997,True,TP,0.9406924891556944,5.930751084430563,49,Highly Favorable,High
2025-02-02 07:30:00,1030,1042,0.6401,0.5920925,7.489999999999997,True,TP,1.0111503565934559,0.0,12,Highly Favorable,High
2025-02-02 16:00:00,1064,1067,0.594,0.54945,7.489999999999997,True,TP,1.0868855183023056,0.0,3,Highly Favorable,High
2025-02-02 21:45:00,1087,1088,0.5929,0.622545,-5.010000000000006,False,SL,1.03243255383536,5.010000000000007,1,Favorable,Medium
2025-02-03 01:30:00,1102,1103,0.6061,0.5606425,7.489999999999989,True,TP,1.1097617521176284,0.0,1,Favorable,Medium
2025-02-03 05:00:00,1116,1117,0.617,0.64785,-5.010000000000008,False,SL,1.0541626883365351,5.010000000000006,1,Favorable,Medium
2025-02-04 17:45:00,1263,1268,0.7346,0.7713300000000001,-5.010000000000005,False,SL,1.0013491376508747,9.768999000000004,5,Favorable,Low
2025-02-04 19:45:00,1271,1277,0.6919,0.6400075,7.490000000000001,True,TP,1.0763501880609252,3.010697025100012,6,Favorable,Low
2025-02-05 04:15:00,1305,1311,0.6581,0.6910050000000001,-5.010000000000011,False,SL,1.0224250436390727,7.869861104142513,6,Highly Favorable,High
2025-02-05 08:45:00,1323,1325,0.6736,0.70728,-5.010000000000007,False,SL,0.9712015489527551,12.485581062824977,2,Favorable,Low
2025-02-05 10:00:00,1328,1346,0.6728,0.70644,-5.010000000000002,False,SL,0.9225443513502221,16.870053451577448,18,Favorable,Medium
2025-02-05 14:45:00,1347,1353,0.6667,0.6166975,7.489999999999992,True,TP,0.9916429232663536,10.643620455100606,6,Favorable,Low
2025-02-06 08:15:00,1417,1429,0.5089,0.47073250000000005,7.489999999999992,True,TP,1.0659169782190034,3.9508276271876466,12,Highly Favorable,High
2025-02-06 21:15:00,1469,1487,0.4439,0.46609500000000004,-5.010000000000005,False,SL,1.0125145376102314,8.762891163065548,18,Highly Favorable,High
2025-02-07 05:45:00,1503,1512,0.4516,0.47418000000000005,-5.0100000000000104,False,SL,0.9617875592759586,13.333870315795979,9,Favorable,Medium
2025-02-09 11:30:00,1718,1735,0.5395,0.4990375,7.489999999999992,True,TP,1.0338254474657278,6.842577202449106,17,Favorable,Low
2025-02-10 03:00:00,1780,1782,0.4933,0.517965,-5.009999999999999,False,SL,0.9820307925476948,11.509764084606413,2,Favorable,Low
2025-02-12 01:00:00,1964,2003,0.5651,0.5227175000000001,7.489999999999997,True,TP,1.0555848989095171,4.881845414543431,39,Highly Favorable,High
2025-02-12 12:30:00,2010,2013,0.5361,0.5629050000000001,-5.010000000000014,False,SL,1.00270009547415,9.647264959274828,3,Highly Favorable,High
2025-02-12 13:30:00,2014,2027,0.504,0.5292,-5.010000000000001,False,SL,0.9524648206908951,14.17393698481516,13,Highly Favorable,High
2025-02-13 19:30:00,2134,2178,0.4787,0.502635,-5.010000000000008,False,SL,0.9047463331742812,18.473822741875924,44,Highly Favorable,High
2025-02-15 14:15:00,2305,2360,0.4357,0.457485,-5.010000000000001,False,SL,0.8594185418822496,22.55828422250795,55,Highly Favorable,High
2025-02-16 07:15:00,2373,2427,0.4437,0.4104225,7.489999999999991,True,TP,0.9237889906692301,16.757899710773792,54,Favorable,Low
2025-02-16 22:30:00,2434,2444,0.4191,0.440055,-5.010000000000002,False,SL,0.8775071622367017,20.92832893526403,10,Highly Favorable,High
2025-02-17 05:00:00,2460,2481,0.4204,0.44142000000000003,-5.01000000000001,False,SL,0.8335440534086428,24.889819655607315,21,Favorable,Low
2025-02-18 03:45:00,2551,2559,0.3609,0.33383250000000003,7.489999999999991,True,TP,0.8959765030089502,19.264067147812302,8,Favorable,Medium
2025-02-18 13:00:00,2588,2598,0.3304,0.30562000000000006,7.4899999999999896,True,TP,0.9630851430843205,13.216945777183447,10,Highly Favorable,High
2025-02-18 20:15:00,2617,2620,0.3022,0.31731000000000004,-5.010000000000004,False,SL,0.914834577415796,17.56477679374656,3,Highly Favorable,High
2025-02-19 04:15:00,2649,2720,0.3187,0.2947975,7.489999999999998,True,TP,0.983355687264239,11.39037857559818,71,Favorable,Medium
2025-02-22 02:45:00,2931,2956,0.3189,0.33484500000000006,-5.010000000000013,False,SL,0.9340895673323005,15.829720608960725,25,Highly Favorable,High
2025-02-23 09:15:00,3053,3078,0.346,0.32005,7.489999999999992,True,TP,1.0040528759254899,9.525366682571883,25,Favorable,Medium
2025-02-23 18:45:00,3091,3109,0.3235,0.339675,-5.009999999999999,False,SL,0.9537498268416228,14.058145811775033,18,Highly Favorable,High
2025-02-24 03:15:00,3125,3145,0.3275,0.3029375,7.489999999999995,True,TP,1.0251856888720603,7.6211009330769865,20,Favorable,Low
2025-02-24 14:00:00,3168,3196,0.3102,0.286935,7.489999999999994,True,TP,1.1019720969685776,0.7019213929644581,28,Favorable,Medium
2025-02-25 09:00:00,3244,3255,0.2736,0.28728000000000004,-5.01000000000001,False,SL,1.0467632949104517,5.6767551311769475,11,Favorable,Medium
2025-02-25 15:00:00,3268,3271,0.2753,0.289065,-5.0100000000000104,False,SL,0.994320453835438,10.402349699104992,3,Favorable,Medium
2025-02-25 19:00:00,3284,3287,0.286,0.3003,-5.010000000000013,False,SL,0.9445049990982824,14.89119197917984,3,Favorable,Low
2025-02-27 13:45:00,3455,3506,0.314,0.29045000000000004,7.489999999999987,True,TP,1.0152484235307437,8.516542258420417,51,Favorable,Low
2025-03-01 08:30:00,3626,3647,0.2988,0.27639,7.489999999999995,True,TP,1.0912905304531964,1.6644312735761149,21,Favorable,Low
2025-03-02 06:00:00,3712,3747,0.2577,0.2383725,7.489999999999999,True,TP,1.1730281911841407,0.0,35,Highly Favorable,High
2025-03-07 08:30:00,4202,4205,0.2726,0.28623000000000004,-5.010000000000011,False,SL,1.114259478805815,5.010000000000012,3,Highly Favorable,High
2025-03-07 12:15:00,4217,4222,0.2772,0.29106000000000004,-5.010000000000014,False,SL,1.0584350789176435,9.768999000000031,5,Favorable,Medium
2025-03-07 14:15:00,4225,4227,0.274,0.2877,-5.009999999999996,False,SL,1.0054074814638696,14.28957215010003,2,Highly Favorable,High
2025-03-07 16:00:00,4232,4243,0.2759,0.289695,-5.010000000000002,False,SL,0.9550365666425297,18.583664585380024,11,Favorable,Medium
2025-03-07 20:30:00,4250,4251,0.2733,0.286965,-5.010000000000014,False,SL,0.9071892346537388,22.662622989652494,1,Favorable,Medium
2025-03-08 11:30:00,4310,4352,0.2523,0.23337750000000004,7.489999999999991,True,TP,0.9751377083293038,16.870053451577473,42,Favorable,Medium
2025-03-09 11:30:00,4406,4431,0.2483,0.2296775,7.489999999999994,True,TP,1.0481755226831686,10.643620455100628,25,Favorable,Low
2025-03-09 21:30:00,4446,4493,0.2351,0.24685500000000002,-5.010000000000007,False,SL,0.9956619289967418,15.120375070300094,47,Highly Favorable,High
2025-03-10 10:30:00,4498,4503,0.2285,0.23992500000000003,-5.010000000000008,False,SL,0.945779266354005,19.37284427927806,5,Favorable,Medium
2025-03-10 14:15:00,4513,4521,0.2225,0.2058125,7.489999999999997,True,TP,1.01661813340392,13.33387031579599,8,Favorable,Medium
2025-03-10 23:45:00,4551,4572,0.2187,0.229635,-5.010000000000001,False,SL,0.9656855649203835,17.675843412974615,21,Favorable,Medium
2025-03-12 09:15:00,4685,4695,0.2399,0.25189500000000004,-5.010000000000014,False,SL,0.9173047181178722,21.800283657984597,10,Favorable,Low
2025-03-14 02:00:00,4848,4875,0.2455,0.25777500000000003,-5.010000000000015,False,SL,0.8713477517401667,25.718089446719578,27,Highly Favorable,High
2025-03-16 18:30:00,5106,5120,0.3305,0.30571250000000005,7.489999999999989,True,TP,0.9366116983455051,20.154374346278882,14,Favorable,Low
2025-03-17 09:30:00,5166,5175,0.3083,0.32371500000000003,-5.010000000000004,False,SL,0.8896874522583952,24.154640191530316,9,Favorable,Low
2025-03-17 12:45:00,5179,5197,0.3064,0.32172,-5.010000000000001,False,SL,0.8451141109002496,27.95449271793465,18,Favorable,Low
2025-03-18 20:30:00,5306,5313,0.2745,0.288225,-5.009999999999995,False,SL,0.8027738939441471,31.56397263276612,7,Favorable,Medium
2025-03-21 01:15:00,5517,5550,0.3558,0.37359000000000003,-5.010000000000008,False,SL,0.7625549218575454,34.99261760386453,33,Favorable,Low
2025-03-21 10:15:00,5553,5567,0.3526,0.37023000000000006,-5.01000000000001,False,SL,0.7243509202724823,38.249487461910924,14,Favorable,Low
2025-03-21 15:30:00,5574,5583,0.3549,0.372645,-5.010000000000003,False,SL,0.6880609391668309,41.343188140069195,9,Favorable,Low
2025-03-25 12:00:00,5944,5949,0.5309,0.5574450000000001,-5.010000000000008,False,SL,0.6535890861145727,44.281894414251724,5,Favorable,Low
2025-03-26 21:30:00,6078,6096,0.5441,0.5713050000000001,-5.010000000000006,False,SL,0.6208442729002326,47.07337150409771,18,Highly Favorable,High
2025-03-27 15:30:00,6150,6212,0.5484,0.50727,7.489999999999999,True,TP,0.66734550894046,43.10916702975464,62,Favorable,Medium
2025-03-28 12:45:00,6235,6257,0.4983,0.46092750000000005,7.489999999999994,True,TP,0.7173296875601004,38.84804364028326,22,Highly Favorable,High
2025-03-29 00:45:00,6283,6316,0.4619,0.4272575,7.489999999999992,True,TP,0.7710576811583519,34.26776210894047,33,Favorable,Medium
2025-03-30 00:15:00,6377,6389,0.4129,0.433545,-5.010000000000006,False,SL,0.7324276913323184,37.56094722728256,12,Favorable,Medium
2025-03-30 06:15:00,6401,6441,0.4229,0.444045,-5.010000000000006,False,SL,0.6957330639965693,40.6891437711957,40,Favorable,Low
2025-04-06 16:00:00,7112,7123,0.4555,0.42133750000000003,7.489999999999997,True,TP,0.7478434704899123,36.24676063965826,11,Highly Favorable,High
2025-04-06 20:45:00,7131,7136,0.4387,0.460635,-5.010000000000009,False,SL,0.7103765126183677,39.440797931611385,5,Favorable,Medium
2025-04-06 23:00:00,7140,7149,0.4348,0.45654000000000006,-5.010000000000009,False,SL,0.6747866493361874,42.474813955237664,9,Highly Favorable,High
2025-04-07 04:00:00,7160,7170,0.4443,0.4109775,7.489999999999995,True,TP,0.7253281693714678,38.166177520484965,10,Favorable,Low
2025-04-12 13:00:00,7676,7680,0.8774,0.92127,-5.010000000000009,False,SL,0.6889892280859573,41.26405202670866,4,Favorable,Low
2025-04-13 13:15:00,7773,7804,0.8547,0.7905975000000001,7.489999999999994,True,TP,0.7405945212695955,36.86472952350915,31,Favorable,Low
2025-04-14 09:45:00,7855,7865,0.8466,0.8889300000000001,-5.010000000000011,False,SL,0.7034907357539886,40.02780657438135,10,Favorable,Low
2025-04-16 05:45:00,8031,8049,0.8451,0.887355,-5.010000000000005,False,SL,0.6682458498927137,43.03241346500485,18,Favorable,Low
2025-04-17 19:15:00,8181,8204,0.8542,0.790135,7.489999999999991,True,TP,0.718297464049678,38.76554123353371,23,Highly Favorable,High
2025-04-18 08:45:00,8235,8310,0.7591,0.7970550000000001,-5.01000000000001,False,SL,0.682310761100789,41.83338761773368,75,Highly Favorable,High
2025-04-19 12:30:00,8346,8387,0.773,0.8116500000000001,-5.01000000000001,False,SL,0.6481269919696394,44.74753489808523,41,Favorable,Low
2025-04-23 17:15:00,8749,8790,1.1239,1.0396075,7.4899999999999896,True,TP,0.6966717036681653,40.60912526195182,41,Favorable,Low
2025-04-24 06:45:00,8803,8836,1.0622,1.11531,-5.009999999999999,False,SL,0.6617684513143902,43.58460808632804,33,Favorable,Low
2025-04-24 17:30:00,8846,8851,1.074,1.1277000000000001,-5.010000000000008,False,SL,0.6286138519035392,46.411019221203006,5,Favorable,Low
2025-04-25 10:45:00,8915,8999,1.0837,1.0024225000000002,7.489999999999989,True,TP,0.6756970294111143,42.39720456087111,84,Favorable,Low
2025-04-26 13:30:00,9022,9111,1.003,1.05315,-5.010000000000014,False,SL,0.6418446082376174,45.283104612371474,89,Favorable,Medium
2025-04-28 20:00:00,9240,9422,1.1202,1.1762100000000002,-5.0100000000000104,False,SL,0.6096881933649126,48.02442107129167,182,Favorable,Low
2025-05-02 00:30:00,9546,9703,1.192,1.1026,7.489999999999994,True,TP,0.6553538390479445,44.13145020953142,157,Favorable,Low
2025-05-03 21:00:00,9724,9956,1.0929,1.147545,-5.010000000000005,False,SL,0.6225206117116425,46.930464554033904,232,Favorable,Low
2025-05-06 16:30:00,9994,10014,1.0888,1.0071400000000001,7.489999999999986,True,TP,0.6691474055288446,42.955556349131044,20,Favorable,Low
2025-05-07 02:30:00,10034,10051,1.0536,0.9745800000000001,7.489999999999997,True,TP,0.7192665462029549,38.68292751968096,17,Favorable,Low
2025-05-07 10:45:00,10067,10089,1.0166,0.940355,7.4899999999999896,True,TP,0.7731396105135563,34.09027879090507,22,Highly Favorable,High
2025-05-07 19:15:00,10101,10111,0.9583,1.006215,-5.010000000000004,False,SL,0.7344053160268271,37.39235582348071,10,Highly Favorable,High
2025-05-10 18:15:00,10385,10405,1.316,1.3818000000000001,-5.010000000000006,False,SL,0.697611609693883,40.528998796724345,20,Favorable,Low
2025-05-11 10:00:00,10448,10508,1.3167,1.382535,-5.010000000000007,False,SL,0.6626612680482195,43.50849595700845,60,Favorable,Medium
2025-05-13 00:30:00,10602,10613,1.3527,1.2512475,7.489999999999995,True,TP,0.7122945970250311,39.27728230418839,11,Favorable,Low
2025-05-13 07:45:00,10631,10650,1.2874,1.3517700000000001,-5.0100000000000025,False,SL,0.676608637714077,42.319490460748554,19,Favorable,Medium
2025-05-13 14:15:00,10657,10668,1.3067,1.3720350000000001,-5.010000000000011,False,SL,0.6427105449646017,45.20928398866506,11,Favorable,Low
2025-05-14 13:45:00,10751,10798,1.4067,1.3011975000000002,7.489999999999987,True,TP,0.6908495647824503,41.105459359416066,47,Favorable,Low
2025-05-15 09:30:00,10830,10858,1.2674,1.3307700000000002,-5.010000000000011,False,SL,0.6562380015868494,44.05607584550933,28,Favorable,Medium
2025-05-16 04:00:00,10904,10976,1.3045,1.2066625,7.490000000000001,True,TP,0.7053902279057044,39.86587592633799,72,Favorable,Low
2025-05-17 05:00:00,11004,11100,1.1841,1.2433049999999999,-5.009999999999996,False,SL,0.6700501774876286,42.87859554242846,96,Highly Favorable,High
2025-05-19 19:00:00,11252,11343,1.2153,1.276065,-5.009999999999996,False,SL,0.6364806635954985,45.74037790575278,91,Favorable,Low
2025-05-23 15:45:00,11623,11687,1.5587,1.4417975,7.489999999999994,True,TP,0.6841530652988013,41.676332210893676,64,Favorable,Low
2025-05-24 13:15:00,11709,11785,1.4715,1.3611375000000001,7.489999999999994,True,TP,0.7353961298896815,37.307889493489604,76,Favorable,Low
2025-05-25 14:00:00,11808,11843,1.3764,1.4452200000000002,-5.010000000000008,False,SL,0.6985527837822084,40.44876422986578,35,Favorable,Low
2025-05-26 16:15:00,11913,12098,1.4089,1.3032325,7.490000000000001,True,TP,0.7508743872874958,35.98837667068273,185,Favorable,Low
2025-05-28 22:00:00,12128,12235,1.2759,1.1802075,7.489999999999997,True,TP,0.8071148788953292,31.193906083316868,107,Highly Favorable,High
2025-05-30 12:00:00,12280,12298,1.1228,1.0385900000000001,7.4899999999999896,True,TP,0.8675677833245893,26.04032964895731,18,Favorable,Medium
2025-06-01 03:15:00,12437,12486,1.0739,1.1275950000000001,-5.010000000000005,False,SL,0.8241026373800273,29.74570913354455,49,Favorable,Low
2025-06-02 08:30:00,12554,12617,1.1061,1.1614050000000002,-5.010000000000014,False,SL,0.7828150952472879,33.26544910595398,63,Favorable,Low
2025-06-03 11:30:00,12662,12675,1.1332,1.1898600000000001,-5.010000000000014,False,SL,0.7435960589753986,36.608850105745695,13,Favorable,Low
2025-06-04 05:45:00,12735,12792,1.0548,0.9756900000000001,7.489999999999991,True,TP,0.799291403792656,31.86085297866605,57,Highly Favorable,High
2025-06-05 09:45:00,12847,12868,0.9018,0.9468900000000001,-5.010000000000008,False,SL,0.7592469044626439,35.27462424443488,21,Favorable,Medium
2025-06-07 02:00:00,13008,13021,0.9719,1.020495,-5.0099999999999945,False,SL,0.7212086345490655,38.51736556978869,13,Favorable,Low
2025-06-07 22:00:00,13088,13161,1.0112,1.0617600000000003,-5.010000000000016,False,SL,0.6850760819581572,41.597645554742286,73,Favorable,Low
2025-06-12 07:30:00,13510,13570,1.3348,1.23469,7.489999999999994,True,TP,0.7363882804968231,37.22330920679248,60,Favorable,Low
2025-06-13 09:30:00,13614,13635,1.0982,1.15311,-5.010000000000002,False,SL,0.6994952276439322,40.36842141553218,21,Highly Favorable,High
2025-06-15 03:45:00,13783,13827,1.1816,1.24068,-5.010000000000002,False,SL,0.6644505167389713,43.35596350261402,44,Favorable,Low
2025-06-16 00:30:00,13866,13872,1.2026,1.26273,-5.010000000000002,False,SL,0.6311615458503488,46.19382973113306,6,Favorable,Low
2025-06-16 15:15:00,13925,13941,1.2474,1.30977,-5.0100000000000025,False,SL,0.5995403524032463,48.88951886160329,16,Favorable,Low
2025-06-17 07:15:00,13989,14033,1.1714,1.083545,7.490000000000001,True,TP,0.6444459247982495,45.06134382433738,44,Highly Favorable,High
2025-06-17 22:15:00,14049,14211,1.1216,1.03748,7.489999999999998,True,TP,0.6927149245656383,40.94643847678025,162,Favorable,Medium
2025-06-20 04:15:00,14265,14305,1.0258,0.9488650000000001,7.489999999999997,True,TP,0.7445992724156046,36.52332671869109,40,Favorable,Medium
2025-06-20 22:15:00,14337,14410,0.9296,0.85988,7.490000000000001,True,TP,0.8003697579195334,31.76892388992106,73,Highly Favorable,High
2025-06-22 02:45:00,14451,14493,0.8738,0.808265,7.490000000000001,True,TP,0.8603174527877063,26.658416289276154,42,Favorable,Medium
2025-06-22 19:30:00,14518,14522,0.8442,0.88641,-5.0100000000000104,False,SL,0.8172155484030421,30.33282963318343,4,Favorable,Low
2025-06-23 13:00:00,14588,14605,0.8999,0.944895,-5.010000000000001,False,SL,0.7762730494280496,33.82315486856095,17,Favorable,Low
2025-06-24 13:15:00,14685,14699,1.0231,1.074255,-5.010000000000007,False,SL,0.7373817696517043,37.13861480964604,14,Favorable,Low
2025-06-25 14:15:00,14785,14846,1.0411,0.9630175,7.489999999999995,True,TP,0.792611664198617,32.430297058888534,61,Favorable,Low
2025-06-26 14:00:00,14880,14906,0.9567,1.004535,-5.009999999999996,False,SL,0.7529018198222663,35.81553917623821,26,Favorable,Medium
2025-06-26 23:00:00,14916,14949,0.946,0.9933,-5.010000000000002,False,SL,0.7151814386491707,39.03118066350868,33,Favorable,Low
2025-06-27 17:30:00,14990,15019,0.9689,1.017345,-5.009999999999996,False,SL,0.6793508485728473,42.08571851226689,29,Favorable,Low
2025-06-30 08:15:00,15241,15379,1.1358,1.050615,7.489999999999987,True,TP,0.7302342271309535,37.747938828835686,138,Favorable,Low
2025-07-04 19:15:00,15669,15715,1.1538,1.21149,-5.010000000000002,False,SL,0.6936494923516927,40.86676709351102,46,Favorable,Low
2025-07-06 05:30:00,15806,15960,1.1778,1.089465,7.490000000000005,True,TP,0.7456038393288345,36.437687948815004,154,Favorable,Low
2025-07-08 12:30:00,16026,16185,1.0901,1.144605,-5.0100000000000025,False,SL,0.7082490869784598,39.622159782579374,159,Favorable,Low
2025-07-11 20:00:00,16344,16409,1.3166,1.2178550000000001,7.4899999999999896,True,TP,0.7612969435931464,35.099859550294575,65,Favorable,Low
2025-07-12 22:45:00,16451,16471,1.2439,1.306095,-5.010000000000001,False,SL,0.7231559667191297,38.35135658682482,20,Favorable,Low
2025-07-14 17:30:00,16622,16681,1.3328,1.23284,7.490000000000004,True,TP,0.7773203486263925,33.733873195178,59,Favorable,Low
2025-07-15 14:30:00,16706,16804,1.227,1.28835,-5.010000000000002,False,SL,0.7383765991602103,37.05380614809958,98,Favorable,Medium
2025-07-18 14:15:00,16993,17017,1.4288,1.3216400000000001,7.489999999999994,True,TP,0.79368100643731,32.33913622859224,24,Favorable,Low
2025-07-19 06:30:00,17058,17089,1.3638,1.4319899999999999,-5.009999999999999,False,SL,0.7539175880148007,35.72894550353978,31,Favorable,Low
2025-07-22 19:45:00,17399,17408,1.5647,1.642935,-5.010000000000004,False,SL,0.7161463168552592,38.948925333812426,9,Favorable,Low
2025-07-23 12:00:00,17464,17497,1.622,1.50035,7.490000000000001,True,TP,0.7697856759877181,34.376199841314985,33,Favorable,Low
2025-07-23 23:45:00,17511,17537,1.5218,1.4076650000000002,7.489999999999991,True,TP,0.8274426231191981,29.46097720942948,26,Highly Favorable,High
2025-07-24 15:45:00,17575,17610,1.4035,1.2982375,7.490000000000002,True,TP,0.8894180755908261,24.17760440241575,35,Favorable,Medium
2025-07-25 13:15:00,17661,17670,1.3636,1.26133,7.4899999999999896,True,TP,0.9560354894525789,18.498506972156694,9,Favorable,Low
2025-07-27 01:45:00,17807,17911,1.3308,1.39734,-5.010000000000003,False,SL,0.9081381114310046,22.581731772851647,104,Favorable,Low
2025-07-29 10:15:00,18033,18058,1.16,1.073,7.489999999999997,True,TP,0.9761576559771868,16.78310348263824,25,Favorable,Medium
2025-07-29 19:45:00,18071,18164,1.1104,1.02712,7.490000000000001,True,TP,1.0492718644098782,10.550157933487839,93,Highly Favorable,High
2025-07-31 04:15:00,18201,18272,1.0589,0.9794825,7.489999999999992,True,TP,1.127862327054178,3.8503647627060746,71,Favorable,Low
2025-08-01 05:30:00,18302,18344,0.9845,1.033725,-5.009999999999996,False,SL,1.071356424468764,8.66746148809449,42,Favorable,Medium
2025-08-01 17:45:00,18351,18369,0.9971,0.9223175,7.489999999999997,True,TP,1.1516010206614742,1.8266543535527786,18,Favorable,Low
2025-08-02 06:30:00,18402,18580,0.933,0.9796500000000001,-5.010000000000009,False,SL,1.0939058095263343,6.745138970439784,178,Favorable,Medium
2025-08-05 06:45:00,18691,18751,0.9877,0.9136225000000001,7.4899999999999896,True,TP,1.1758393546598567,0.0,60,Favorable,Low
2025-08-06 01:00:00,18764,18822,0.927,0.97335,-5.010000000000001,False,SL,1.1169298029913979,5.009999999999998,58,Favorable,Medium
2025-08-06 16:45:00,18827,18901,0.9493,0.9967650000000001,-5.01000000000001,False,SL,1.0609716198615287,9.768999000000015,74,Favorable,Low
2025-08-08 14:30:00,19010,19043,1.0175,1.068375,-5.010000000000001,False,SL,1.007816941706466,14.289572150100021,33,Favorable,Low
2025-08-10 02:45:00,19155,19272,1.0973,1.0150025,7.489999999999992,True,TP,1.0833024306402803,7.86986110414251,117,Favorable,Low
2025-08-11 16:15:00,19305,19326,0.9991,0.9241675,7.489999999999995,True,TP,1.1644417826952373,0.9693137008427805,21,Highly Favorable,High
2025-08-13 21:15:00,19517,19526,1.0808,1.13484,-5.010000000000008,False,SL,1.1061032493822058,5.930751084430567,9,Favorable,Low
2025-08-15 10:00:00,19664,19687,1.0292,0.9520099999999999,7.489999999999998,True,TP,1.1889503827609331,0.0,23,Favorable,Low
2025-08-15 23:15:00,19717,19874,0.9327,0.9793350000000001,-5.0100000000000104,False,SL,1.12938396858461,5.010000000000023,157,Highly Favorable,High
2025-08-18 00:15:00,19913,20022,0.9509,0.8795825,7.489999999999992,True,TP,1.2139748278315974,0.0,109,Favorable,Low
2025-08-19 07:00:00,20036,20344,0.9,0.8325,7.489999999999999,True,TP,1.304901542436184,0.0,308,Favorable,Low
2025-08-23 07:15:00,20421,20625,0.9521,0.8806925,7.489999999999995,True,TP,1.4026386679646543,0.0,204,Favorable,Low
2025-08-26 09:30:00,20718,20759,0.7846,0.82383,-5.009999999999999,False,SL,1.332366470699625,5.01000000000001,41,Favorable,Medium
2025-08-27 03:00:00,20788,20849,0.8004,0.8404200000000001,-5.010000000000008,False,SL,1.2656149105175738,9.768999000000008,61,Favorable,Low
2025-08-29 13:15:00,21021,21032,0.8037,0.7434225,7.489999999999998,True,TP,1.36040946731534,3.0106970251000167,11,Favorable,Medium
2025-08-29 20:45:00,21051,21076,0.7511,0.788655,-5.010000000000002,False,SL,1.2922529530028415,7.869861104142502,25,Highly Favorable,High
2025-08-30 12:30:00,21114,21319,0.7814,0.722795,7.490000000000002,True,TP,1.3890426991827542,0.9693137008427796,205,Favorable,Low
2025-09-01 19:15:00,21333,21388,0.7265,0.7628250000000001,-5.010000000000008,False,SL,1.3194516599536983,5.930751084430554,55,Favorable,Medium
2025-09-04 00:30:00,21546,21698,0.7908,0.73149,7.489999999999997,True,TP,1.4182785892842302,0.0,152,Favorable,Low
2025-09-05 22:15:00,21729,21964,0.7452,0.78246,-5.0100000000000104,False,SL,1.3472228319610902,5.01000000000001,235,Favorable,Low
2025-09-11 08:15:00,22249,22314,0.8775,0.9213749999999999,-5.010000000000001,False,SL,1.2797269680798395,9.768999000000008,65,Favorable,Low
2025-09-14 10:00:00,22544,22630,0.9177,0.8488725,7.489999999999992,True,TP,1.3755785179890194,3.0106970251000167,86,Favorable,Low
2025-09-16 01:45:00,22703,22870,0.8209,0.861945,-5.010000000000001,False,SL,1.3066620342377695,7.86986110414251,167,Favorable,Low
2025-09-20 17:00:00,23148,23241,0.7661,0.7086425000000001,7.489999999999991,True,TP,1.4045310206021784,0.9693137008427872,93,Favorable,Medium
2025-09-22 19:00:00,23348,23478,0.6091,0.5634175,7.489999999999994,True,TP,1.5097303940452815,0.0,130,Favorable,Medium
2025-09-25 20:00:00,23640,23762,0.5664,0.59472,-5.010000000000002,False,SL,1.4340929013036128,5.0100000000000104,122,Highly Favorable,High
2025-09-27 20:45:00,23835,23936,0.5906,0.6201300000000001,-5.01000000000001,False,SL,1.3622448469483015,9.768999000000028,101,Favorable,Low
2025-09-29 16:30:00,24010,24024,0.6002,0.6302099999999999,-5.009999999999998,False,SL,1.2939963801161916,14.28957215010003,14,Favorable,Low
2025-10-04 07:45:00,24455,24532,0.6494,0.68187,-5.010000000000001,False,SL,1.2291671614723703,18.583664585380024,77,Favorable,Low
2025-10-06 11:45:00,24663,24691,0.6735,0.707175,-5.010000000000002,False,SL,1.1675858866826045,22.66262298965248,28,Favorable,Low
2025-10-09 13:30:00,24958,25071,0.6391,0.5911675000000001,7.4899999999999896,True,TP,1.2550380695951315,16.870053451577462,113,Favorable,Low
2025-10-11 09:30:00,25134,25141,0.3696,0.34188,7.489999999999991,True,TP,1.3490404210078069,10.643620455100613,7,Highly Favorable,High
2025-10-11 19:00:00,25172,25175,0.3556,0.32893000000000006,7.489999999999991,True,TP,1.4500835485412915,3.9508276271876546,3,Highly Favorable,High
2025-10-12 09:00:00,25228,25251,0.3465,0.363825,-5.010000000000011,False,SL,1.3774343627593726,8.762891163065568,23,Favorable,Medium
2025-10-13 07:45:00,25319,25342,0.4276,0.44898,-5.0100000000000025,False,SL,1.3084249011851279,13.333870315795993,23,Favorable,Low
2025-10-15 03:00:00,25492,25514,0.4178,0.43869,-5.010000000000005,False,SL,1.242872813635753,17.67584341297461,22,Favorable,Low
2025-10-15 10:15:00,25521,25614,0.4219,0.39025750000000003,7.489999999999991,True,TP,1.3359639873770708,11.509764084606417,93,Favorable,Low
2025-10-16 13:45:00,25631,25639,0.4006,0.370555,7.489999999999997,True,TP,1.4360276900316133,4.88184541454344,8,Favorable,Low
2025-10-17 01:30:00,25678,25702,0.3768,0.34854,7.490000000000001,True,TP,1.543586164014981,0.0,24,Favorable,Medium
2025-10-17 14:30:00,25730,25796,0.3552,0.37296,-5.009999999999999,False,SL,1.4662524971978304,5.01000000000001,66,Highly Favorable,High
2025-10-18 08:30:00,25802,25932,0.3634,0.38157,-5.010000000000005,False,SL,1.392793247088219,9.768999000000015,130,Favorable,Low
2025-10-21 01:00:00,26060,26115,0.3703,0.388815,-5.010000000000002,False,SL,1.323014305409099,14.289572150100025,55,Favorable,Low
2025-10-22 14:15:00,26209,26236,0.3517,0.3253225,7.489999999999999,True,TP,1.4221080768842405,7.869861104142522,27,Favorable,Low
2025-10-23 04:00:00,26264,26301,0.328,0.34440000000000004,-5.010000000000008,False,SL,1.35086046223234,12.48558106282499,37,Highly Favorable,High
2025-10-25 10:00:00,26480,26520,0.3762,0.39501,-5.009999999999999,False,SL,1.2831823530744997,16.87005345157746,40,Favorable,Low
2025-10-27 15:00:00,26692,26698,0.397,0.41685000000000005,-5.010000000000009,False,SL,1.2188949171854673,21.034863773653427,6,Favorable,Medium
2025-10-29 15:45:00,26887,26898,0.3741,0.392805,-5.010000000000008,False,SL,1.1578282818344754,24.991017098593385,11,Favorable,Low
2025-10-31 02:30:00,27026,27065,0.3281,0.344505,-5.010000000000002,False,SL,1.0998210849145682,28.74896714195386,39,Favorable,Medium
2025-10-31 14:15:00,27073,27085,0.3355,0.31033750000000004,7.489999999999992,True,TP,1.1821976841746693,23.4122647808862,12,Favorable,Low
2025-11-02 05:15:00,27229,27318,0.3343,0.3092275,7.489999999999999,True,TP,1.270744290719352,17.675843412974583,89,Favorable,Low
2025-11-03 09:15:00,27341,27365,0.3089,0.2857325,7.490000000000002,True,TP,1.3659230380942315,11.509764084606374,24,Highly Favorable,High
2025-11-04 04:30:00,27418,27423,0.2604,0.24087000000000003,7.489999999999997,True,TP,1.4682306736474895,4.88184541454339,5,Favorable,Medium
2025-11-04 12:00:00,27448,27490,0.2494,0.26187000000000005,-5.010000000000014,False,SL,1.39467231689775,9.647264959274787,42,Favorable,Medium
2025-11-05 00:30:00,27498,27546,0.2492,0.26166,-5.01,False,SL,1.3247992338211727,14.17393698481512,48,Highly Favorable,High
2025-11-06 12:15:00,27641,27753,0.266,0.27930000000000005,-5.010000000000013,False,SL,1.2584267922067318,18.47382274187589,112,Favorable,Low
2025-11-08 13:45:00,27839,27888,0.2874,0.30177,-5.009999999999999,False,SL,1.1953796099171745,22.55828422250791,49,Favorable,Low
2025-11-10 21:15:00,28061,28077,0.329,0.34545000000000003,-5.010000000000006,False,SL,1.135491091460324,26.438114182960266,16,Favorable,Low
2025-11-11 01:30:00,28078,28084,0.3247,0.340935,-5.010000000000001,False,SL,1.0786029877781618,30.12356466239396,6,Favorable,Low
2025-11-11 04:15:00,28089,28096,0.3342,0.309135,7.490000000000001,True,TP,1.159390351562746,24.889819655607276,7,Favorable,Low
2025-11-11 20:00:00,28152,28232,0.3037,0.2809225,7.490000000000001,True,TP,1.2462286888947955,19.264067147812263,80,Favorable,Medium
2025-11-12 22:15:00,28257,28338,0.2808,0.25974,7.489999999999989,True,TP,1.3395712176930157,13.216945777183406,81,Highly Favorable,High
2025-11-14 01:00:00,28364,28378,0.2628,0.24309,7.489999999999991,True,TP,1.4399051018982225,6.716895015894446,14,Highly Favorable,High
2025-11-14 08:15:00,28393,28452,0.2556,0.23643,7.489999999999997,True,TP,1.5477539940303993,0.0,59,Favorable,Medium
2025-11-15 08:00:00,28488,28623,0.2483,0.2296775,7.489999999999994,True,TP,1.6636807681832761,0.0,135,Favorable,Low
2025-11-18 00:30:00,28746,28754,0.2359,0.247695,-5.010000000000001,False,SL,1.580330361697294,5.010000000000006,8,Favorable,Medium
2025-11-19 03:30:00,28854,28932,0.2542,0.26691,-5.010000000000001,False,SL,1.5011558105762595,9.768999000000008,78,Favorable,Low
2025-11-20 23:30:00,29030,29034,0.2681,0.281505,-5.010000000000001,False,SL,1.4259479044663887,14.289572150100014,4,Favorable,Medium
2025-11-21 01:45:00,29039,29054,0.2759,0.2552075,7.490000000000001,True,TP,1.5327514025109212,7.869861104142507,15,Favorable,Low
2025-11-21 18:15:00,29105,29114,0.2316,0.21423,7.489999999999998,True,TP,1.6475544825589892,0.9693137008427841,9,Favorable,Medium
2025-11-22 01:45:00,29135,29149,0.2199,0.20340750000000002,7.489999999999997,True,TP,1.7709563133026573,0.0,14,Favorable,Medium
2025-11-24 01:15:00,29325,29329,0.2231,0.234255,-5.01,False,SL,1.6822314020061941,5.010000000000004,4,Favorable,Low
2025-11-26 09:15:00,29549,29597,0.2994,0.31437000000000004,-5.010000000000013,False,SL,1.5979516087656835,9.76899900000002,48,Favorable,Low
2025-11-28 01:15:00,29709,29760,0.3328,0.34944,-5.009999999999997,False,SL,1.5178942331665228,14.289572150100016,51,Favorable,Low
2025-11-30 03:15:00,29909,29949,0.3183,0.33421500000000004,-5.010000000000004,False,SL,1.44184773208488,18.58366458538001,40,Favorable,Low
2025-11-30 14:30:00,29954,29972,0.3213,0.33736499999999997,-5.009999999999999,False,SL,1.3696111607074275,22.66262298965247,18,Favorable,Low
2025-12-01 16:45:00,30059,30065,0.2929,0.307545,-5.010000000000007,False,SL,1.3009936415559853,26.53722557787089,6,Favorable,Low
