strategy,exit_config,num_trades,total_return,win_rate,avg_win,avg_loss,profit_factor,max_drawdown,sharpe_ratio
ema_5_20_cross_down,fixed_rr_1.5,200,41.10146042657028,45.0,1.5953187794239017,0.9688140848171624,1.3472768821016672,13.111193100483698,1.6283442435339444
rsi7_ob70,fixed_pct_0.02,14,38.069942064538864,28.57142857142857,9.602399200581392,0.1746143069063682,21.99682115562363,1.4969439730203864,1.1780676460935156
vol_climax_2x,fixed_pct_0.02,3,34.72565524737372,66.66666666666666,17.446788264333975,0.6069665424261826,57.48846779789612,0.6069665424261794,1.3004619014531669
rsi14_ob75,fixed_pct_0.02,5,34.48236771060091,40.0,17.343815637669408,0.2110490031723045,54.786061931817734,0.6324719986986425,1.1740041016436107
mean_rev_ema50_3pct,fixed_pct_0.03,2,34.0424671625188,50.0,35.78955200994612,1.286612129996106,27.816893044568484,1.2866121299961009,1.316061859468423
mean_rev_ema50_3pct,fixed_pct_0.05,2,34.0424671625188,50.0,35.78955200994612,1.286612129996106,27.816893044568484,1.2866121299961009,1.316061859468423
rsi7_ob70,fixed_rr_1.0,2,33.31536810052342,100.0,16.621437201524895,0.0,332428.74403049785,0.0,1.4331413366711663
rsi14_ob70,fixed_pct_0.02,10,33.22896582373191,20.0,17.343815637669415,0.19607096858606,22.114206609400235,0.8540151809003027,1.0667699267218014
rsi14_ob80,fixed_rr_1.0,3,33.068814000497724,66.66666666666666,16.54576364685332,0.11375158501441701,290.91047205639006,0.11375158501442106,1.2404450954506339
failed_breakout_8,fixed_rr_1.0,1,32.9924573290278,100.0,32.99245732902779,0.0,329924.5732902779,0.0,0.0
failed_breakout_8,fixed_rr_1.5,1,32.9924573290278,100.0,32.99245732902779,0.0,329924.5732902779,0.0,0.0
failed_breakout_8,fixed_rr_2.0,1,32.9924573290278,100.0,32.99245732902779,0.0,329924.5732902779,0.0,0.0
failed_breakout_8,fixed_rr_2.5,1,32.9924573290278,100.0,32.99245732902779,0.0,329924.5732902779,0.0,0.0
failed_breakout_8,fixed_pct_0.03,1,32.9924573290278,100.0,32.99245732902779,0.0,329924.5732902779,0.0,0.0
failed_breakout_8,fixed_pct_0.05,1,32.9924573290278,100.0,32.99245732902779,0.0,329924.5732902779,0.0,0.0
failed_breakout_12,fixed_rr_1.0,1,32.9924573290278,100.0,32.99245732902779,0.0,329924.5732902779,0.0,0.0
failed_breakout_12,fixed_rr_1.5,1,32.9924573290278,100.0,32.99245732902779,0.0,329924.5732902779,0.0,0.0
failed_breakout_12,fixed_rr_2.0,1,32.9924573290278,100.0,32.99245732902779,0.0,329924.5732902779,0.0,0.0
failed_breakout_12,fixed_rr_2.5,1,32.9924573290278,100.0,32.99245732902779,0.0,329924.5732902779,0.0,0.0
failed_breakout_12,fixed_pct_0.03,1,32.9924573290278,100.0,32.99245732902779,0.0,329924.5732902779,0.0,0.0
failed_breakout_12,fixed_pct_0.05,1,32.9924573290278,100.0,32.99245732902779,0.0,329924.5732902779,0.0,0.0
failed_breakout_20,fixed_rr_1.0,1,32.9924573290278,100.0,32.99245732902779,0.0,329924.5732902779,0.0,0.0
failed_breakout_20,fixed_rr_1.5,1,32.9924573290278,100.0,32.99245732902779,0.0,329924.5732902779,0.0,0.0
failed_breakout_20,fixed_rr_2.0,1,32.9924573290278,100.0,32.99245732902779,0.0,329924.5732902779,0.0,0.0
failed_breakout_20,fixed_rr_2.5,1,32.9924573290278,100.0,32.99245732902779,0.0,329924.5732902779,0.0,0.0
failed_breakout_20,fixed_pct_0.03,1,32.9924573290278,100.0,32.99245732902779,0.0,329924.5732902779,0.0,0.0
failed_breakout_20,fixed_pct_0.05,1,32.9924573290278,100.0,32.99245732902779,0.0,329924.5732902779,0.0,0.0
rsi14_ob75,fixed_rr_1.0,1,32.7948325718582,100.0,32.79483257185819,0.0,327948.32571858185,0.0,0.0
rsi14_ob75,fixed_rr_1.5,1,32.7948325718582,100.0,32.79483257185819,0.0,327948.32571858185,0.0,0.0
rsi14_ob75,fixed_rr_2.0,1,32.7948325718582,100.0,32.79483257185819,0.0,327948.32571858185,0.0,0.0
rsi14_ob75,fixed_rr_2.5,1,32.7948325718582,100.0,32.79483257185819,0.0,327948.32571858185,0.0,0.0
rsi14_ob75,fixed_pct_0.03,1,32.7948325718582,100.0,32.79483257185819,0.0,327948.32571858185,0.0,0.0
rsi14_ob75,fixed_pct_0.05,1,32.7948325718582,100.0,32.79483257185819,0.0,327948.32571858185,0.0,0.0
rsi7_ob70,fixed_rr_1.5,2,32.704730975499615,50.0,33.02335187319884,0.2395225298509507,137.87158933962706,0.23952252985095512,1.3938463502010723
rsi7_ob70,fixed_rr_2.0,2,32.704730975499615,50.0,33.02335187319884,0.2395225298509507,137.87158933962706,0.23952252985095512,1.3938463502010723
rsi7_ob70,fixed_rr_2.5,2,32.704730975499615,50.0,33.02335187319884,0.2395225298509507,137.87158933962706,0.23952252985095512,1.3938463502010723
rsi7_ob70,fixed_pct_0.03,2,32.704730975499615,50.0,33.02335187319884,0.2395225298509507,137.87158933962706,0.23952252985095512,1.3938463502010723
rsi7_ob70,fixed_pct_0.05,2,32.704730975499615,50.0,33.02335187319884,0.2395225298509507,137.87158933962706,0.23952252985095512,1.3938463502010723
failed_breakout_20,fixed_pct_0.02,4,32.641605836541856,50.0,17.32431590751043,0.985607537041083,17.57729649625062,1.9637779133416289,1.1510235778790068
failed_breakout_12,fixed_pct_0.02,4,32.62156224455788,50.0,17.32431590751043,0.9930525598760215,17.445517596443537,1.9785922547600963,1.1502943009805642
vol_climax_2.5x,fixed_pct_0.02,2,32.096796892417686,50.0,32.90347652866794,0.6069665424261826,54.2097038778205,0.6069665424261794,1.3629829466283427
vol_climax_2.5x,fixed_pct_0.03,2,32.096796892417686,50.0,32.90347652866794,0.6069665424261826,54.2097038778205,0.6069665424261794,1.3629829466283427
vol_climax_2.5x,fixed_pct_0.05,2,32.096796892417686,50.0,32.90347652866794,0.6069665424261826,54.2097038778205,0.6069665424261794,1.3629829466283427
rsi14_ob80,fixed_rr_1.5,3,31.997848142832417,33.33333333333333,32.69753127533882,0.2638738016911195,61.9567593785102,0.527276676349453,1.1952934532732031
rsi14_ob80,fixed_rr_2.0,3,31.997848142832417,33.33333333333333,32.69753127533882,0.2638738016911195,61.9567593785102,0.527276676349453,1.1952934532732031
rsi14_ob80,fixed_rr_2.5,3,31.997848142832417,33.33333333333333,32.69753127533882,0.2638738016911195,61.9567593785102,0.527276676349453,1.1952934532732031
rsi14_ob80,fixed_pct_0.02,3,31.997848142832417,33.33333333333333,32.69753127533882,0.2638738016911195,61.9567593785102,0.527276676349453,1.1952934532732031
rsi14_ob80,fixed_pct_0.03,3,31.997848142832417,33.33333333333333,32.69753127533882,0.2638738016911195,61.9567593785102,0.527276676349453,1.1952934532732031
rsi14_ob80,fixed_pct_0.05,3,31.997848142832417,33.33333333333333,32.69753127533882,0.2638738016911195,61.9567593785102,0.527276676349453,1.1952934532732031
double_top_12,fixed_pct_0.03,3,31.861788233571552,33.33333333333333,33.158181190681624,0.4878369237428245,33.98490312734281,0.9735736441560783,1.1714283776375636
double_top_12,fixed_pct_0.05,3,31.861788233571552,33.33333333333333,33.158181190681624,0.4878369237428245,33.98490312734281,0.9735736441560783,1.1714283776375636
double_top_8,fixed_pct_0.03,3,31.82026179128956,33.33333333333333,33.158181190681624,0.5035326398867884,32.92555294740846,1.0047594428134854,1.1697478527152079
double_top_8,fixed_pct_0.05,3,31.82026179128956,33.33333333333333,33.158181190681624,0.5035326398867884,32.92555294740846,1.0047594428134854,1.1697478527152079
mean_rev_ema20_2pct,fixed_pct_0.03,2,31.818958120777108,50.0,35.78955200994612,2.924079084433675,12.239597827730337,2.924079084433673,1.2005796467852632
mean_rev_ema20_2pct,fixed_pct_0.05,2,31.818958120777108,50.0,35.78955200994612,2.924079084433675,12.239597827730337,2.924079084433673,1.2005796467852632
rsi14_ob70,fixed_rr_2.0,10,31.762573011779537,50.0,6.656930133455132,0.2582936155138172,25.772724270449597,0.9460192133725509,1.0286632819673256
rsi14_ob70,fixed_rr_1.5,10,31.556509912325794,50.0,6.625574163858291,0.2582936155138172,25.651327659331407,1.0383041013780736,1.0231216725911607
vol_climax_2x,fixed_pct_0.03,3,31.518783572610577,33.33333333333333,32.90347652866794,0.5222672740825385,31.50061104869067,1.041878656769879,1.1673248088900654
vol_climax_2x,fixed_pct_0.05,3,31.518783572610577,33.33333333333333,32.90347652866794,0.5222672740825385,31.50061104869067,1.041878656769879,1.1673248088900654
rsi14_ob70,fixed_rr_2.5,10,31.468463708005224,40.0,8.29497130153851,0.23501436686857027,23.530394934471957,1.2296234249735138,1.0207215115195614
rsi14_ob70,fixed_rr_1.0,10,31.350662862193168,50.0,6.594218194261448,0.2582936155138172,25.529931048213218,1.1305433142850485,1.0175797897462076
double_top_12,fixed_rr_2.5,36,30.865208368284524,27.77777777777778,4.805051534351746,0.6103932423810042,3.0277149477809395,7.6012463092385545,0.9056146066690208
rsi14_ob70,fixed_pct_0.03,8,30.70132276932389,12.5,32.69753127533882,0.21621411494685275,21.603935976266694,1.5043297993788007,1.0127973536651478
rsi14_ob70,fixed_pct_0.05,8,30.70132276932389,12.5,32.69753127533882,0.21621411494685275,21.603935976266694,1.5043297993788007,1.0127973536651478
ema_5_20_cross_down,fixed_pct_0.03,18,30.43587183353811,16.666666666666664,13.82527402164863,0.6434669936512144,4.297119870344895,6.932565117581624,0.9071326550963618
failed_breakout_8,fixed_pct_0.02,4,30.257496727119193,50.0,17.147795980426427,1.7494296365300541,9.801935226408197,3.4689926936171185,1.077596727501623
ema_5_20_cross_down,fixed_pct_0.05,16,30.144809929823246,12.5,20.242886032472942,0.6325227201519654,4.571916185219521,6.932565117581624,0.9015502989929901
double_top_8,fixed_rr_2.5,41,29.006610546036615,24.390243902439025,4.805051534351746,0.558056793694202,2.777524871122339,7.482310740641285,0.8633765820946288
ema_5_20_cross_down,fixed_rr_1.0,221,27.152489328096173,55.203619909502265,1.0131513402854568,0.988716088722248,1.2627790209287557,13.019215872438272,1.3978873833898313
ema_5_20_cross_down,fixed_rr_2.0,178,24.24037959634957,37.640449438202246,2.0530409158654654,1.0160154304072682,1.2196890500622586,18.85424185327991,0.9932164959871145
ema_5_20_cross_down,fixed_pct_0.02,189,24.22175849936807,35.44973544973545,1.9901000000000022,0.8984875229285162,1.2164039484149383,13.555332546916333,1.1785616836502537
double_top_8,fixed_rr_2.0,67,24.001555816768217,34.32835820895522,2.0768238186475823,0.5395450980241864,2.0120884327041475,7.456578262006906,1.0135808545438683
double_top_12,fixed_rr_2.0,57,22.13207675420037,33.33333333333333,2.3468515517422843,0.5814806390630537,2.0179962960794295,8.228283423101049,0.9515083290768004
ema_10_50_cross_down,fixed_pct_0.03,18,21.808812978325665,5.555555555555555,35.21684836236933,0.6118357762457226,3.3858420770110578,9.915950228414804,0.7121469904138062
ema_10_50_cross_down,fixed_pct_0.05,18,21.808812978325665,5.555555555555555,35.21684836236933,0.6118357762457226,3.3858420770110578,9.915950228414804,0.7121469904138062
double_top_8,fixed_rr_1.5,69,16.73210129729654,34.78260869565217,1.748523415021915,0.5345686972642496,1.7444826569858851,10.336104509332174,0.7634358291013803
double_top_12,fixed_rr_1.0,79,16.1404788168134,43.037974683544306,1.1979579884520335,0.5194424966177038,1.7424908808784652,10.15281194617561,0.7454941290044506
mean_rev_ema50_3pct,time_based_16,32,15.786913987441388,40.625,3.6060042838038813,1.5938993167033815,1.5479435012378475,9.882930014641705,0.8343352955335853
double_top_12,fixed_rr_1.5,58,15.277505979774752,32.758620689655174,2.057314849989327,0.5754682764233591,1.7416800102586156,10.953848997836246,0.7108801290406261
ema_5_20_cross_down,fixed_rr_2.5,108,14.621821572454863,31.48148148148148,2.5775792209606276,0.9665798176246089,1.2252409309423933,19.528573506089543,0.716954113290031
double_top_8,fixed_rr_1.0,96,14.572035900090086,42.70833333333333,1.0559673445185644,0.4961030765745918,1.5867179503463,10.938076821895889,0.6852878926064708
ema_5_20_cross_down,time_based_16,237,12.131079592625827,38.39662447257383,1.2987505486317197,0.7166408752693848,1.1295688438993894,18.923737502380337,0.6567120147338372
mean_rev_ema20_2pct,time_based_16,30,12.108932252291037,36.666666666666664,3.6672642833731475,1.4325022426147915,1.482128923084925,9.882930014641705,0.7036534668855143
mean_rev_ema20_2.5pct,time_based_16,17,10.312631768280278,29.411764705882355,5.9489894716036265,1.5383301412737567,1.6113222686488773,9.88293001464171,0.6504959290106044
consec_greens_3,fixed_pct_0.03,95,8.827654280055985,12.631578947368421,3.7346794619509627,0.4227959194238829,1.2771023378969628,10.347956664712887,0.5984109466901109
mean_rev_ema50_3pct,fixed_rr_2.5,9,7.627029685698106,44.44444444444444,5.203242271289139,2.3884299183297832,1.7428159750829917,10.02578003486991,0.49756566769379634
mean_rev_ema50_3pct,rsi_exit_50,33,6.22959114417152,48.484848484848484,2.186973809571032,1.6439235082942447,1.252082764785521,9.882930014641714,0.49742834564699284
mean_rev_ema50_3pct,time_based_8,33,5.7407960309177275,45.45454545454545,2.241144132667335,1.505964038023154,1.240149209012784,7.207969470869491,0.4759846369982187
mean_rev_ema20_2.5pct,fixed_rr_2.5,4,5.430208640084189,25.0,16.10213728746254,3.1213029751614076,1.7195956747977312,9.191845125947374,0.38837383454701346
failed_breakout_8,time_based_16,368,5.180059259464764,35.59782608695652,1.4202259014536185,0.7421138775142243,1.0578152543890742,21.53733619587938,0.31220052204971604
mean_rev_ema20_2pct,rsi_exit_50,30,5.144782368833245,46.666666666666664,2.149695629153739,1.5102923199705682,1.245443448686925,9.882930014641722,0.4378854015128834
consec_greens_3,fixed_rr_1.5,104,4.839470487941577,36.53846153846153,0.9095230361582499,0.4353254413599556,1.2029271176024456,9.904030085051241,0.37881684342977595
consec_greens_3,fixed_rr_1.0,119,4.77683499146806,46.21848739495798,0.595340824519641,0.42233898315769014,1.2113989981373345,10.349364196206286,0.3805107000276754
consec_greens_4,fixed_pct_0.03,58,4.694334423238189,12.068965517241379,4.266486220487364,0.4758784033953651,1.2305583605640336,8.475855565450091,0.3839424889539587
vol_climax_2.5x,fixed_rr_1.5,13,4.277890544804408,38.46153846153847,3.592902360299553,1.5800054885381676,1.4212380852327497,11.058784239631123,0.3435362733747945
failed_breakout_20,time_based_16,222,3.9743108510967184,42.792792792792795,1.2932491754384812,0.9076887064088907,1.0657741014678803,17.760220883114847,0.27650538408922415
double_top_8,fixed_pct_0.02,447,3.5814914632770645,24.161073825503358,1.9901000000000026,0.6146425251910613,1.031516911549446,23.699621767878547,0.2652269831943867
vol_climax_2.5x,fixed_rr_2.5,13,3.5760590847892626,30.76923076923077,4.571688592583281,1.5116419635466336,1.344142095616677,10.83659547006083,0.29763028008606923
vol_climax_2x,fixed_rr_1.5,19,3.5490770590495657,36.84210526315789,2.745195056133108,1.2153557722645238,1.3176090650069945,11.809726396296877,0.2971067969936297
ema_10_50_cross_down,fixed_rr_1.5,103,3.233889183188654,37.86407766990291,1.612396016532784,0.9117356008679923,1.0776740774839244,17.75869530667351,0.27336746794751293
consec_greens_3,fixed_rr_2.5,98,3.0362263722643723,26.53061224489796,1.3535423875702033,0.43094718474852733,1.1341974441640266,10.133243522087062,0.26280307936895253
mean_rev_ema20_2.5pct,time_based_8,18,2.986966894946308,38.88888888888889,2.889476729061937,1.5114350093025393,1.2165643293802397,6.784738654626096,0.31235497911906124
vol_climax_2.5x,fixed_rr_1.0,13,2.898176640153749,38.46153846153847,3.322994662512425,1.5800054885381676,1.314471170598149,11.169878624416281,0.2578668490407499
consec_greens_4,fixed_pct_0.02,208,2.8582508307694043,19.230769230769234,1.9901000000000018,0.45076466380124797,1.051176747834558,7.833585296550516,0.2654918386163908
mean_rev_ema20_2.5pct,rsi_exit_50,17,2.8234814816560982,35.294117647058826,3.666610486536843,1.6732438123995257,1.1952647554839932,9.882930014641703,0.2815823323839229
vol_climax_2x,fixed_rr_1.0,19,2.719322586629569,42.10526315789473,2.238425526849691,1.2817946144752925,1.270052018727877,11.079882222690692,0.24608991396027902
vol_climax_2.5x,fixed_rr_2.0,13,2.698614980805547,30.76923076923077,4.353645690801168,1.5116419635466336,1.2800343513990982,10.947689854846013,0.24408873805805406
vol_climax_2x,fixed_rr_2.5,18,2.6521961575919573,27.77777777777778,3.869134876936074,1.1960771562145114,1.2441745844652494,11.58941359516692,0.23989169178883826
consec_greens_3,fixed_rr_2.0,100,1.808409755057827,28.999999999999996,1.141372652326372,0.4250814105988538,1.0967180685918279,11.998493433775202,0.18775233290968227
consec_greens_3,fixed_pct_0.05,67,1.7546446822875872,5.970149253731343,7.221303874041559,0.40962860549534685,1.1192955714401127,13.299487877039729,0.18196382238124756
vol_climax_2x,fixed_rr_2.0,18,1.567263695583776,27.77777777777778,3.651943754936492,1.1960771562145114,1.174333733071266,11.699569995731895,0.17280922670834103
mean_rev_ema20_2pct,time_based_8,31,1.0912909997730758,45.16129032258064,1.7807275908365854,1.3599924018488536,1.0783012783021537,6.784738654626085,0.14934746680268893
mean_rev_ema50_3pct,fixed_pct_0.02,38,0.9587376282066851,50.0,1.990100000000001,1.889093173882148,1.053468419405847,8.175751872380935,0.13924750922097429
ema_10_50_cross_down,fixed_rr_1.0,105,0.5290431346559377,48.57142857142857,1.013119410396201,0.9315630942070834,1.0271284947392108,16.713814564743164,0.10516518408266111
mean_rev_ema50_3pct,fixed_rr_1.0,36,0.0518010096152377,52.77777777777778,1.9812409234344277,2.1329281651546466,1.0381634632954237,10.478937428968916,0.08482382388012134
consec_greens_4,fixed_pct_0.05,39,-0.08556415717791976,5.128205128205128,9.779858678870752,0.4996227839686082,1.058080269017324,15.678481846115233,0.06775235267738815
ema50_rej_2.0pct,fixed_pct_0.02,54,-0.09777176999964388,35.18518518518518,1.9901000000000024,1.0625814909997473,1.0167126090099174,8.499610001979933,0.051894602643421224
consec_greens_3,fixed_pct_0.02,419,-0.4201463879954015,17.899761336515514,1.9901000000000026,0.42893504456359616,1.0115472887900603,15.239965389856344,0.08248431261524035
rsi7_ob70,rsi_exit_50,480,-0.5517349798367155,36.666666666666664,0.5389069367243194,0.31068422053632816,1.004231088086154,11.74067139286427,0.028980056655874435
ema50_rej_2.0pct,rsi_exit_50,55,-0.9229009745099548,41.81818181818181,1.3789927742506123,0.9996286739486054,0.9915192334144531,8.711047251567146,-0.023676472722021526
ema50_rej_2.0pct,fixed_pct_0.05,52,-1.2558244159167176,17.307692307692307,4.990250000000007,1.0394110938987828,1.0048679837683832,11.532297196973104,0.012520870456721464
double_top_12,fixed_pct_0.02,389,-2.0556566023240186,23.90745501285347,1.9901000000000029,0.6232703270891431,1.003204995055023,22.162640387593598,0.02552699004152841
ema50_rej_2.0pct,fixed_rr_1.0,37,-2.478659328735411,59.45945945945946,0.9130277779896492,1.47768347193632,0.90622073884566,7.020689311668001,-0.2258125062295411
ema50_rej_2.0pct,time_based_8,56,-2.963451858493915,35.714285714285715,1.5351191437437168,0.9130474573701667,0.9340631331507563,9.076720315584907,-0.16589115678286626
mean_rev_ema20_2pct,fixed_rr_2.5,11,-3.0755162647853163,27.27272727272727,5.939080243505217,2.4194693132172405,0.9205138825889639,16.51791603522771,-0.08359936575788407
rsi7_ob70,time_based_16,429,-3.4390372699184657,21.678321678321677,1.2465995296452352,0.350116785310912,0.9855024258111115,20.852543606485842,-0.08963422806026668
ema50_rej_2.0pct,fixed_rr_2.5,33,-3.726792010915181,36.36363636363637,2.092294298671623,1.3431731284549377,0.8901285446898227,8.422061662040841,-0.26259592332022597
mean_rev_ema20_2.5pct,fixed_pct_0.02,19,-3.793809091753564,47.368421052631575,1.9901000000000018,2.113592690957815,0.8474149289323737,8.175751872380932,-0.2886703101598924
ema_10_50_cross_down,fixed_rr_2.5,89,-4.003551267498818,24.719101123595504,2.5756707508479746,0.8853775912836065,0.9552338380065089,19.664146909855255,-0.155595391665884
ema50_rej_2.0pct,fixed_rr_2.0,33,-4.034067579194279,42.42424242424242,1.6516669192923896,1.4024199945331972,0.8677983305635979,8.635486258052032,-0.3245868670624039
ema_5_20_cross_down,rsi_exit_50,275,-4.512063638381536,45.81818181818182,0.3543927412737317,0.3282754921737374,0.9129156108954742,9.649410847217014,-0.5030886653977718
mean_rev_ema20_2.5pct,fixed_rr_2.0,17,-4.6381144941219805,29.411764705882355,5.120534346487181,2.3810035410261006,0.8960742564807483,14.528992564822774,-0.15419819751908312
failed_breakout_12,time_based_16,310,-5.155721341676889,39.35483870967742,1.2391224293492102,0.8118987711807879,0.9904084009847101,17.180973804884236,-0.052372712936845915
ema20_rej_2.0pct,time_based_8,23,-5.448351219614489,30.434782608695656,2.1559463756535115,1.2554860908345702,0.7512839419203857,8.61478105571346,-0.45181336430265245
ema_10_50_cross_down,fixed_pct_0.02,103,-5.668294082689784,28.155339805825243,1.9469063921163756,0.829061564127738,0.9202897135216221,16.555680944138505,-0.35550416920352956
mean_rev_ema20_2.5pct,fixed_rr_1.0,17,-5.786585199798855,47.05882352941176,2.2656266382087225,2.573707250317931,0.7824861762446539,10.214779944146901,-0.374107452564711
ema20_rej_2.0pct,fixed_pct_0.02,23,-5.994701708221828,30.434782608695656,1.990100000000003,1.2336909843062625,0.705742978651661,7.644411483681844,-0.6824701115755704
consec_greens_4,fixed_rr_1.0,157,-6.065177541613142,47.13375796178344,0.48422474295702433,0.5026035031947702,0.8589642586726036,9.475843256193984,-0.6838435016227469
ema_10_50_cross_down,fixed_rr_2.0,90,-6.189745106920796,31.11111111111111,1.8572489887966737,0.9238354097872216,0.9079080526225363,19.347059809922545,-0.35162653522519693
ema20_rej_2.0pct,time_based_16,23,-6.212876052261917,13.043478260869565,5.699317709139527,1.132517068905542,0.7548651405290494,10.746749724327662,-0.417154139250203
ema50_rej_2.0pct,time_based_16,53,-6.600544778075812,22.641509433962266,2.929758984223643,0.9938845809793866,0.8627666137671016,11.137343886986532,-0.35118458459309293
ema50_rej_2.0pct,fixed_rr_1.5,33,-6.9971723340665815,45.45454545454545,1.2562402974801643,1.4225136309097683,0.7359275101619097,9.32587166034296,-0.6908800672089651
ema20_rej_1.5pct,time_based_8,34,-7.33492331144433,29.411764705882355,1.8520786661085196,1.0610408919139773,0.7273041501914592,12.26352176818442,-0.5966937634850957
ema50_rej_2.0pct,fixed_pct_0.03,52,-7.549720776731883,23.076923076923077,2.990150000000004,1.0704156375782037,0.8380342817389602,13.654954811794939,-0.5130689711489732
ema20_rej_2.0pct,rsi_exit_50,23,-7.7698143889248446,26.08695652173913,2.2598966895367867,1.246050195299935,0.6401111281998632,8.204754309890598,-0.801876587066772
consec_greens_4,fixed_rr_1.5,153,-8.148756731757445,36.60130718954248,0.739210976917451,0.5090057926971955,0.838420667284216,12.301177062620857,-0.7823782149603298
ema20_rej_2.0pct,fixed_rr_1.0,23,-8.231456020155791,43.47826086956522,0.8911230057402625,1.3247739597619623,0.5174310908919023,9.788207987834884,-1.1547865322371977
ema20_rej_1.5pct,rsi_exit_50,34,-8.323805476177991,29.411764705882355,1.7681498893284264,1.0770720859371206,0.684010968413976,10.36045579161738,-0.8069461172352809
ema20_rej_1.5pct,fixed_rr_1.0,34,-8.326566091919474,47.05882352941176,0.8627453436756044,1.230976023426588,0.6229891852801025,10.776702553067572,-1.0372965081089938
rsi7_ob70,time_based_8,470,-8.66740347753472,27.872340425531917,0.7387037426074512,0.3091568645790471,0.9233428758889481,19.446160560890522,-0.5589186929647078
consec_greens_4,fixed_rr_2.0,148,-9.527383673016177,29.72972972972973,1.009807958902764,0.5170196009392594,0.826325430167513,15.731531549390088,-0.8043853408225122
mean_rev_ema20_2.5pct,fixed_pct_0.03,18,-9.643271006806753,33.33333333333333,2.990150000000003,2.2681303737474705,0.6591662530976098,14.251000055290696,-0.7232032245381658
ema20_rej_1.5pct,fixed_pct_0.02,34,-9.692926165429217,26.47058823529412,1.9901000000000038,1.1056850878804085,0.6479566450275681,11.675858768807027,-1.0301325801327539
mean_rev_ema20_2.5pct,fixed_rr_1.5,17,-10.120326230321286,29.411764705882355,3.8379007598653923,2.3810035410261006,0.6716182017610239,15.436236953026592,-0.5860338676093828
ema_10_50_cross_down,time_based_16,109,-10.226655773003479,34.862385321100916,0.9984567653820706,0.6774433238505615,0.7888265958724541,19.64304897278122,-0.9071315130705822
rsi14_ob70,rsi_exit_50,200,-10.290096461578646,28.499999999999996,0.9037020247983291,0.430068321155777,0.837580619831457,14.429384999979645,-0.7557351235898746
ema_5_20_cross_down,time_based_8,260,-10.372560447137325,42.69230769230769,0.7873328121924954,0.6509556623442011,0.90103913130892,22.699997528312647,-0.5821936830309421
rsi14_ob80,time_based_8,59,-10.851880136811564,25.423728813559322,0.8709726376186084,0.551655559389303,0.538238915648659,16.394729099063472,-1.5377320625182231
ema20_rej_1.5pct,time_based_16,34,-10.857646310579893,11.76470588235294,4.738574596007055,0.9842528130935969,0.6419183544402961,14.642775717913123,-0.7735228510419853
mean_rev_ema20_2pct,fixed_pct_0.02,32,-10.97216580191549,40.625,1.990100000000002,1.926545575367595,0.7067818098002923,13.675352205168789,-0.8215522852197821
ema_10_50_cross_down,rsi_exit_50,113,-11.141673128452311,35.39823008849557,0.2233968979953425,0.2831691082544979,0.4322832385569225,11.647064874665206,-3.1173736196319903
ema_10_50_cross_down,time_based_8,111,-11.256738723027016,36.93693693693694,0.7281646675451664,0.5900580379807665,0.7228042339582527,18.3384858242962,-1.1563516414211186
mean_rev_ema20_2.5pct,fixed_pct_0.05,18,-11.509627295750203,22.22222222222222,4.990250000000004,2.218947475840874,0.6425504568310756,15.220354878971332,-0.7548310509650615
vol_climax_2.5x,rsi_exit_50,58,-11.591357655228386,37.93103448275862,1.0381203737515776,0.9589764228253065,0.6615458732565486,13.983902952501728,-1.050651543703222
vol_climax_2.5x,time_based_8,58,-11.747414237818255,31.03448275862069,1.2553413126219775,0.8616682537306847,0.6555929015999828,13.652132065210251,-1.0764258554098998
ema20_rej_2.0pct,fixed_pct_0.03,23,-11.919254100343302,17.391304347826086,2.9901500000000065,1.2737849469874338,0.4942005827959485,13.329887556681616,-1.3438593770411713
rsi14_ob80,rsi_exit_50,59,-12.392303896467816,27.11864406779661,0.708351409931572,0.5651488679292945,0.466377325703026,16.948566372967253,-1.8511682194488817
ema20_rej_2.0pct,fixed_rr_2.0,23,-12.948402323077312,26.08695652173913,1.412507999759314,1.2944569138253055,0.3851284889320383,12.948402323077312,-1.7733922808615619
consec_greens_4,rsi_exit_50,228,-13.030969751854615,38.59649122807017,0.44585527651133317,0.3772744927789833,0.7428328536830516,13.911230392224086,-1.5688384112703055
vol_climax_2x,time_based_8,89,-13.117260986080048,29.213483146067414,1.358905456165777,0.7685040811004765,0.7297529558512592,17.310316786599365,-0.9377100866142568
ema20_rej_2.0pct,fixed_rr_1.5,23,-13.16485934958882,30.434782608695656,1.0635441898164937,1.3283386655311151,0.3502876149876078,13.16485934958882,-1.9148523702337548
rsi14_ob75,rsi_exit_50,111,-13.257747468609127,25.225225225225223,0.9896373527610756,0.495836738279729,0.6733134901321562,16.396908857822826,-1.0807665879002046
failed_breakout_12,rsi_exit_50,339,-13.36210259279984,57.227138643067846,0.5090817777530193,0.7666927015573444,0.8883824094867495,18.851889050626635,-0.6319701966741588
ema20_rej_1.5pct,fixed_pct_0.03,34,-13.71689439266226,17.647058823529413,2.9901500000000034,1.1466066228882592,0.5588197519367305,17.113156064026754,-1.3403350318828038
failed_breakout_20,time_based_8,254,-14.17682560098138,45.2755905511811,0.6690754720569919,0.652965677923824,0.847749994002185,18.903307913622832,-0.8041953466566117
rsi14_ob80,time_based_16,59,-14.190197571766404,16.94915254237288,1.1701217490280047,0.5444993408982473,0.4385686795332895,19.1684228017124,-1.9199771294408503
ema20_rej_2.0pct,fixed_rr_2.5,23,-14.428533246521658,21.73913043478261,1.5754804458634084,1.2840183690322955,0.3408311498799693,14.428533246521658,-1.9959960214196308
mean_rev_ema20_2pct,fixed_rr_1.0,30,-14.433798384249352,43.333333333333336,1.7336749650685108,2.177723621302919,0.6087785570708605,16.185168941500272,-0.9952664778884338
ema20_rej_2.0pct,fixed_pct_0.05,23,-14.51512631281986,8.695652173913043,4.9902500000000085,1.197351753972132,0.3969275554867289,14.51512631281986,-1.5626608615507063
ema20_rej_1.5pct,fixed_rr_1.5,34,-14.755279126365838,32.35294117647059,1.1193695461455933,1.2125848079168375,0.4414954310899877,15.530396835805135,-1.8715095784418325
mean_rev_ema50_3pct,fixed_rr_2.0,33,-14.81518590847558,30.303030303030305,3.2892208430031795,2.039471269839012,0.7012092005639878,23.90974085105992,-0.6895863015783632
failed_breakout_8,rsi_exit_50,449,-15.190068024897895,54.342984409799556,0.46339111249343906,0.6218145989473469,0.8869982258754512,20.346034973928433,-0.7090436662029217
vol_climax_2.5x,time_based_16,58,-15.210507441768383,25.862068965517242,1.6068377621779715,0.9272970711881268,0.6044716608902566,16.682247751065155,-1.3308235868777905
vol_climax_2x,time_based_16,88,-15.55383060896286,25.0,1.7917598875796257,0.8334699909527498,0.7165864426350224,19.355826180223,-0.9561871346961941
mean_rev_ema50_3pct,fixed_rr_1.5,33,-15.591283228220298,36.36363636363637,2.393472379962588,2.1026744943624984,0.6504566001550476,22.89091960991665,-0.8914660377316861
ema20_rej_1.5pct,fixed_rr_2.0,34,-15.788090076273264,26.47058823529412,1.4364355360252712,1.1873013603349813,0.43553962813889135,15.788090076273264,-1.9164790635311355
vol_climax_2x,rsi_exit_50,88,-16.02531719858542,36.36363636363637,0.9929706774050444,0.8654756246492766,0.6556069281442352,17.997058053614857,-1.3596709853597782
consec_greens_4,fixed_rr_2.5,148,-16.757709816549347,22.2972972972973,1.2690622686312953,0.5168016665009622,0.704652709311897,19.671148575880437,-1.4009190590777725
ema20_rej_1.5pct,fixed_rr_2.5,34,-16.93662036096043,20.588235294117645,1.8457470820703274,1.148718595951531,0.41657462755803015,17.629178379661166,-2.0015610949165836
rsi14_ob75,time_based_8,113,-17.1546291375138,23.008849557522122,0.9689678775799442,0.49876535785289117,0.5805868481713325,19.912128230411543,-1.6606308303285544
mean_rev_ema20_2pct,fixed_rr_2.0,30,-17.381259193493925,26.666666666666668,3.5483829746580557,2.0684338277003653,0.6238154996374171,18.357899689682846,-0.8558880389922089
ema20_rej_1.5pct,fixed_pct_0.05,34,-17.887484972313562,8.823529411764707,4.990250000000008,1.096226999206154,0.440535965365346,19.77841629658,-1.670631163454018
consec_greens_3,rsi_exit_50,514,-18.171484236902756,35.992217898832685,0.5206949755784656,0.3498830589626708,0.8368281917169361,18.423997113202184,-1.1719116306584467
rsi14_ob75,time_based_16,111,-18.530505579915513,18.01801801801802,1.235387216885011,0.48973010922976185,0.5544149091990551,23.325673957090874,-1.791725738567934
mean_rev_ema20_2pct,fixed_rr_1.5,30,-19.816622514978853,30.0,2.6047657655534877,2.097165786415207,0.5323032601754417,22.506300936455393,-1.2159040186937327
consec_greens_4,time_based_16,221,-20.13155248407854,21.71945701357466,1.1643063065246968,0.4479123411445494,0.7212226471103657,24.780546213992643,-1.6343119350498736
rsi14_ob70,time_based_16,199,-20.158599336703166,19.09547738693467,1.277275716983274,0.4351390251034568,0.6928103097499991,24.31252995981135,-1.5318522611610994
failed_breakout_12,time_based_8,361,-21.28453449950275,45.70637119113574,0.6210228701698378,0.6357651989381187,0.8223159525988495,23.232718111708344,-1.1696120700858215
failed_breakout_20,rsi_exit_50,231,-22.152636927907366,58.87445887445888,0.5266359948162161,0.9982754092064131,0.7552234545220896,24.52391816882776,-1.2255689460874615
rsi14_ob70,time_based_8,204,-22.603096974450576,26.96078431372549,0.6710188387508945,0.4158928518188508,0.5955657005800437,24.55856054448422,-2.4034798301358786
consec_greens_3,time_based_16,465,-22.713900977656,19.56989247311828,1.4167380123178308,0.4063589303594504,0.8483001195406386,23.543828995661876,-0.9751446898612022
consec_greens_4,time_based_8,230,-25.209711663113854,27.391304347826086,0.6201136006497782,0.40466505470060543,0.578095558750155,27.808796765478288,-2.790429707584443
consec_greens_3,time_based_8,504,-27.523578327625884,26.190476190476193,0.812450785509044,0.37082697139209836,0.777421845353339,27.612269831312496,-1.7731257148863777
double_top_12,rsi_exit_50,586,-28.911545845403186,43.1740614334471,0.48932467856326295,0.46958310995219943,0.7917005368178384,30.11739816889915,-1.8502957012281174
double_top_12,time_based_16,479,-29.727094701292145,26.513569937369518,1.4234795377199583,0.6028236206713935,0.8519655322660079,38.819389260387595,-1.1173715367183799
double_top_8,time_based_16,549,-29.907959229856086,26.229508196721312,1.4427774462273806,0.5900617557312274,0.8693794021622159,35.129354567516444,-1.0502777075530594
failed_breakout_8,time_based_8,459,-30.034579514970062,42.26579520697168,0.6378166854827712,0.5937632715656981,0.7863907608338189,30.966756369722265,-1.6411951189434972
double_top_8,rsi_exit_50,741,-33.08959285414673,42.37516869095816,0.4636458140150431,0.4310585949163558,0.7909550573092768,34.188514133365075,-2.085935796741839
double_top_12,time_based_8,540,-41.322709009314366,32.03703703703704,0.8318411935840591,0.530079102058493,0.7397411519586307,42.387266468900734,-2.1707018720605835
double_top_8,time_based_8,662,-44.555772501604366,32.02416918429003,0.8445724649802586,0.522097269741609,0.7620945280706372,45.65697727051309,-2.2350498172418014
