entry_time,entry_price,exit_price,exit_reason,pnl_pct,bars_held,equity
2025-12-02 04:52:00,0.17981,0.17891094999999999,SL,-0.6000000000000069,4,9939.999999999998
2025-12-02 04:56:00,0.17911,0.18090109999999998,TP,0.8999999999999946,4,10029.459999999997
2025-12-02 06:01:00,0.18764,0.1867018,SL,-0.6000000000000001,2,9969.283239999997
2025-12-02 06:02:00,0.1872,0.18907200000000002,TP,0.9000000000000067,5,10059.006789159997
2025-12-02 06:03:00,0.188,0.18706,SL,-0.5999999999999981,2,9998.652748425038
2025-12-02 06:05:00,0.18711,0.1889811,TP,0.9000000000000077,2,10088.640623160865
2025-12-02 07:33:00,0.19062,0.1896669,SL,-0.6000000000000064,1,10028.108779421898
2025-12-02 07:34:00,0.19104,0.1929504,TP,0.9000000000000036,1,10118.361758436697
2025-12-02 09:10:00,0.20481,0.20378595,SL,-0.5999999999999993,2,10057.651587886076
2025-12-02 09:12:00,0.20498,0.2039551,SL,-0.5999999999999976,6,9997.30567835876
2025-12-02 09:19:00,0.20499,0.20396505,SL,-0.5999999999999983,1,9937.321844288608
2025-12-02 09:21:00,0.2027,0.2016865,SL,-0.6000000000000003,2,9877.697913222877
2025-12-02 09:23:00,0.20105,0.2030605,TP,0.899999999999999,3,9966.597194441882
2025-12-02 09:24:00,0.20075,0.2027575,TP,0.8999999999999977,1,10056.296569191858
2025-12-02 09:56:00,0.20432,0.2032984,SL,-0.6000000000000055,1,9995.958789776707
2025-12-02 09:57:00,0.20262,0.2016069,SL,-0.5999999999999945,3,9935.983037038048
2025-12-02 09:58:00,0.20325,0.20223375,SL,-0.5999999999999982,2,9876.36713881582
2025-12-02 09:59:00,0.20448,0.2034576,SL,-0.6000000000000032,1,9817.108935982926
2025-12-02 10:00:00,0.19751,0.19652245,SL,-0.6000000000000019,1,9758.206282367028
2025-12-02 10:01:00,0.19612,0.19808119999999999,TP,0.899999999999998,2,9846.03013890833
2025-12-02 10:02:00,0.19698,0.19599509999999998,SL,-0.6000000000000055,2,9786.95395807488
2025-12-02 10:04:00,0.18878,0.1878361,SL,-0.5999999999999988,1,9728.232234326431
2025-12-02 10:05:00,0.19189,0.19093055,SL,-0.6000000000000003,1,9669.862840920472
2025-12-02 10:30:00,0.19271,0.19174644999999998,SL,-0.6000000000000039,5,9611.84366387495
2025-12-02 10:46:00,0.19022,0.1921222,TP,0.8999999999999962,1,9698.350256849824
2025-12-02 10:47:00,0.19211,0.19114945,SL,-0.6000000000000023,1,9640.160155308726
2025-12-02 11:31:00,0.20152,0.2035352,TP,0.8999999999999974,9,9726.921596706503
2025-12-02 11:36:00,0.20206,0.2040806,TP,0.9000000000000057,4,9814.463891076863
2025-12-02 11:46:00,0.20004,0.1990398,SL,-0.6000000000000033,4,9755.577107730402
2025-12-02 11:48:00,0.19996,0.1989602,SL,-0.5999999999999975,2,9697.043645084019
2025-12-02 11:50:00,0.19894,0.2009294,TP,0.9000000000000011,5,9784.317037889776
2025-12-02 13:12:00,0.20523,0.20420385,SL,-0.6000000000000016,1,9725.611135662437
2025-12-02 13:13:00,0.20318,0.20216409999999999,SL,-0.6000000000000069,2,9667.257468848462
2025-12-02 13:14:00,0.20352,0.2025024,SL,-0.6000000000000036,1,9609.25392403537
2025-12-02 13:15:00,0.20081,0.2028181,TP,0.9000000000000064,4,9695.73720935169
2025-12-02 13:16:00,0.20089,0.20289890000000002,TP,0.9000000000000039,3,9782.998844235855
2025-12-02 13:17:00,0.20124,0.2002338,SL,-0.6000000000000063,6,9724.30085117044
2025-12-02 13:52:00,0.20727,0.20934270000000002,TP,0.900000000000005,3,9811.819558830974
2025-12-02 14:11:00,0.20741,0.20637295,SL,-0.6000000000000055,2,9752.948641477988
2025-12-02 14:13:00,0.20566,0.2077166,TP,0.8999999999999959,2,9840.725179251289
2025-12-02 14:14:00,0.20731,0.20627345,SL,-0.5999999999999986,4,9781.68082817578
2025-12-02 14:19:00,0.20471,0.20368645,SL,-0.6000000000000059,6,9722.990743206725
2025-12-02 14:20:00,0.20487,0.20384565,SL,-0.6000000000000035,5,9664.652798747484
2025-12-02 14:28:00,0.20234,0.2013283,SL,-0.6000000000000021,1,9606.664881955
2025-12-02 14:29:00,0.20189,0.20390889999999998,TP,0.8999999999999952,2,9693.124865892592
2025-12-02 15:08:00,0.20581,0.20478095,SL,-0.6000000000000018,2,9634.966116697236
2025-12-02 15:09:00,0.20515,0.2072015,TP,0.9000000000000057,6,9721.680811747512
2025-12-02 15:10:00,0.20481,0.2068581,TP,0.8999999999999987,4,9809.175939053239
2025-12-02 15:11:00,0.20442,0.2064642,TP,0.899999999999998,2,9897.458522504718
2025-12-02 15:17:00,0.20396,0.20294020000000002,SL,-0.5999999999999938,1,9838.07377136969
2025-12-02 15:18:00,0.20234,0.2043634,TP,0.9000000000000042,3,9926.616435312018
2025-12-02 15:19:00,0.20369,0.20267155,SL,-0.600000000000002,5,9867.056736700146
2025-12-02 15:25:00,0.19814,0.1971493,SL,-0.6000000000000055,1,9807.854396279945
2025-12-02 15:26:00,0.19729,0.1992629,TP,0.8999999999999998,5,9896.125085846463
2025-12-02 15:27:00,0.19906,0.19806469999999998,SL,-0.6000000000000023,1,9836.748335331384
2025-12-02 16:00:00,0.19989,0.2018889,TP,0.8999999999999987,2,9925.279070349365
2025-12-02 16:45:00,0.20596,0.2049302,SL,-0.5999999999999988,1,9865.727395927268
2025-12-02 16:46:00,0.20549,0.2075449,TP,0.899999999999999,5,9954.518942490613
2025-12-02 16:47:00,0.20539,0.2074439,TP,0.8999999999999987,4,10044.109612973027
2025-12-02 17:00:00,0.20519,0.20416405,SL,-0.5999999999999989,2,9983.844955295188
2025-12-02 17:02:00,0.20344,0.2024228,SL,-0.599999999999998,4,9923.941885563418
2025-12-02 17:03:00,0.20371,0.20269145,SL,-0.6000000000000034,3,9864.398234250037
2025-12-02 17:05:00,0.20292,0.20190539999999998,SL,-0.6000000000000022,1,9805.211844844536
2025-12-02 17:06:00,0.20226,0.2012487,SL,-0.5999999999999964,2,9746.380573775468
2025-12-02 17:08:00,0.20201,0.2040301,TP,0.8999999999999984,4,9834.097998939447
2025-12-02 17:36:00,0.20468,0.20672680000000002,TP,0.9000000000000073,2,9922.604880929903
2025-12-02 17:58:00,0.21328,0.2122136,SL,-0.5999999999999978,1,9863.069251644323
2025-12-02 17:59:00,0.21521,0.21413395000000002,SL,-0.5999999999999976,1,9803.890836134457
2025-12-02 18:00:00,0.21153,0.2136453,TP,0.9000000000000067,1,9892.125853659667
2025-12-02 18:01:00,0.21342,0.2123529,SL,-0.5999999999999941,5,9832.77309853771
2025-12-02 18:07:00,0.20988,0.21197880000000002,TP,0.9000000000000057,2,9921.26805642455
2025-12-02 19:08:00,0.22701,0.2292801,TP,0.8999999999999987,2,10010.55946893237
2025-12-02 19:09:00,0.22792,0.23019920000000002,TP,0.9000000000000039,2,10100.654504152762
2025-12-02 19:29:00,0.22703,0.22589485,SL,-0.6000000000000006,1,10040.050577127846
2025-12-02 19:30:00,0.22437,0.22661370000000003,TP,0.9000000000000067,2,10130.411032321997
2025-12-02 19:31:00,0.22521,0.2274621,TP,0.9000000000000032,1,10221.584731612897
2025-12-02 19:35:00,0.22197,0.22086015,SL,-0.599999999999998,1,10160.25522322322
2025-12-02 19:36:00,0.2234,0.22228299999999998,SL,-0.6000000000000031,1,10099.29369188388
2025-12-02 19:37:00,0.22086,0.2230686,TP,0.9000000000000021,2,10190.187335110837
2025-12-02 19:38:00,0.22187,0.2240887,TP,0.8999999999999956,2,10281.899021126834
2025-12-02 20:31:00,0.23035,0.22919825,SL,-0.6000000000000031,4,10220.207627000073
2025-12-02 20:35:00,0.22887,0.22772565,SL,-0.599999999999995,1,10158.886381238071
2025-12-02 20:36:00,0.22821,0.22706895,SL,-0.600000000000002,1,10097.933062950642
2025-12-02 20:37:00,0.22778,0.2266411,SL,-0.5999999999999992,1,10037.345464572938
2025-12-02 20:38:00,0.22708,0.2259446,SL,-0.6000000000000039,1,9977.1213917855
2025-12-02 20:39:00,0.22701,0.22587495,SL,-0.5999999999999994,1,9917.258663434786
2025-12-02 20:40:00,0.22294,0.2218253,SL,-0.5999999999999983,3,9857.755111454178
2025-12-02 20:41:00,0.22321,0.22209394999999998,SL,-0.6000000000000033,2,9798.608580785452
2025-12-02 20:42:00,0.2234,0.22228299999999998,SL,-0.6000000000000031,1,9739.81692930074
2025-12-02 20:43:00,0.22357,0.22245215,SL,-0.6000000000000015,1,9681.378027724935
2025-12-02 20:44:00,0.22255,0.22143725,SL,-0.5999999999999981,2,9623.289759558586
2025-12-02 20:55:00,0.22315,0.22203425,SL,-0.5999999999999994,2,9565.550021001234
2025-12-02 20:57:00,0.22248,0.2213676,SL,-0.600000000000006,1,9508.156720875228
2025-12-02 20:58:00,0.22127,0.2234827,TP,0.9000000000000054,3,9593.730131363105
2025-12-02 21:31:00,0.22221,0.2244321,TP,0.9000000000000021,3,9680.073702545375
2025-12-02 21:32:00,0.22251,0.22473510000000002,TP,0.9000000000000032,2,9767.194365868285
2025-12-02 22:00:00,0.2221,0.22098949999999998,SL,-0.6000000000000064,4,9708.591199673074
2025-12-02 22:10:00,0.21866,0.2175667,SL,-0.5999999999999961,1,9650.339652475035
2025-12-02 22:11:00,0.21891,0.21781545,SL,-0.5999999999999999,2,9592.437614560185
2025-12-02 22:13:00,0.21861,0.2207961,TP,0.8999999999999984,2,9678.769553091226
2025-12-02 22:17:00,0.21729,0.21946290000000002,TP,0.9000000000000026,3,9765.878479069048
2025-12-02 22:24:00,0.21848,0.22066480000000002,TP,0.9000000000000067,3,9853.77138538067
2025-12-02 23:02:00,0.22613,0.22499935,SL,-0.6000000000000048,4,9794.648757068388
2025-12-02 23:10:00,0.2238,0.222681,SL,-0.600000000000004,2,9735.880864525978
2025-12-02 23:11:00,0.22361,0.22249195,SL,-0.6000000000000042,5,9677.465579338821
2025-12-02 23:50:00,0.22457,0.22681569999999998,TP,0.8999999999999952,9,9764.56276955287
2025-12-02 23:51:00,0.2246,0.226846,TP,0.899999999999999,8,9852.443834478843
2025-12-02 23:52:00,0.22577,0.22464114999999998,SL,-0.6000000000000064,6,9793.329171471969
2025-12-03 00:01:00,0.22201,0.22089995,SL,-0.6000000000000005,2,9734.569196443137
2025-12-03 00:02:00,0.22233,0.22121835,SL,-0.5999999999999963,1,9676.161781264478
2025-12-03 00:03:00,0.21938,0.2215738,TP,0.899999999999998,2,9763.247237295858
2025-12-03 00:04:00,0.22131,0.2235231,TP,0.899999999999998,11,9851.11646243152
2025-12-03 00:19:00,0.21869,0.2208769,TP,0.8999999999999962,3,9939.776510593403
2025-12-03 00:20:00,0.21946,0.2183627,SL,-0.599999999999998,6,9880.137851529842
2025-12-03 00:27:00,0.21769,0.21660155,SL,-0.5999999999999958,4,9820.857024420662
2025-12-03 00:31:00,0.21615,0.21831150000000002,TP,0.900000000000005,4,9909.244737640449
2025-12-03 01:00:00,0.22131,0.2235231,TP,0.899999999999998,3,9998.427940279213
2025-12-03 01:12:00,0.2195,0.2184025,SL,-0.6000000000000005,2,9938.437372637538
2025-12-03 01:13:00,0.21924,0.2181438,SL,-0.5999999999999962,2,9878.806748401712
2025-12-03 01:14:00,0.21903,0.21793485,SL,-0.5999999999999951,1,9819.533907911302
2025-12-03 01:15:00,0.21778,0.2166911,SL,-0.6000000000000018,5,9760.616704463833
2025-12-03 01:20:00,0.21411,0.21303945,SL,-0.6000000000000016,1,9702.05300423705
2025-12-03 01:21:00,0.20844,0.2073978,SL,-0.5999999999999968,1,9643.840686211628
2025-12-03 01:22:00,0.20695,0.2090195,TP,0.9000000000000008,2,9730.635252387532
2025-12-03 01:23:00,0.20845,0.21053449999999999,TP,0.8999999999999949,1,9818.21096965902
2025-12-03 01:46:00,0.20901,0.2111001,TP,0.9000000000000054,5,9906.574868385951
2025-12-03 02:14:00,0.20838,0.2073381,SL,-0.6000000000000059,1,9847.135419175635
2025-12-03 02:15:00,0.20599,0.2080499,TP,0.9000000000000015,2,9935.759637948217
2025-12-03 02:16:00,0.20662,0.2086862,TP,0.8999999999999952,3,10025.181474689749
2025-12-03 02:30:00,0.20422,0.2062622,TP,0.899999999999997,2,10115.408107961955
2025-12-03 02:31:00,0.20548,0.2075348,TP,0.8999999999999977,1,10206.446780933613
2025-12-03 02:54:00,0.20616,0.2051292,SL,-0.5999999999999992,1,10145.208100248012
2025-12-03 02:55:00,0.20581,0.2078681,TP,0.9000000000000036,2,10236.514973150244
2025-12-03 03:03:00,0.2057,0.2046715,SL,-0.599999999999994,9,10175.095883311344
2025-12-03 03:04:00,0.20567,0.20464164999999998,SL,-0.6000000000000055,8,10114.045308011475
2025-12-03 03:21:00,0.2022,0.204222,TP,0.899999999999998,12,10205.071715783577
2025-12-03 03:50:00,0.20374,0.2027213,SL,-0.6000000000000055,4,10143.841285488876
2025-12-03 03:55:00,0.20152,0.2005124,SL,-0.5999999999999988,5,10082.978237775942
2025-12-03 03:56:00,0.20189,0.20088055,SL,-0.5999999999999975,4,10022.480368349286
2025-12-03 04:00:00,0.19949,0.19849255,SL,-0.6000000000000054,1,9962.345486139191
2025-12-03 04:01:00,0.19765,0.19666175,SL,-0.599999999999998,1,9902.571413222357
2025-12-03 04:02:00,0.19562,0.19464189999999998,SL,-0.6000000000000049,1,9843.155984743022
2025-12-03 04:03:00,0.193,0.19493000000000002,TP,0.9000000000000077,1,9931.74438860571
2025-12-03 04:04:00,0.19486,0.1968086,TP,0.8999999999999974,1,10021.13008810316
2025-12-03 04:25:00,0.19699,0.1989599,TP,0.8999999999999984,3,10111.320258896088
2025-12-03 05:01:00,0.19576,0.1947812,SL,-0.600000000000001,1,10050.652337342712
2025-12-03 05:02:00,0.19468,0.1966268,TP,0.8999999999999995,2,10141.108208378795
2025-12-03 05:12:00,0.19421,0.19323895,SL,-0.6000000000000005,3,10080.261559128523
2025-12-03 05:15:00,0.19314,0.1921743,SL,-0.6000000000000071,1,10019.779989773751
2025-12-03 05:16:00,0.19425,0.19619250000000002,TP,0.900000000000007,8,10109.958009681717
2025-12-03 05:28:00,0.19357,0.19260215,SL,-0.599999999999996,3,10049.298261623628
2025-12-03 05:29:00,0.19448,0.19350759999999997,SL,-0.6000000000000063,1,9989.002472053884
2025-12-03 05:31:00,0.19278,0.19181610000000002,SL,-0.5999999999999946,1,9929.068457221561
2025-12-03 05:32:00,0.19109,0.19013455,SL,-0.5999999999999982,3,9869.494046478232
2025-12-03 05:33:00,0.19165,0.19069175,SL,-0.5999999999999968,2,9810.277082199364
2025-12-03 05:35:00,0.1876,0.186662,SL,-0.5999999999999971,1,9751.415419706167
2025-12-03 05:36:00,0.18882,0.18787589999999998,SL,-0.6000000000000018,1,9692.90692718793
2025-12-03 05:37:00,0.18808,0.1871396,SL,-0.6000000000000042,1,9634.749485624803
2025-12-03 05:38:00,0.18687,0.18593565,SL,-0.6000000000000002,1,9576.940988711054
2025-12-03 05:39:00,0.18737,0.18924370000000001,TP,0.9000000000000032,1,9663.133457609454
2025-12-03 06:50:00,0.19761,0.19662195000000002,SL,-0.5999999999999951,5,9605.154656863797
2025-12-03 06:51:00,0.19807,0.19707965,SL,-0.6000000000000005,3,9547.523728922613
2025-12-03 06:54:00,0.19702,0.1960349,SL,-0.5999999999999943,1,9490.238586549078
2025-12-03 06:55:00,0.19574,0.1947613,SL,-0.5999999999999995,3,9433.297155029783
2025-12-03 06:56:00,0.1956,0.194622,SL,-0.6000000000000034,2,9376.697372099603
2025-12-03 06:57:00,0.19579,0.19481104999999999,SL,-0.6000000000000032,1,9320.437187867004
2025-12-03 06:58:00,0.19475,0.19377625,SL,-0.5999999999999976,1,9264.514564739802
2025-12-03 06:59:00,0.19327,0.19230365,SL,-0.6000000000000024,1,9208.927477351363
2025-12-03 07:00:00,0.19342,0.1924529,SL,-0.5999999999999992,2,9153.673912487255
2025-12-03 07:02:00,0.1922,0.19123900000000002,SL,-0.5999999999999945,4,9098.751869012332
2025-12-03 07:22:00,0.18935,0.19124349999999998,TP,0.8999999999999959,2,9180.640635833443
2025-12-03 09:28:00,0.20875,0.20770624999999998,SL,-0.6000000000000048,3,9125.556792018442
2025-12-03 09:31:00,0.20687,0.20583565,SL,-0.5999999999999949,1,9070.803451266333
2025-12-03 09:32:00,0.20659,0.20555705,SL,-0.6000000000000023,4,9016.378630558735
2025-12-03 09:50:00,0.20583,0.20788830000000003,TP,0.9000000000000064,3,9097.526038233764
2025-12-03 10:00:00,0.20391,0.20289045,SL,-0.6000000000000039,6,9042.94088200436
2025-12-03 10:01:00,0.20543,0.20440285,SL,-0.6000000000000022,1,8988.683236712335
2025-12-03 10:02:00,0.20393,0.20291035,SL,-0.6000000000000053,4,8934.751137292062
2025-12-03 10:04:00,0.20434,0.20331829999999998,SL,-0.6000000000000071,1,8881.142630468308
2025-12-03 10:06:00,0.20188,0.2008706,SL,-0.5999999999999968,3,8827.855774685499
2025-12-03 10:07:00,0.20173,0.20072135,SL,-0.6,2,8774.888640037385
2025-12-03 10:10:00,0.19983,0.19883085,SL,-0.6000000000000021,3,8722.23930819716
2025-12-03 10:13:00,0.19793,0.19694035,SL,-0.6000000000000043,1,8669.905872347977
2025-12-03 10:14:00,0.19783,0.19684085,SL,-0.5999999999999971,2,8617.88643711389
2025-12-03 11:00:00,0.199,0.20099,TP,0.8999999999999959,2,8695.447415047915
2025-12-03 11:01:00,0.19954,0.2015354,TP,0.9000000000000042,6,8773.706441783346
2025-12-03 11:08:00,0.1986,0.197607,SL,-0.5999999999999969,1,8721.064203132646
2025-12-03 11:09:00,0.19809,0.2000709,TP,0.9000000000000039,6,8799.553780960841
2025-12-03 11:26:00,0.1977,0.199677,TP,0.9000000000000032,5,8878.74976498949
2025-12-03 12:00:00,0.19912,0.19812439999999998,SL,-0.6000000000000066,6,8825.477266399552
2025-12-03 12:07:00,0.19889,0.20087890000000003,TP,0.9000000000000077,10,8904.906561797148
2025-12-03 12:43:00,0.20003,0.20203030000000002,TP,0.900000000000005,10,8985.050720853324
2025-12-03 13:05:00,0.20028,0.1992786,SL,-0.6000000000000066,3,8931.140416528202
2025-12-03 13:08:00,0.1979,0.1969105,SL,-0.6000000000000022,1,8877.553574029032
2025-12-03 13:09:00,0.19758,0.1965921,SL,-0.600000000000007,4,8824.288252584858
2025-12-03 13:10:00,0.19815,0.19715924999999998,SL,-0.6000000000000063,3,8771.342523069348
2025-12-03 13:13:00,0.19846,0.2004446,TP,0.9000000000000015,8,8850.284605776973
2025-12-03 13:38:00,0.19824,0.1972488,SL,-0.5999999999999988,4,8797.182898142311
2025-12-03 13:39:00,0.1984,0.197408,SL,-0.5999999999999964,1,8744.399800753457
2025-12-03 13:40:00,0.1977,0.19671149999999998,SL,-0.6000000000000016,8,8691.933401948936
2025-12-03 13:42:00,0.19748,0.1964926,SL,-0.5999999999999998,6,8639.781801537243
2025-12-03 13:48:00,0.19136,0.19327360000000002,TP,0.9000000000000081,2,8717.53983775108
2025-12-03 13:49:00,0.19275,0.19178625,SL,-0.6000000000000069,1,8665.234598724572
2025-12-03 13:50:00,0.19144,0.1904828,SL,-0.5999999999999955,1,8613.243191132224
2025-12-03 13:51:00,0.18749,0.18655254999999998,SL,-0.6000000000000034,1,8561.56373198543
2025-12-03 13:52:00,0.19057,0.18961714999999998,SL,-0.6000000000000028,7,8510.194349593517
2025-12-03 14:01:00,0.18671,0.18577644999999998,SL,-0.6000000000000028,1,8459.133183495956
2025-12-03 14:34:00,0.18842,0.1903042,TP,0.9000000000000015,4,8535.265382147421
2025-12-03 15:00:00,0.19,0.19190000000000002,TP,0.9000000000000067,22,8612.082770586749
2025-12-03 15:32:00,0.189,0.19089,TP,0.9000000000000015,6,8689.59151552203
2025-12-03 15:56:00,0.18833,0.18738835,SL,-0.5999999999999939,4,8637.453966428899
2025-12-03 16:00:00,0.18811,0.18716945,SL,-0.6000000000000065,1,8585.629242630324
2025-12-03 16:01:00,0.18739,0.18645305,SL,-0.5999999999999956,7,8534.115467174543
2025-12-03 16:08:00,0.18694,0.18600529999999998,SL,-0.6000000000000056,1,8482.910774371496
2025-12-03 16:09:00,0.18614,0.1852093,SL,-0.6000000000000035,4,8432.013309725267
2025-12-03 16:13:00,0.18571,0.18478144999999999,SL,-0.6000000000000002,2,8381.421229866915
2025-12-03 16:15:00,0.18447,0.18354765,SL,-0.5999999999999938,1,8331.132702487716
2025-12-03 16:16:00,0.18413,0.18320935,SL,-0.5999999999999973,1,8281.14590627279
2025-12-03 16:17:00,0.18346,0.1825427,SL,-0.6000000000000053,5,8231.459030835153
2025-12-03 16:18:00,0.18386,0.18294069999999998,SL,-0.6000000000000064,1,8182.070276650141
2025-12-03 16:19:00,0.18271,0.18179645,SL,-0.6000000000000071,9,8132.977854990239
2025-12-03 16:28:00,0.18099,0.18008505000000002,SL,-0.5999999999999932,3,8084.179987860299
2025-12-03 16:31:00,0.1765,0.17826499999999998,TP,0.8999999999999939,1,8156.937607751041
2025-12-03 16:32:00,0.17799,0.1797699,TP,0.9000000000000005,3,8230.3500462208
2025-12-03 16:49:00,0.17667,0.17578665,SL,-0.6000000000000028,1,8180.967945943475
2025-12-03 16:50:00,0.17816,0.17726920000000002,SL,-0.5999999999999983,1,8131.882138267813
2025-12-03 16:51:00,0.17406,0.1758006,TP,0.900000000000005,1,8205.069077512224
2025-12-03 16:52:00,0.17509,0.17421455,SL,-0.6,2,8155.8386630471505
2025-12-03 17:00:00,0.171,0.17014500000000002,SL,-0.5999999999999968,1,8106.903631068868
2025-12-03 17:01:00,0.16895,0.16810524999999998,SL,-0.6000000000000031,1,8058.262209282455
2025-12-03 17:02:00,0.16622,0.1678822,TP,0.9000000000000015,1,8130.786569165998
2025-12-03 17:03:00,0.16709,0.16625455,SL,-0.5999999999999927,1,8082.001849751003
2025-12-03 17:04:00,0.15973,0.15893135,SL,-0.6000000000000074,1,8033.509838652496
2025-12-03 17:05:00,0.15446,0.15368769999999998,SL,-0.6000000000000023,1,7985.308779620581
2025-12-03 17:06:00,0.15445,0.15367775,SL,-0.6000000000000013,1,7937.396926942857
2025-12-03 17:07:00,0.14952,0.1487724,SL,-0.5999999999999914,1,7889.772545381201
2025-12-03 17:08:00,0.1479,0.1471605,SL,-0.6000000000000028,1,7842.433910108914
2025-12-03 17:09:00,0.15516,0.1543842,SL,-0.5999999999999955,1,7795.37930664826
2025-12-03 19:02:00,0.19728,0.1992528,TP,0.8999999999999984,1,7865.537720408094
2025-12-03 19:03:00,0.19927,0.19827365,SL,-0.6000000000000035,1,7818.344494085645
2025-12-03 19:04:00,0.20034,0.1993383,SL,-0.5999999999999972,1,7771.434427121131
2025-12-03 19:05:00,0.19938,0.1983831,SL,-0.5999999999999975,1,7724.805820558405
2025-12-03 19:43:00,0.19741,0.1993841,TP,0.9000000000000032,2,7794.329072943431
2025-12-03 20:01:00,0.19887,0.19787565,SL,-0.6000000000000025,2,7747.5630985057705
2025-12-03 20:07:00,0.1972,0.19621399999999997,SL,-0.6000000000000074,2,7701.077719914735
2025-12-03 20:08:00,0.19696,0.19892959999999998,TP,0.8999999999999939,9,7770.387419393967
2025-12-03 20:09:00,0.19622,0.1981822,TP,0.8999999999999987,7,7840.320906168512
2025-12-03 20:20:00,0.1958,0.19775800000000002,TP,0.9000000000000077,2,7910.88379432403
2025-12-03 21:26:00,0.20157,0.2035857,TP,0.9000000000000046,7,7982.081748472947
2025-12-03 21:27:00,0.20151,0.2035251,TP,0.8999999999999959,6,8053.920484209202
2025-12-03 22:05:00,0.20317,0.20215414999999998,SL,-0.6000000000000063,2,8005.596961303946
2025-12-03 22:09:00,0.20167,0.2036867,TP,0.900000000000005,10,8077.647333955682
2025-12-03 23:00:00,0.20689,0.20585555,SL,-0.5999999999999963,1,8029.181449951948
2025-12-03 23:01:00,0.20623,0.20519885,SL,-0.6000000000000041,14,7981.006361252236
2025-12-03 23:02:00,0.20582,0.2047909,SL,-0.6000000000000024,13,7933.120323084723
2025-12-03 23:03:00,0.20636,0.2053282,SL,-0.5999999999999998,11,7885.521601146214
2025-12-03 23:04:00,0.20677,0.20573615,SL,-0.6000000000000013,10,7838.208471539337
2025-12-03 23:19:00,0.20343,0.20241285,SL,-0.5999999999999972,3,7791.179220710101
2025-12-03 23:20:00,0.20369,0.20267155,SL,-0.600000000000002,1,7744.43214538584
2025-12-03 23:21:00,0.20244,0.20142780000000002,SL,-0.5999999999999955,2,7697.965552513525
2025-12-03 23:22:00,0.20187,0.20086065,SL,-0.5999999999999961,5,7651.777759198444
2025-12-03 23:23:00,0.20175,0.20074125,SL,-0.6000000000000013,4,7605.867092643253
2025-12-03 23:24:00,0.20342,0.2024029,SL,-0.5999999999999966,1,7560.231890087393
2025-12-03 23:27:00,0.19905,0.2010405,TP,0.9000000000000032,1,7628.273977098181
2025-12-03 23:28:00,0.20045,0.19944774999999998,SL,-0.6000000000000051,2,7582.504333235592
2025-12-03 23:56:00,0.20294,0.2019253,SL,-0.6000000000000035,4,7537.009307236178
2025-12-04 00:00:00,0.20063,0.19962685,SL,-0.6000000000000041,3,7491.7872513927605
2025-12-04 00:01:00,0.20065,0.19964674999999998,SL,-0.6000000000000055,2,7446.836527884404
2025-12-04 00:02:00,0.20092,0.1999154,SL,-0.5999999999999972,1,7402.155508717097
2025-12-04 00:03:00,0.19936,0.19836320000000002,SL,-0.599999999999996,2,7357.7425756647945
2025-12-04 00:04:00,0.19891,0.19791545,SL,-0.6000000000000054,1,7313.596120210806
2025-12-04 00:05:00,0.19922,0.1982239,SL,-0.5999999999999999,6,7269.714543489541
2025-12-04 00:06:00,0.20016,0.1991592,SL,-0.599999999999998,4,7226.096256228604
2025-12-04 00:16:00,0.19769,0.19670155,SL,-0.6000000000000009,11,7182.739678691232
2025-12-04 00:27:00,0.19742,0.19643290000000002,SL,-0.5999999999999953,3,7139.643240619085
2025-12-04 00:29:00,0.19652,0.1955374,SL,-0.6000000000000001,1,7096.805381175371
2025-12-04 00:30:00,0.1957,0.19472150000000002,SL,-0.5999999999999965,1,7054.224548888318
2025-12-04 00:31:00,0.19411,0.1960511,TP,0.9000000000000005,1,7117.712569828313
2025-12-04 00:32:00,0.19608,0.19804080000000002,TP,0.9000000000000064,1,7181.771982956769
2025-12-04 01:25:00,0.19496,0.1939852,SL,-0.599999999999999,8,7138.681351059028
2025-12-04 01:26:00,0.19524,0.1942638,SL,-0.6000000000000053,3,7095.849262952674
2025-12-04 01:33:00,0.19298,0.19490980000000002,TP,0.9000000000000046,4,7159.711906319249
2025-12-04 02:12:00,0.19288,0.1919156,SL,-0.6000000000000022,3,7116.753634881333
2025-12-04 02:13:00,0.19316,0.1921942,SL,-0.5999999999999943,2,7074.053113072046
2025-12-04 02:14:00,0.19284,0.1918758,SL,-0.5999999999999992,1,7031.608794393614
2025-12-04 02:15:00,0.19168,0.1907216,SL,-0.5999999999999991,2,6989.4191416272515
2025-12-04 02:16:00,0.19132,0.1903634,SL,-0.6000000000000011,1,6947.482626777488
2025-12-04 02:17:00,0.19019,0.1920919,TP,0.9000000000000064,2,7010.009970418486
2025-12-04 02:18:00,0.19114,0.1901843,SL,-0.6000000000000019,3,6967.949910595975
2025-12-04 02:21:00,0.18963,0.19152629999999998,TP,0.8999999999999946,9,7030.661459791338
2025-12-04 02:22:00,0.1897,0.19159700000000002,TP,0.900000000000005,8,7093.93741292946
2025-12-04 03:12:00,0.19198,0.1938998,TP,0.8999999999999995,5,7157.782849645824
2025-12-04 03:38:00,0.19212,0.19404120000000002,TP,0.900000000000006,3,7222.202895292638
2025-12-04 03:39:00,0.19233,0.1942533,TP,0.8999999999999942,2,7287.202721350271
2025-12-04 03:53:00,0.19141,0.19045295,SL,-0.5999999999999932,7,7243.47950502217
2025-12-04 04:00:00,0.191,0.190045,SL,-0.600000000000006,1,7200.018627992037
2025-12-04 04:01:00,0.18991,0.1918091,TP,0.9000000000000077,4,7264.818795643966
2025-12-04 04:16:00,0.18961,0.18866195,SL,-0.6000000000000031,8,7221.229882870102
2025-12-04 04:24:00,0.18874,0.1877963,SL,-0.5999999999999956,2,7177.902503572882
2025-12-04 04:25:00,0.18822,0.1872789,SL,-0.6000000000000002,3,7134.835088551445
2025-12-04 04:26:00,0.18774,0.18680129999999998,SL,-0.6000000000000077,2,7092.026078020135
2025-12-04 04:27:00,0.1879,0.1869605,SL,-0.6000000000000051,1,7049.473921552014
2025-12-04 04:28:00,0.18761,0.1894861,TP,0.8999999999999956,5,7112.919186845981
2025-12-04 04:29:00,0.1867,0.188567,TP,0.9000000000000039,3,7176.935459527595
2025-12-04 04:30:00,0.18738,0.1892538,TP,0.9000000000000046,3,7241.527878663344
2025-12-04 04:57:00,0.18863,0.1905163,TP,0.9000000000000039,6,7306.701629571316
2025-12-04 05:00:00,0.18842,0.1903042,TP,0.9000000000000015,2,7372.461944237459
2025-12-04 05:13:00,0.18749,0.18655254999999998,SL,-0.6000000000000034,1,7328.227172572034
2025-12-04 05:14:00,0.18678,0.1886478,TP,0.9000000000000015,3,7394.181217125183
2025-12-04 05:15:00,0.1873,0.189173,TP,0.9000000000000073,2,7460.72884807931
2025-12-04 05:49:00,0.19421,0.1961521,TP,0.9000000000000011,2,7527.875407712025
2025-12-04 06:40:00,0.19705,0.19902050000000002,TP,0.900000000000007,8,7595.626286381434
2025-12-04 06:41:00,0.19669,0.1986569,TP,0.8999999999999966,7,7663.986922958866
2025-12-04 06:42:00,0.1963,0.198263,TP,0.8999999999999962,5,7732.962805265494
2025-12-04 07:02:00,0.19548,0.1945026,SL,-0.5999999999999946,4,7686.565028433903
2025-12-04 07:03:00,0.19541,0.19443295,SL,-0.6000000000000036,3,7640.445638263299
2025-12-04 07:27:00,0.19494,0.1939653,SL,-0.5999999999999974,5,7594.602964433719
2025-12-04 07:28:00,0.19557,0.19459215,SL,-0.6000000000000012,3,7549.035346647116
2025-12-04 07:31:00,0.1946,0.196546,TP,0.9000000000000018,7,7616.976664766941
2025-12-04 07:32:00,0.19418,0.19612179999999999,TP,0.8999999999999966,4,7685.529454749843
2025-12-04 07:33:00,0.19424,0.1961824,TP,0.9000000000000057,3,7754.699219842593
2025-12-04 07:34:00,0.19484,0.1967884,TP,0.8999999999999942,4,7824.491512821176
2025-12-04 08:12:00,0.19734,0.19635329999999998,SL,-0.6000000000000035,12,7777.544563744249
2025-12-04 08:24:00,0.19609,0.19510955,SL,-0.5999999999999969,23,7730.879296361783
2025-12-04 08:25:00,0.1969,0.1959155,SL,-0.5999999999999996,6,7684.494020583613
2025-12-04 08:31:00,0.19634,0.19535829999999998,SL,-0.6000000000000011,16,7638.387056460111
2025-12-04 08:47:00,0.19506,0.1940847,SL,-0.6000000000000063,14,7592.55673412135
2025-12-04 08:48:00,0.1951,0.1941245,SL,-0.599999999999995,13,7547.001393716622
2025-12-04 08:50:00,0.19498,0.19400509999999999,SL,-0.6000000000000004,11,7501.719385354322
2025-12-04 09:01:00,0.19463,0.19365685,SL,-0.6000000000000031,2,7456.7090690421965
2025-12-04 09:03:00,0.1946,0.193627,SL,-0.6000000000000009,13,7411.968814627943
2025-12-04 09:04:00,0.19407,0.19309964999999998,SL,-0.6000000000000045,13,7367.497001740176
2025-12-04 09:05:00,0.19454,0.1935673,SL,-0.5999999999999964,11,7323.292019729734
2025-12-04 09:10:00,0.1938,0.192831,SL,-0.5999999999999988,7,7279.352267611356
2025-12-04 09:11:00,0.19462,0.19364689999999998,SL,-0.6000000000000023,5,7235.676154005688
2025-12-04 09:16:00,0.19369,0.19272155,SL,-0.600000000000005,1,7192.262097081653
2025-12-04 09:17:00,0.19233,0.1942533,TP,0.8999999999999942,15,7256.992455955387
2025-12-04 09:18:00,0.19239,0.1943139,TP,0.9000000000000032,14,7322.305388058987
2025-12-04 09:23:00,0.19225,0.1941725,TP,0.8999999999999966,9,7388.206136551517
2025-12-04 10:29:00,0.20003,0.20203030000000002,TP,0.900000000000005,5,7454.6999917804815
2025-12-04 11:00:00,0.20299,0.20197505,SL,-0.6000000000000071,10,7409.971791829797
2025-12-04 11:05:00,0.20284,0.2018258,SL,-0.5999999999999965,5,7365.511961078819
2025-12-04 11:10:00,0.20187,0.2038887,TP,0.900000000000006,7,7431.801568728529
2025-12-04 11:11:00,0.20148,0.2034948,TP,0.9000000000000057,6,7498.687782847086
2025-12-04 11:12:00,0.20149,0.20350490000000002,TP,0.900000000000007,5,7566.175972892711
2025-12-04 11:13:00,0.20131,0.20332309999999998,TP,0.8999999999999949,4,7634.271556648744
2025-12-04 11:14:00,0.20133,0.2033433,TP,0.8999999999999977,3,7702.980000658582
2025-12-04 11:47:00,0.20228,0.20430279999999998,TP,0.8999999999999956,7,7772.306820664508
2025-12-04 11:48:00,0.20203,0.2040503,TP,0.9000000000000015,5,7842.25758205049
2025-12-04 12:02:00,0.20221,0.2042321,TP,0.8999999999999995,4,7912.837900288943
2025-12-04 12:13:00,0.20167,0.20066165,SL,-0.5999999999999956,6,7865.36087288721
2025-12-04 12:14:00,0.20115,0.2031615,TP,0.8999999999999998,8,7936.149120743194
2025-12-04 12:15:00,0.20167,0.20066165,SL,-0.5999999999999956,4,7888.532226018734
2025-12-04 12:16:00,0.20112,0.20313119999999998,TP,0.8999999999999956,6,7959.529016052902
2025-12-04 12:19:00,0.20073,0.20273729999999998,TP,0.8999999999999949,3,8031.164777197378
2025-12-04 13:00:00,0.20362,0.2026019,SL,-0.5999999999999971,4,7982.977788534194
2025-12-04 13:01:00,0.20361,0.20259195000000002,SL,-0.5999999999999963,3,7935.079921802989
2025-12-04 13:02:00,0.20339,0.20237305,SL,-0.5999999999999944,2,7887.469442272171
2025-12-04 13:03:00,0.20293,0.2049593,TP,0.9000000000000057,5,7958.456667252622
2025-12-04 13:04:00,0.20306,0.20509059999999998,TP,0.899999999999997,5,8030.082777257894
2025-12-04 13:05:00,0.20389,0.20287054999999998,SL,-0.6000000000000025,12,7981.902280594347
2025-12-04 13:23:00,0.20227,0.20125865,SL,-0.5999999999999972,22,7934.01086691078
2025-12-04 13:25:00,0.20207,0.2040907,TP,0.900000000000007,6,8005.416964712978
2025-12-04 13:38:00,0.20216,0.2011492,SL,-0.6000000000000031,8,7957.3844629247005
2025-12-04 13:39:00,0.20226,0.2012487,SL,-0.5999999999999964,6,7909.640156147152
2025-12-04 13:46:00,0.19869,0.19769655,SL,-0.6000000000000034,5,7862.182315210269
2025-12-04 13:47:00,0.19966,0.1986617,SL,-0.6000000000000038,1,7815.009221319007
2025-12-04 13:48:00,0.19943,0.19843285,SL,-0.6000000000000011,2,7768.119165991093
2025-12-04 13:51:00,0.19729,0.1992629,TP,0.8999999999999998,4,7838.0322384850115
2025-12-04 14:19:00,0.19776,0.19677119999999998,SL,-0.600000000000006,1,7791.004045054101
2025-12-04 14:20:00,0.19683,0.19584585000000002,SL,-0.5999999999999944,10,7744.258020783777
2025-12-04 14:21:00,0.19659,0.19560704999999998,SL,-0.6000000000000052,10,7697.7924726590745
2025-12-04 14:22:00,0.197,0.196015,SL,-0.6000000000000069,8,7651.605717823119
2025-12-04 14:43:00,0.19543,0.19445284999999998,SL,-0.6000000000000051,17,7605.696083516181
2025-12-04 14:44:00,0.19592,0.1949404,SL,-0.5999999999999985,7,7560.061907015083
2025-12-04 14:51:00,0.19507,0.19409464999999998,SL,-0.6000000000000071,9,7514.701535572992
2025-12-04 15:00:00,0.19488,0.19390559999999998,SL,-0.6000000000000073,1,7469.613326359553
2025-12-04 15:01:00,0.19507,0.19409464999999998,SL,-0.6000000000000071,1,7424.795646401395
2025-12-04 15:02:00,0.19458,0.1936071,SL,-0.5999999999999993,4,7380.246872522986
2025-12-04 15:03:00,0.19483,0.19385585,SL,-0.6000000000000035,3,7335.965391287848
2025-12-04 15:04:00,0.19489,0.19391555000000002,SL,-0.5999999999999938,2,7291.949598940122
2025-12-04 15:05:00,0.195,0.194025,SL,-0.6000000000000019,1,7248.197901346482
2025-12-04 15:06:00,0.194,0.19303,SL,-0.5999999999999993,4,7204.708713938403
2025-12-04 15:07:00,0.19407,0.19309964999999998,SL,-0.6000000000000045,3,7161.480461654773
2025-12-04 15:08:00,0.19426,0.19328869999999998,SL,-0.6000000000000043,2,7118.511578884844
2025-12-04 15:09:00,0.19356,0.19259220000000002,SL,-0.5999999999999952,1,7075.800509411535
2025-12-04 15:10:00,0.19228,0.1942028,TP,0.9000000000000011,4,7139.48271399624
2025-12-04 15:11:00,0.19239,0.1943139,TP,0.9000000000000032,3,7203.738058422207
2025-12-04 15:17:00,0.19211,0.19114945,SL,-0.6000000000000023,1,7160.515630071674
2025-12-04 15:18:00,0.19072,0.1897664,SL,-0.5999999999999994,1,7117.552536291244
2025-12-04 15:19:00,0.18943,0.18848284999999998,SL,-0.6000000000000041,6,7074.847221073496
2025-12-04 15:20:00,0.19049,0.18953755,SL,-0.5999999999999966,5,7032.398137747055
2025-12-04 15:25:00,0.18851,0.18756745,SL,-0.6000000000000074,4,6990.203748920572
2025-12-04 15:26:00,0.18766,0.1895366,TP,0.9000000000000032,2,7053.115582660858
2025-12-04 15:30:00,0.1861,0.1851695,SL,-0.6000000000000004,5,7010.796889164893
2025-12-04 15:35:00,0.182,0.18109,SL,-0.5999999999999968,1,6968.732107829904
2025-12-04 15:36:00,0.18355,0.18263225,SL,-0.5999999999999972,2,6926.919715182924
2025-12-04 15:41:00,0.18074,0.18254740000000003,TP,0.9000000000000081,2,6989.261992619571
2025-12-04 15:45:00,0.17828,0.17738859999999998,SL,-0.6000000000000081,1,6947.326420663853
2025-12-04 15:46:00,0.17444,0.17356780000000002,SL,-0.599999999999994,1,6905.642462139871
2025-12-04 15:47:00,0.17518,0.1743041,SL,-0.6000000000000073,2,6864.208607367031
2025-12-04 15:49:00,0.17315,0.17228425,SL,-0.5999999999999992,1,6823.0233557228285
2025-12-04 16:24:00,0.17681,0.17592595,SL,-0.5999999999999985,1,6782.085215588491
2025-12-04 16:25:00,0.17645,0.17556775,SL,-0.6000000000000006,1,6741.39270429496
2025-12-04 16:27:00,0.17525,0.17700249999999998,TP,0.8999999999999946,2,6802.065238633614
2025-12-04 16:28:00,0.17698,0.1760951,SL,-0.5999999999999966,1,6761.252847201812
2025-12-04 16:30:00,0.17266,0.1743866,TP,0.899999999999997,1,6822.104122826628
2025-12-04 16:31:00,0.17406,0.1758006,TP,0.900000000000005,4,6883.503059932068
2025-12-04 17:00:00,0.17983,0.1816283,TP,0.9000000000000015,1,6945.454587471458
2025-12-04 17:01:00,0.18218,0.18126910000000002,SL,-0.5999999999999958,1,6903.781859946629
2025-12-04 17:05:00,0.17914,0.1782443,SL,-0.5999999999999995,1,6862.359168786949
2025-12-04 17:06:00,0.17905,0.1808405,TP,0.9000000000000005,11,6924.120401306031
2025-12-04 17:07:00,0.17977,0.17887115,SL,-0.6000000000000036,3,6882.575678898195
2025-12-04 17:58:00,0.18365,0.18273175,SL,-0.6000000000000051,2,6841.280224824806
2025-12-04 17:59:00,0.18328,0.1823636,SL,-0.6000000000000063,1,6800.232543475857
2025-12-04 18:00:00,0.18241,0.18423409999999998,TP,0.8999999999999974,10,6861.434636367138
2025-12-04 18:01:00,0.18286,0.1819457,SL,-0.6000000000000038,3,6820.2660285489355
2025-12-04 18:02:00,0.18226,0.1840826,TP,0.9000000000000042,8,6881.648422805877
2025-12-04 18:58:00,0.18332,0.18240340000000002,SL,-0.5999999999999943,2,6840.358532269042
2025-12-04 18:59:00,0.18285,0.18193575,SL,-0.6000000000000029,1,6799.316381075428
2025-12-04 19:00:00,0.18338,0.1824631,SL,-0.5999999999999991,18,6758.520482788975
2025-12-04 19:17:00,0.18295,0.18203525,SL,-0.5999999999999955,4,6717.969359892241
2025-12-04 19:18:00,0.18292,0.1820054,SL,-0.5999999999999932,3,6677.661543732888
2025-12-04 19:19:00,0.18327,0.18235364999999998,SL,-0.6000000000000055,2,6637.595574470491
2025-12-04 19:20:00,0.18238,0.1842038,TP,0.9000000000000077,5,6697.333934640726
2025-12-04 19:21:00,0.1821,0.183921,TP,0.8999999999999942,4,6757.609940052492
2025-12-04 19:22:00,0.18288,0.18470879999999998,TP,0.8999999999999956,3,6818.428429512964
2025-12-04 19:31:00,0.18261,0.18169695,SL,-0.5999999999999992,12,6777.517858935886
2025-12-04 19:39:00,0.18177,0.1835877,TP,0.9000000000000029,13,6838.515519666309
2025-12-04 19:43:00,0.18187,0.1836887,TP,0.9000000000000036,9,6900.062159343307
2025-12-04 19:44:00,0.18135,0.1831635,TP,0.8999999999999977,4,6962.162718777396
2025-12-04 20:22:00,0.18085,0.17994575000000002,SL,-0.5999999999999974,3,6920.389742464731
2025-12-04 20:23:00,0.18052,0.1796174,SL,-0.6000000000000019,3,6878.867404009943
2025-12-04 20:24:00,0.18092,0.1800154,SL,-0.600000000000003,1,6837.594199585884
2025-12-04 20:25:00,0.18001,0.17910995,SL,-0.6000000000000074,1,6796.568634388368
2025-12-04 20:26:00,0.1789,0.18068900000000002,TP,0.900000000000007,10,6857.737752097864
2025-12-04 20:27:00,0.17934,0.1811334,TP,0.9000000000000005,9,6919.457391866745
2025-12-04 20:41:00,0.17756,0.1766722,SL,-0.5999999999999968,6,6877.940647515544
2025-12-04 20:47:00,0.17675,0.1785175,TP,0.9000000000000029,3,6939.842113343185
2025-12-04 21:41:00,0.18015,0.17924925,SL,-0.6000000000000031,2,6898.203060663126
2025-12-04 21:42:00,0.17968,0.1787816,SL,-0.5999999999999964,1,6856.813842299147
2025-12-04 21:43:00,0.17862,0.1777269,SL,-0.6000000000000043,13,6815.672959245352
2025-12-04 21:44:00,0.17877,0.17787615,SL,-0.6000000000000009,12,6774.77892148988
2025-12-04 22:00:00,0.17698,0.1760951,SL,-0.5999999999999966,1,6734.130247960941
2025-12-04 22:01:00,0.17446,0.17620460000000002,TP,0.9000000000000073,2,6794.73742019259
2025-12-04 22:02:00,0.17477,0.1765177,TP,0.8999999999999949,3,6855.890056974323
2025-12-04 22:03:00,0.1757,0.177457,TP,0.900000000000005,2,6917.593067487092
2025-12-04 22:25:00,0.17499,0.1767399,TP,0.899999999999999,8,6979.851405094476
2025-12-04 22:26:00,0.17481,0.1765581,TP,0.9000000000000015,7,7042.670067740327
2025-12-04 22:27:00,0.17454,0.1762854,TP,0.9000000000000046,5,7106.05409834999
2025-12-04 23:55:00,0.18124,0.18033380000000002,SL,-0.5999999999999976,4,7063.41777375989
2025-12-04 23:56:00,0.18117,0.18026414999999998,SL,-0.6000000000000074,4,7021.03726711733
2025-12-04 23:59:00,0.18033,0.1821333,TP,0.9000000000000042,3,7084.226602521387
2025-12-05 00:00:00,0.18107,0.1828807,TP,0.899999999999999,4,7147.984641944078
2025-12-05 01:00:00,0.18343,0.18251285,SL,-0.600000000000003,7,7105.0967340924135
2025-12-05 01:07:00,0.18216,0.1812492,SL,-0.5999999999999942,4,7062.466153687859
2025-12-05 01:10:00,0.18213,0.18121934999999997,SL,-0.6000000000000071,1,7020.091356765732
2025-12-05 01:11:00,0.18126,0.1830726,TP,0.8999999999999987,19,7083.272178976623
2025-12-05 01:12:00,0.18149,0.18330490000000002,TP,0.9000000000000042,18,7147.021628587413
2025-12-05 01:25:00,0.18124,0.1830524,TP,0.8999999999999952,5,7211.344823244699
2025-12-05 01:57:00,0.18161,0.18070195,SL,-0.5999999999999964,4,7168.076754305231
2025-12-05 02:01:00,0.18072,0.1798164,SL,-0.6000000000000024,1,7125.068293779399
2025-12-05 02:02:00,0.17961,0.17871194999999998,SL,-0.6000000000000063,1,7082.317884016722
2025-12-05 02:03:00,0.17923,0.17833385,SL,-0.6000000000000068,13,7039.823976712621
2025-12-05 02:04:00,0.1794,0.178503,SL,-0.600000000000005,12,6997.585032852345
2025-12-05 03:00:00,0.1813,0.183113,TP,0.900000000000005,5,7060.563298148017
2025-12-05 03:01:00,0.18153,0.1833453,TP,0.8999999999999956,4,7124.108367831348
2025-12-05 03:02:00,0.18256,0.1816472,SL,-0.5999999999999953,4,7081.36371762436
2025-12-05 03:06:00,0.18224,0.18406240000000001,TP,0.9000000000000008,10,7145.095991082979
2025-12-05 03:25:00,0.18189,0.18098055,SL,-0.6000000000000034,8,7102.2254151364805
2025-12-05 03:51:00,0.17758,0.1766921,SL,-0.5999999999999983,1,7059.612062645661
2025-12-05 03:52:00,0.17622,0.1753389,SL,-0.5999999999999976,8,7017.254390269787
2025-12-05 03:53:00,0.17611,0.17522944999999998,SL,-0.6000000000000044,7,6975.150863928168
2025-12-05 03:54:00,0.17665,0.17576675,SL,-0.6000000000000011,5,6933.299958744599
2025-12-05 04:06:00,0.17477,0.1765177,TP,0.8999999999999949,3,6995.6996583733
2025-12-05 04:35:00,0.17685,0.1786185,TP,0.9000000000000036,8,7058.66095529866
2025-12-05 05:00:00,0.17638,0.17814380000000002,TP,0.9000000000000057,3,7122.188903896349
2025-12-05 05:30:00,0.17791,0.17702045000000002,SL,-0.5999999999999938,4,7079.455770472971
2025-12-05 05:31:00,0.1777,0.17681149999999998,SL,-0.6000000000000081,3,7036.979035850132
2025-12-05 05:32:00,0.17762,0.1767319,SL,-0.6000000000000015,2,6994.7571616350315
2025-12-05 05:33:00,0.17758,0.1766921,SL,-0.5999999999999983,1,6952.788618665221
2025-12-05 05:34:00,0.17668,0.17844680000000002,TP,0.9000000000000073,7,7015.363716233209
2025-12-05 05:35:00,0.17661,0.17837609999999998,TP,0.8999999999999959,6,7078.501989679307
2025-12-05 05:36:00,0.17694,0.17757,TIME,0.2560528992879052,30,7096.626699250032
2025-12-05 06:00:00,0.17667,0.17578665,SL,-0.6000000000000028,9,7054.046939054532
2025-12-05 06:01:00,0.17709,0.17620455,SL,-0.6000000000000055,7,7011.722657420205
2025-12-05 06:02:00,0.17686,0.17597569999999998,SL,-0.6000000000000026,7,6969.6523214756835
2025-12-05 06:08:00,0.17626,0.1753787,SL,-0.6000000000000009,4,6927.834407546829
2025-12-05 06:09:00,0.17595,0.17507024999999998,SL,-0.6000000000000071,5,6886.267401101548
2025-12-05 06:10:00,0.17618,0.1752991,SL,-0.5999999999999943,4,6844.949796694939
2025-12-05 06:11:00,0.17581,0.17493095,SL,-0.5999999999999956,3,6803.88009791477
2025-12-05 06:12:00,0.17601,0.17512995,SL,-0.5999999999999962,2,6763.056817327281
2025-12-05 06:14:00,0.17466,0.17378670000000002,SL,-0.5999999999999963,1,6722.478476423317
2025-12-05 06:15:00,0.17362,0.17275189999999999,SL,-0.6000000000000061,5,6682.143605564777
2025-12-05 06:16:00,0.17339,0.17252304999999998,SL,-0.6000000000000031,4,6642.050743931389
2025-12-05 06:17:00,0.17337,0.17250315,SL,-0.6000000000000014,3,6602.1984394678
2025-12-05 06:18:00,0.17366,0.17279170000000002,SL,-0.5999999999999933,2,6562.585248830994
2025-12-05 06:20:00,0.17352,0.1752552,TP,0.8999999999999956,5,6621.648516070472
2025-12-05 06:36:00,0.17239,0.17152805,SL,-0.6000000000000002,1,6581.91862497405
2025-12-05 06:37:00,0.17103,0.17274029999999999,TP,0.8999999999999987,2,6641.155892598816
2025-12-05 06:38:00,0.17207,0.17120965,SL,-0.6000000000000056,4,6601.308957243223
2025-12-05 06:48:00,0.17116,0.17287160000000001,TP,0.9000000000000042,3,6660.720737858413
2025-12-05 08:03:00,0.1679,0.1670605,SL,-0.5999999999999959,1,6620.756413431262
2025-12-05 08:04:00,0.1679,0.1670605,SL,-0.5999999999999959,12,6581.031874950675
2025-12-05 08:05:00,0.16842,0.16757789999999997,SL,-0.6000000000000073,10,6541.545683700971
2025-12-05 09:20:00,0.17367,0.17280165,SL,-0.5999999999999943,3,6502.296409598765
2025-12-05 09:21:00,0.17407,0.17319965,SL,-0.5999999999999954,2,6463.282631141173
2025-12-05 09:23:00,0.17328,0.1724136,SL,-0.599999999999994,1,6424.502935354326
2025-12-05 09:24:00,0.17301,0.17214495,SL,-0.6000000000000035,2,6385.9559177422
2025-12-05 09:38:00,0.17127,0.17298270000000002,TP,0.9000000000000067,2,6443.42952100188
2025-12-05 09:39:00,0.17182,0.1709609,SL,-0.6000000000000009,7,6404.768943875869
2025-12-05 09:45:00,0.17114,0.1728514,TP,0.9000000000000011,6,6462.4118643707525
2025-12-05 09:46:00,0.17113,0.1728413,TP,0.8999999999999995,5,6520.573571150088
2025-12-05 10:16:00,0.1705,0.17220500000000002,TP,0.900000000000007,1,6579.2587332904395
2025-12-05 11:03:00,0.17261,0.17433610000000002,TP,0.9000000000000046,5,6638.472061890055
2025-12-05 11:04:00,0.17297,0.1746997,TP,0.9000000000000005,11,6698.218310447064
2025-12-05 11:29:00,0.17329,0.17242355,SL,-0.5999999999999948,6,6658.029000584383
2025-12-05 11:30:00,0.17276,0.1718962,SL,-0.5999999999999988,5,6618.080826580876
2025-12-05 11:31:00,0.17299,0.17212505,SL,-0.6000000000000019,4,6578.372341621392
2025-12-05 11:32:00,0.17297,0.17210515,SL,-0.6000000000000002,3,6538.902107571663
2025-12-05 11:35:00,0.17194,0.17108030000000002,SL,-0.5999999999999948,5,6499.668694926234
2025-12-05 11:36:00,0.17215,0.17128925,SL,-0.5999999999999962,3,6460.670682756677
2025-12-05 11:38:00,0.17165,0.17079175,SL,-0.6000000000000029,5,6421.906658660137
2025-12-05 11:39:00,0.17161,0.17075195,SL,-0.5999999999999994,4,6383.375218708175
2025-12-05 11:40:00,0.17149,0.17063255,SL,-0.6000000000000055,3,6345.074967395926
2025-12-05 11:52:00,0.16998,0.16913009999999998,SL,-0.6000000000000086,11,6307.00451759155
2025-12-05 12:02:00,0.16952,0.1686724,SL,-0.6000000000000023,3,6269.162490486001
2025-12-05 12:03:00,0.16968,0.1688316,SL,-0.5999999999999995,2,6231.547515543085
2025-12-05 12:05:00,0.16852,0.1676774,SL,-0.5999999999999993,18,6194.158230449826
2025-12-05 12:06:00,0.16879,0.16794604999999999,SL,-0.6000000000000059,9,6156.993281067127
2025-12-05 12:08:00,0.16858,0.1677371,SL,-0.6000000000000044,7,6120.051321380724
2025-12-05 12:23:00,0.16797,0.16713015,SL,-0.6000000000000019,4,6083.33101345244
2025-12-05 12:24:00,0.1679,0.1670605,SL,-0.5999999999999959,3,6046.831027371725
2025-12-05 12:25:00,0.16735,0.16651325,SL,-0.5999999999999983,8,6010.550041207495
2025-12-05 12:26:00,0.16735,0.16651325,SL,-0.5999999999999983,7,5974.48674096025
2025-12-05 12:27:00,0.16751,0.16667245,SL,-0.5999999999999955,5,5938.639820514489
2025-12-05 12:33:00,0.16537,0.1670237,TP,0.900000000000005,2,5992.08757889912
2025-12-05 13:02:00,0.166,0.16517,SL,-0.5999999999999984,1,5956.135053425725
2025-12-05 13:03:00,0.16518,0.1668318,TP,0.9000000000000054,3,6009.7402689065575
2025-12-05 13:04:00,0.16602,0.1676802,TP,0.9000000000000005,4,6063.827931326716
2025-12-05 13:17:00,0.16522,0.1668722,TP,0.8999999999999956,16,6118.402382708656
2025-12-05 13:21:00,0.16496,0.1666096,TP,0.9000000000000008,11,6173.468004153033
2025-12-05 13:22:00,0.16462,0.1662662,TP,0.9000000000000088,4,6229.029216190411
2025-12-05 13:46:00,0.16478,0.16395610000000002,SL,-0.599999999999993,14,6191.655040893269
2025-12-05 13:47:00,0.16527,0.16444365,SL,-0.6000000000000021,2,6154.5051106479095
2025-12-05 13:50:00,0.16473,0.16390634999999998,SL,-0.6000000000000055,10,6117.578079984022
2025-12-05 14:00:00,0.16403,0.16320985000000002,SL,-0.5999999999999949,6,6080.872611504119
2025-12-05 14:01:00,0.16411,0.16328945,SL,-0.6000000000000019,3,6044.387375835095
2025-12-05 14:03:00,0.16416,0.1633392,SL,-0.6000000000000063,1,6008.121051580083
2025-12-05 14:04:00,0.16322,0.1624039,SL,-0.6000000000000086,2,5972.072325270602
2025-12-05 14:05:00,0.16399,0.16317004999999998,SL,-0.6000000000000083,1,5936.239891318978
2025-12-05 14:06:00,0.16214,0.1637614,TP,0.899999999999997,11,5989.666050340848
2025-12-05 14:07:00,0.16247,0.1640947,TP,0.9000000000000042,10,6043.573044793917
2025-12-05 14:08:00,0.16196,0.1635796,TP,0.8999999999999995,9,6097.965202197061
2025-12-05 14:26:00,0.16026,0.1594587,SL,-0.600000000000003,2,6061.377410983879
2025-12-05 14:27:00,0.16,0.1592,SL,-0.599999999999997,2,6025.009146517976
2025-12-05 14:28:00,0.15962,0.15882190000000002,SL,-0.5999999999999975,1,5988.8590916388675
2025-12-05 14:29:00,0.15964,0.1588418,SL,-0.5999999999999993,7,5952.925937089034
2025-12-05 14:36:00,0.15777,0.1593477,TP,0.9000000000000098,2,6006.502270522836
2025-12-05 15:58:00,0.16242,0.1616079,SL,-0.6000000000000062,10,5970.463256899698
2025-12-05 16:08:00,0.16138,0.1629938,TP,0.899999999999999,2,6024.197426211795
2025-12-05 16:09:00,0.16191,0.1635291,TP,0.9000000000000073,2,6078.415203047702
2025-12-05 18:54:00,0.18564,0.1847118,SL,-0.5999999999999948,7,6041.9447118294165
2025-12-05 18:55:00,0.18693,0.18599535,SL,-0.6000000000000049,3,6005.69304355844
2025-12-05 18:58:00,0.18542,0.1844929,SL,-0.6000000000000075,3,5969.658885297089
2025-12-05 19:03:00,0.18357,0.1854057,TP,0.8999999999999977,6,6023.385815264762
2025-12-05 19:58:00,0.18569,0.18476155,SL,-0.5999999999999986,7,5987.245500373173
2025-12-05 20:00:00,0.18667,0.18573665,SL,-0.5999999999999996,5,5951.322027370934
2025-12-05 20:13:00,0.18431,0.18338845,SL,-0.5999999999999963,7,5915.614095206708
2025-12-05 20:20:00,0.18403,0.18310985,SL,-0.6000000000000046,10,5880.120410635468
2025-12-05 20:30:00,0.18272,0.1845472,TP,0.9000000000000005,13,5933.041494331186
2025-12-05 20:31:00,0.18279,0.18187605,SL,-0.5999999999999982,3,5897.443245365199
2025-12-05 20:34:00,0.1821,0.183921,TP,0.8999999999999942,7,5950.520234573485
2025-12-05 21:30:00,0.18765,0.18671175,SL,-0.6000000000000008,5,5914.817113166044
2025-12-05 21:31:00,0.18772,0.1867814,SL,-0.6000000000000062,4,5879.328210487047
2025-12-05 21:32:00,0.18829,0.18734855,SL,-0.6000000000000055,1,5844.052241224124
2025-12-05 21:33:00,0.18685,0.18591575,SL,-0.5999999999999988,2,5808.9879277767795
2025-12-05 21:35:00,0.18558,0.18743579999999999,TP,0.8999999999999949,12,5861.26881912677
2025-12-05 22:15:00,0.18795,0.1898295,TP,0.9000000000000032,4,5914.020238498912
2025-12-05 22:16:00,0.18762,0.1894962,TP,0.899999999999997,3,5967.2464206454015
2025-12-05 22:17:00,0.18864,0.1905264,TP,0.9000000000000054,3,6020.951638431211
2025-12-05 23:08:00,0.19193,0.19097034999999998,SL,-0.6000000000000033,5,5984.825928600624
2025-12-05 23:09:00,0.19193,0.19097034999999998,SL,-0.6000000000000033,4,5948.9169730290205
2025-12-05 23:10:00,0.19206,0.1910997,SL,-0.5999999999999985,3,5913.223471190846
2025-12-05 23:13:00,0.19096,0.19000519999999999,SL,-0.600000000000003,8,5877.744130363701
2025-12-06 00:03:00,0.19059,0.18963705,SL,-0.6000000000000042,3,5842.4776655815185
2025-12-06 00:04:00,0.19057,0.18961714999999998,SL,-0.6000000000000028,2,5807.422799588029
2025-12-06 00:05:00,0.19028,0.1893286,SL,-0.5999999999999953,1,5772.578262790501
2025-12-06 00:06:00,0.18876,0.1906476,TP,0.8999999999999942,10,5824.531467155615
2025-12-06 00:07:00,0.18887,0.1907587,TP,0.8999999999999962,9,5876.952250360016
2025-12-06 00:08:00,0.1892,0.188254,SL,-0.6000000000000012,14,5841.6905368578555
2025-12-06 00:22:00,0.18732,0.18638339999999998,SL,-0.6000000000000052,11,5806.640393636709
2025-12-06 00:23:00,0.18799,0.18705005,SL,-0.5999999999999973,6,5771.800551274889
2025-12-06 00:52:00,0.18582,0.18767820000000002,TP,0.9000000000000021,7,5823.746756236364
2025-12-06 00:53:00,0.18634,0.18820340000000002,TP,0.9000000000000081,9,5876.160477042492
2025-12-06 02:00:00,0.20291,0.20189545,SL,-0.6000000000000014,1,5840.903514180237
2025-12-06 02:01:00,0.20271,0.20169645,SL,-0.600000000000001,4,5805.858093095156
2025-12-06 02:05:00,0.20029,0.2022929,TP,0.9000000000000008,2,5858.1108159330115
2025-12-06 02:21:00,0.19688,0.1988488,TP,0.8999999999999962,5,5910.833813276408
2025-12-06 03:51:00,0.21249,0.21461490000000003,TP,0.900000000000006,2,5964.031317595896
2025-12-06 03:52:00,0.2137,0.2126315,SL,-0.6,8,5928.247129690321
2025-12-06 04:00:00,0.21291,0.21184545,SL,-0.5999999999999988,3,5892.67764691218
2025-12-06 04:03:00,0.21231,0.2144331,TP,0.8999999999999949,12,5945.711745734388
2025-12-06 04:10:00,0.21195,0.2140695,TP,0.8999999999999984,2,5999.223151445997
2025-12-06 04:54:00,0.22281,0.22169595,SL,-0.6000000000000023,6,5963.227812537321
2025-12-06 05:04:00,0.22192,0.22081040000000002,SL,-0.5999999999999948,2,5927.4484456620985
2025-12-06 05:05:00,0.22144,0.2203328,SL,-0.6000000000000012,1,5891.8837549881255
2025-12-06 05:06:00,0.22061,0.2228161,TP,0.8999999999999949,5,5944.910708783018
2025-12-06 05:07:00,0.21981,0.2220081,TP,0.9000000000000039,3,5998.414905162066
2025-12-06 05:08:00,0.22092,0.2231292,TP,0.8999999999999974,3,6052.400639308524
2025-12-06 06:16:00,0.22836,0.2272182,SL,-0.5999999999999992,6,6016.086235472672
2025-12-06 06:22:00,0.22694,0.2292094,TP,0.9000000000000021,6,6070.231011591927
2025-12-06 06:50:00,0.22628,0.2251486,SL,-0.600000000000002,14,6033.809625522375
2025-12-06 07:00:00,0.2257,0.2245715,SL,-0.600000000000002,4,5997.606767769241
2025-12-06 07:04:00,0.22401,0.22625009999999998,TP,0.8999999999999977,9,6051.585228679163
2025-12-06 07:05:00,0.2256,0.224472,SL,-0.5999999999999956,4,6015.275717307089
2025-12-06 09:03:00,0.2639,0.2625805,SL,-0.600000000000011,1,5979.184063003246
2025-12-06 09:06:00,0.25237,0.2548937,TP,0.900000000000007,1,6032.996719570276
2025-12-06 09:42:00,0.26004,0.2626404,TP,0.9000000000000011,3,6087.293690046409
2025-12-06 09:43:00,0.26022,0.2628222,TP,0.8999999999999995,3,6142.079333256826
2025-12-06 09:44:00,0.26031,0.2629131,TP,0.9000000000000095,2,6197.358047256139
2025-12-06 11:00:00,0.2701,0.26874950000000003,SL,-0.5999999999999913,2,6160.173898972603
2025-12-06 11:01:00,0.2712,0.269844,SL,-0.6000000000000087,1,6123.212855578767
2025-12-06 11:02:00,0.26847,0.26712765,SL,-0.5999999999999972,1,6086.473578445294
2025-12-06 11:03:00,0.24413,0.24290935000000002,SL,-0.5999999999999958,1,6049.954736974622
2025-12-06 11:04:00,0.2445,0.2432775,SL,-0.5999999999999949,1,6013.655008552775
2025-12-06 11:05:00,0.24903,0.24778485,SL,-0.6000000000000002,1,5977.573078501458
2025-12-06 11:57:00,0.24773,0.24649135,SL,-0.6000000000000031,1,5941.7076400304495
2025-12-06 11:58:00,0.24807,0.24682965,SL,-0.6000000000000004,2,5906.057394190267
2025-12-06 11:59:00,0.24775,0.24651125,SL,-0.6000000000000043,1,5870.621049825125
2025-12-06 12:00:00,0.24739,0.2498639,TP,0.9000000000000005,2,5923.4566392735505
2025-12-06 12:29:00,0.25422,0.2567622,TP,0.8999999999999977,5,5976.767749027012
2025-12-06 12:30:00,0.25508,0.2538046,SL,-0.5999999999999931,1,5940.90714253285
2025-12-06 12:31:00,0.25487,0.25359565,SL,-0.599999999999992,1,5905.261699677654
2025-12-06 12:32:00,0.2539,0.25643900000000003,TP,0.9000000000000054,2,5958.409054974753
2025-12-06 12:49:00,0.25359,0.25232204999999996,SL,-0.6000000000000071,1,5922.658600644904
2025-12-06 12:50:00,0.25279,0.25152605,SL,-0.6000000000000054,3,5887.1226490410345
2025-12-06 13:02:00,0.24874,0.24749629999999997,SL,-0.6000000000000058,1,5851.799913146789
2025-12-06 13:03:00,0.24973,0.2522273,TP,0.8999999999999921,2,5904.466112365109
2025-12-06 13:04:00,0.25049,0.25299489999999997,TP,0.8999999999999907,1,5957.606307376394
2025-12-06 13:42:00,0.25775,0.25646125,SL,-0.600000000000002,1,5921.860669532136
2025-12-06 13:43:00,0.25576,0.25448119999999996,SL,-0.6000000000000095,3,5886.329505514943
2025-12-06 13:44:00,0.25593,0.25465034999999997,SL,-0.6000000000000083,2,5851.011528481852
2025-12-06 13:45:00,0.25521,0.25393394999999996,SL,-0.6000000000000112,1,5815.90545931096
2025-12-06 13:46:00,0.25534,0.2578934,TP,0.8999999999999935,3,5868.248608444758
2025-12-06 14:22:00,0.25691,0.25562545000000003,SL,-0.5999999999999982,2,5833.03911679409
2025-12-06 14:24:00,0.25619,0.25490904999999997,SL,-0.6000000000000012,1,5798.040882093325
2025-12-06 14:25:00,0.25394,0.2526703,SL,-0.599999999999994,1,5763.252636800766
2025-12-06 14:26:00,0.25213,0.25086935000000005,SL,-0.5999999999999898,1,5728.673120979962
2025-12-06 14:27:00,0.25127,0.25001365,SL,-0.6000000000000069,2,5694.301082254081
2025-12-06 14:30:00,0.23783,0.2402083,TP,0.8999999999999998,1,5745.549791994367
2025-12-06 14:31:00,0.24291,0.24533909999999998,TP,0.8999999999999959,4,5797.259740122316
2025-12-06 15:22:00,0.24147,0.24026265,SL,-0.5999999999999983,1,5762.476181681582
2025-12-06 15:23:00,0.24314,0.2455714,TP,0.9000000000000001,1,5814.338467316716
2025-12-06 15:24:00,0.24569,0.24446155,SL,-0.5999999999999968,2,5779.452436512815
2025-12-06 16:15:00,0.25191,0.25065045,SL,-0.5999999999999992,1,5744.775721893739
2025-12-06 16:16:00,0.24884,0.2513284,TP,0.9000000000000008,2,5796.478703390781
2025-12-06 16:17:00,0.25019,0.2526919,TP,0.9000000000000005,3,5848.6470117212975
2025-12-06 16:18:00,0.25177,0.2542877,TP,0.9000000000000046,2,5901.28483482679
2025-12-06 16:31:00,0.24553,0.24430235,SL,-0.5999999999999988,1,5865.877125817829
2025-12-06 16:32:00,0.24569,0.24446155,SL,-0.5999999999999968,1,5830.681863062922
2025-12-06 16:33:00,0.2438,0.242581,SL,-0.5999999999999992,1,5795.697771884545
2025-12-06 16:34:00,0.2441,0.246541,TP,0.8999999999999995,3,5847.859051831505
2025-12-06 16:35:00,0.24596,0.2447302,SL,-0.6000000000000012,1,5812.771897520516
2025-12-06 16:42:00,0.24011,0.23890945,SL,-0.5999999999999979,1,5777.895266135393
2025-12-06 16:43:00,0.23923,0.23803385,SL,-0.6000000000000029,1,5743.227894538581
2025-12-06 16:44:00,0.24012,0.2425212,TP,0.8999999999999966,2,5794.916945589427
2025-12-06 16:50:00,0.23242,0.2312579,SL,-0.5999999999999996,1,5760.14744391589
2025-12-06 16:51:00,0.23097,0.22981515,SL,-0.6000000000000055,2,5725.586559252395
2025-12-06 16:52:00,0.23303,0.23186484999999998,SL,-0.6000000000000015,1,5691.233039896881
2025-12-06 16:53:00,0.22787,0.23014869999999998,TP,0.8999999999999977,1,5742.454137255952
2025-12-06 18:48:00,0.25588,0.2546006,SL,-0.5999999999999945,1,5707.999412432418
2025-12-06 18:59:00,0.25529,0.25401355000000003,SL,-0.599999999999994,1,5673.751415957824
2025-12-06 19:00:00,0.25252,0.2550452,TP,0.9000000000000018,2,5724.815178701445
2025-12-06 19:01:00,0.25444,0.2531678,SL,-0.6000000000000004,2,5690.466287629236
2025-12-06 19:03:00,0.24746,0.2499346,TP,0.8999999999999974,1,5741.680484217898
2025-12-06 19:04:00,0.2502,0.24894899999999998,SL,-0.6000000000000009,1,5707.23040131259
2025-12-06 19:05:00,0.24864,0.2473968,SL,-0.6,2,5672.987018904715
2025-12-06 19:07:00,0.24587,0.24464065000000002,SL,-0.599999999999996,2,5638.949096791287
2025-12-06 19:08:00,0.2468,0.24556599999999998,SL,-0.6000000000000052,1,5605.115402210539
2025-12-06 19:09:00,0.24615,0.24491925,SL,-0.6000000000000011,1,5571.484709797276
2025-12-06 19:27:00,0.24472,0.2434964,SL,-0.5999999999999964,1,5538.055801538492
2025-12-06 19:28:00,0.24457,0.24334715,SL,-0.599999999999999,3,5504.827466729262
2025-12-06 19:31:00,0.24379,0.2462279,TP,0.899999999999997,1,5554.370913929824
2025-12-06 19:36:00,0.24333,0.24211334999999998,SL,-0.6000000000000055,11,5521.044688446245
2025-12-06 19:38:00,0.24281,0.2452381,TP,0.8999999999999952,16,5570.734090642261
2025-12-06 19:47:00,0.24345,0.2458845,TP,0.9000000000000026,8,5620.870697458043
2025-12-06 20:04:00,0.24135,0.24014325,SL,-0.6000000000000026,1,5587.145473273295
2025-12-06 20:05:00,0.23939,0.2417839,TP,0.9000000000000018,3,5637.429782532755
2025-12-06 20:06:00,0.24091,0.2433191,TP,0.8999999999999987,3,5688.166650575549
2025-12-06 20:07:00,0.24154,0.24395540000000002,TP,0.900000000000005,3,5739.36015043073
2025-12-06 20:23:00,0.23817,0.2405517,TP,0.900000000000006,2,5791.014391784607
2025-12-06 20:39:00,0.23821,0.23701895,SL,-0.5999999999999995,1,5756.2683054338995
2025-12-06 20:40:00,0.2378,0.23661100000000002,SL,-0.5999999999999981,2,5721.730695601296
2025-12-06 20:42:00,0.23695,0.2393195,TP,0.8999999999999987,4,5773.226271861708
2025-12-06 21:03:00,0.23514,0.2339643,SL,-0.6000000000000008,1,5738.586914230537
2025-12-06 21:04:00,0.23281,0.2351381,TP,0.8999999999999998,2,5790.234196458611
2025-12-06 21:05:00,0.2344,0.236744,TP,0.9000000000000054,4,5842.346304226739
2025-12-06 21:06:00,0.23442,0.23676419999999998,TP,0.8999999999999959,3,5894.927420964779
2025-12-06 21:30:00,0.23087,0.2331787,TP,0.8999999999999987,1,5947.981767753462
2025-12-06 21:31:00,0.23295,0.23178525,SL,-0.5999999999999966,6,5912.293877146941
2025-12-06 22:00:00,0.2288,0.23108800000000002,TP,0.9000000000000054,1,5965.504522041264
2025-12-06 22:01:00,0.22992,0.2287704,SL,-0.6000000000000003,1,5929.711494909016
2025-12-06 22:02:00,0.2285,0.22735750000000002,SL,-0.599999999999996,1,5894.133225939562
2025-12-06 22:03:00,0.22825,0.2305325,TP,0.899999999999997,3,5947.180424973018
2025-12-06 22:28:00,0.22311,0.22199445,SL,-0.5999999999999968,1,5911.497342423179
2025-12-06 22:29:00,0.22183,0.2240483,TP,0.9000000000000029,1,5964.700818504989
2025-12-06 22:30:00,0.22421,0.2264521,TP,0.8999999999999987,3,6018.383125871534
2025-12-06 23:00:00,0.22835,0.22720825,SL,-0.5999999999999986,6,5982.272827116304
2025-12-06 23:06:00,0.22669,0.22555655,SL,-0.6000000000000035,2,5946.379190153606
2025-12-06 23:07:00,0.22604,0.2249098,SL,-0.5999999999999991,2,5910.700915012684
2025-12-06 23:08:00,0.22569,0.22456155,SL,-0.6000000000000013,1,5875.236709522608
2025-12-06 23:09:00,0.22613,0.2283913,TP,0.8999999999999974,1,5928.113839908311
2025-12-06 23:11:00,0.22466,0.2269066,TP,0.9000000000000067,1,5981.466864467487
2025-12-06 23:44:00,0.22691,0.22577545,SL,-0.6000000000000053,1,5945.578063280682
2025-12-06 23:45:00,0.2253,0.2241735,SL,-0.6000000000000011,1,5909.904594900998
2025-12-06 23:46:00,0.22545,0.22432275000000002,SL,-0.5999999999999983,1,5874.445167331592
2025-12-06 23:47:00,0.22052,0.21941739999999998,SL,-0.6000000000000042,1,5839.198496327602
2025-12-06 23:48:00,0.2123,0.2112385,SL,-0.5999999999999968,1,5804.163305349636
2025-12-06 23:49:00,0.20374,0.2027213,SL,-0.6000000000000055,1,5769.338325517539
2025-12-06 23:50:00,0.19898,0.1979851,SL,-0.5999999999999965,1,5734.722295564433
2025-12-06 23:51:00,0.19963,0.19863185,SL,-0.6000000000000015,1,5700.3139617910465
2025-12-06 23:52:00,0.20142,0.20041289999999998,SL,-0.6000000000000054,1,5666.1120780203
2025-12-07 00:17:00,0.20086,0.1998557,SL,-0.6000000000000066,1,5632.115405552177
2025-12-07 00:21:00,0.19875,0.2007375,TP,0.9000000000000015,1,5682.804444202147
2025-12-07 00:26:00,0.2025,0.2014875,SL,-0.5999999999999998,1,5648.707617536935
2025-12-07 00:28:00,0.19774,0.1967513,SL,-0.6000000000000045,1,5614.8153718317135
2025-12-07 00:29:00,0.19619,0.19520905,SL,-0.6000000000000042,1,5581.1264796007235
2025-12-07 00:30:00,0.19557,0.19459215,SL,-0.6000000000000012,1,5547.639720723119
2025-12-07 00:31:00,0.19371,0.19274144999999998,SL,-0.6000000000000064,1,5514.35388239878
2025-12-07 00:32:00,0.19668,0.1956966,SL,-0.5999999999999976,1,5481.267759104388
2025-12-07 00:33:00,0.19083,0.18987584999999998,SL,-0.6000000000000077,1,5448.38015254976
2025-12-07 00:34:00,0.19204,0.19396039999999998,TP,0.8999999999999942,1,5497.415573922707
2025-12-07 00:36:00,0.18709,0.18896090000000001,TP,0.9000000000000046,1,5546.892314088012
2025-12-07 00:37:00,0.1909,0.1899455,SL,-0.5999999999999984,1,5513.610960203484
2025-12-07 00:54:00,0.18856,0.1876172,SL,-0.5999999999999966,1,5480.529294442263
2025-12-07 00:55:00,0.18218,0.18126910000000002,SL,-0.5999999999999958,1,5447.646118675609
2025-12-07 00:56:00,0.18014,0.1819414,TP,0.9000000000000046,1,5496.6749337436895
2025-12-07 00:57:00,0.18191,0.18372909999999998,TP,0.8999999999999946,1,5546.145008147382
2025-12-07 00:58:00,0.18364,0.1827218,SL,-0.6000000000000043,2,5512.868138098498
2025-12-07 01:00:00,0.17767,0.17678164999999998,SL,-0.6000000000000056,1,5479.790929269907
2025-12-07 01:01:00,0.17758,0.1766921,SL,-0.5999999999999983,1,5446.912183694288
2025-12-07 01:02:00,0.17489,0.17401555,SL,-0.5999999999999994,1,5414.230710592122
2025-12-07 01:03:00,0.17313,0.17226435,SL,-0.5999999999999974,1,5381.745326328569
2025-12-07 01:07:00,0.1638,0.162981,SL,-0.6000000000000086,1,5349.454854370597
2025-12-07 01:08:00,0.16207,0.1636907,TP,0.9000000000000018,1,5397.599948059933
2025-12-07 01:49:00,0.1611,0.162711,TP,0.9000000000000008,1,5446.178347592472
2025-12-07 01:50:00,0.16292,0.1645492,TP,0.8999999999999984,1,5495.193952720804
2025-12-07 01:56:00,0.15505,0.15427475,SL,-0.6000000000000033,1,5462.22278900448
2025-12-07 01:57:00,0.15544,0.1546628,SL,-0.6000000000000036,1,5429.449452270453
2025-12-07 01:58:00,0.15155,0.1530655,TP,0.9000000000000018,1,5478.314497340887
2025-12-07 02:01:00,0.147,0.14847,TP,0.8999999999999995,1,5527.619327816955
2025-12-07 02:36:00,0.1398,0.14119800000000002,TP,0.9000000000000073,1,5577.3679017673085
2025-12-07 02:37:00,0.13938,0.1386831,SL,-0.6000000000000002,1,5543.903694356704
2025-12-07 02:38:00,0.13598,0.13733979999999998,TP,0.8999999999999959,1,5593.798827605914
2025-12-07 02:39:00,0.13652,0.1378852,TP,0.9000000000000081,1,5644.143017054368
2025-12-07 03:46:00,0.15596,0.1551802,SL,-0.5999999999999982,1,5610.278158952042
2025-12-07 03:47:00,0.15503,0.15425485,SL,-0.6000000000000014,1,5576.61648999833
2025-12-07 03:48:00,0.1552,0.154424,SL,-0.5999999999999993,1,5543.15679105834
2025-12-07 03:49:00,0.15525,0.15447375,SL,-0.6000000000000039,3,5509.89785031199
2025-12-07 04:31:00,0.15649,0.15570755,SL,-0.5999999999999936,3,5476.838463210119
2025-12-07 04:32:00,0.15638,0.1555981,SL,-0.6000000000000013,2,5443.977432430858
2025-12-07 04:33:00,0.15665,0.15586675,SL,-0.6000000000000083,1,5411.313567836272
2025-12-07 04:34:00,0.15598,0.1552001,SL,-0.6,3,5378.845686429255
2025-12-07 04:49:00,0.15336,0.1548936,TP,0.8999999999999974,2,5427.255297607117
2025-12-07 04:50:00,0.15464,0.1538668,SL,-0.6000000000000011,2,5394.691765821474
2025-12-07 04:55:00,0.15245,0.15168775,SL,-0.5999999999999948,1,5362.323615226546
2025-12-07 04:56:00,0.14895,0.14820525,SL,-0.5999999999999923,1,5330.1496735351875
2025-12-07 04:57:00,0.14742,0.1488942,TP,0.900000000000006,1,5378.121020597005
2025-12-07 04:58:00,0.14863,0.14788685000000001,SL,-0.5999999999999986,1,5345.852294473422
2025-12-07 04:59:00,0.14807,0.14732965,SL,-0.6000000000000004,9,5313.777180706582
2025-12-07 05:15:00,0.14746,0.1467227,SL,-0.5999999999999975,2,5281.894517622342
2025-12-07 05:18:00,0.14677,0.1482377,TP,0.8999999999999921,6,5329.431568280943
2025-12-07 05:47:00,0.15139,0.15063305,SL,-0.6000000000000041,3,5297.4549788712575
2025-12-07 05:50:00,0.15046,0.1497077,SL,-0.6000000000000074,2,5265.670248998029
2025-12-07 05:51:00,0.14994,0.1491903,SL,-0.5999999999999948,9,5234.0762275040415
2025-12-07 05:52:00,0.15035,0.14959825000000002,SL,-0.599999999999997,4,5202.671770139017
2025-12-07 06:00:00,0.14967,0.14892165,SL,-0.6000000000000059,3,5171.455739518183
2025-12-07 06:03:00,0.14974,0.15123740000000002,TP,0.9000000000000064,2,5217.998841173847
2025-12-07 06:46:00,0.1545,0.1537275,SL,-0.600000000000006,3,5186.690848126804
2025-12-07 06:47:00,0.15458,0.1538071,SL,-0.5999999999999955,2,5155.570703038043
2025-12-07 06:49:00,0.15439,0.15361805,SL,-0.5999999999999958,3,5124.637278819814
2025-12-07 06:54:00,0.15327,0.15250365,SL,-0.5999999999999994,5,5093.889455146895
2025-12-07 06:59:00,0.15145,0.15069275000000001,SL,-0.5999999999999915,1,5063.326118416014
2025-12-07 07:00:00,0.15111,0.15262109999999998,TP,0.8999999999999918,3,5108.896053481757
2025-12-07 07:01:00,0.15107,0.1525807,TP,0.9000000000000026,2,5154.876117963094
2025-12-07 07:10:00,0.15015,0.14939925,SL,-0.5999999999999963,5,5123.9468612553155
2025-12-07 07:11:00,0.15026,0.1495087,SL,-0.6000000000000069,4,5093.203180087783
2025-12-07 07:12:00,0.15065,0.14989675,SL,-0.6000000000000072,3,5062.643961007256
2025-12-07 07:15:00,0.14954,0.15103540000000001,TP,0.9000000000000054,9,5108.207756656321
2025-12-07 07:16:00,0.14934,0.1508334,TP,0.9000000000000039,7,5154.181626466228
2025-12-07 07:29:00,0.14742,0.1488942,TP,0.900000000000006,5,5200.569261104425
2025-12-07 07:30:00,0.14719,0.14866189999999999,TP,0.8999999999999987,4,5247.374384454364
2025-12-07 07:31:00,0.14769,0.1491669,TP,0.9000000000000021,4,5294.600753914454
2025-12-07 07:32:00,0.14825,0.1497325,TP,0.8999999999999984,5,5342.252160699683
2025-12-07 08:03:00,0.14814,0.14739929999999998,SL,-0.6000000000000073,1,5310.198647735485
2025-12-07 08:04:00,0.14755,0.14681224999999998,SL,-0.6000000000000063,1,5278.337455849071
2025-12-07 08:05:00,0.14608,0.1475408,TP,0.9000000000000085,2,5325.842492951713
2025-12-07 08:06:00,0.14673,0.1481973,TP,0.9000000000000032,2,5373.775075388279
2025-12-07 09:14:00,0.1516,0.150842,SL,-0.6000000000000056,1,5341.532424935949
2025-12-07 09:15:00,0.15051,0.14975745000000001,SL,-0.5999999999999939,2,5309.483230386334
2025-12-07 09:16:00,0.15065,0.14989675,SL,-0.6000000000000072,1,5277.626331004016
2025-12-07 09:17:00,0.14999,0.14924005,SL,-0.5999999999999994,5,5245.960573017992
2025-12-07 09:18:00,0.15008,0.14932959999999998,SL,-0.6000000000000082,4,5214.484809579883
2025-12-07 09:19:00,0.14987,0.14912065,SL,-0.6000000000000065,3,5183.197900722404
2025-12-07 09:22:00,0.14912,0.1483744,SL,-0.6000000000000086,18,5152.098713318069
2025-12-07 09:40:00,0.1476,0.14907600000000001,TP,0.9000000000000032,1,5198.4676017379325
2025-12-07 09:41:00,0.14905,0.14830474999999999,SL,-0.6000000000000019,2,5167.276796127505
2025-12-07 09:43:00,0.14828,0.1497628,TP,0.9000000000000042,10,5213.782287292653
2025-12-07 09:45:00,0.149,0.148255,SL,-0.5999999999999972,2,5182.499593568897
2025-12-07 10:01:00,0.14755,0.14902549999999998,TP,0.8999999999999939,4,5229.142089911016
2025-12-07 10:02:00,0.1477,0.149177,TP,0.9000000000000042,3,5276.204368720216
2025-12-07 10:33:00,0.15288,0.1521156,SL,-0.599999999999999,1,5244.547142507895
2025-12-07 10:34:00,0.1526,0.151837,SL,-0.600000000000009,2,5213.079859652847
2025-12-07 10:36:00,0.15096,0.1502052,SL,-0.6,2,5181.80138049493
2025-12-07 10:37:00,0.15066,0.14990669999999998,SL,-0.6000000000000082,2,5150.7105722119595
2025-12-07 10:38:00,0.15019,0.1516919,TP,0.9000000000000005,3,5197.066967361867
2025-12-07 11:08:00,0.1514,0.150643,SL,-0.6000000000000051,2,5165.884565557695
2025-12-07 11:09:00,0.15202,0.15125989999999997,SL,-0.600000000000009,1,5134.889258164349
2025-12-07 11:10:00,0.15016,0.1494092,SL,-0.5999999999999973,2,5104.079922615362
2025-12-07 11:11:00,0.14959,0.1510859,TP,0.8999999999999962,2,5150.0166419189
2025-12-07 11:12:00,0.15013,0.15163130000000002,TP,0.900000000000007,1,5196.36679169617
2025-12-07 11:15:00,0.14882,0.1503082,TP,0.8999999999999966,14,5243.134092821435
2025-12-07 11:42:00,0.14871,0.14796645,SL,-0.6000000000000063,5,5211.675288264506
2025-12-07 11:43:00,0.14886,0.1481157,SL,-0.6000000000000023,4,5180.405236534919
2025-12-07 11:46:00,0.14847,0.14772765,SL,-0.6000000000000019,1,5149.322805115709
2025-12-07 11:47:00,0.14747,0.14894469999999999,TP,0.899999999999997,2,5195.66671036175
2025-12-07 11:48:00,0.14831,0.1497931,TP,0.9000000000000101,1,5242.427710755006
2025-12-07 11:59:00,0.148,0.14948,TP,0.9000000000000064,2,5289.609560151802
2025-12-07 12:00:00,0.14903,0.1505203,TP,0.9000000000000001,6,5337.216046193167
2025-12-07 13:06:00,0.15424,0.1557824,TP,0.8999999999999998,4,5385.250990608905
2025-12-07 14:13:00,0.15632,0.1578832,TP,0.9000000000000095,2,5433.718249524386
2025-12-07 14:57:00,0.16713,0.16880130000000002,TP,0.9000000000000088,1,5482.621713770106
2025-12-07 14:58:00,0.16929,0.16844355,SL,-0.5999999999999992,1,5449.725983487485
2025-12-07 14:59:00,0.1688,0.167956,SL,-0.6000000000000068,1,5417.027627586559
2025-12-07 15:00:00,0.16933,0.16848335,SL,-0.6000000000000025,2,5384.525461821039
2025-12-07 15:02:00,0.1666,0.165767,SL,-0.6000000000000003,1,5352.218309050113
2025-12-07 15:03:00,0.16506,0.16671060000000001,TP,0.9000000000000011,2,5400.388273831565
2025-12-07 15:04:00,0.16631,0.16547845,SL,-0.6000000000000085,1,5367.985944188576
2025-12-07 15:45:00,0.17038,0.1720838,TP,0.9000000000000032,2,5416.297817686273
2025-12-07 15:52:00,0.16982,0.1689709,SL,-0.599999999999995,1,5383.800030780156
2025-12-07 15:53:00,0.17018,0.1693291,SL,-0.5999999999999928,5,5351.497230595475
2025-12-07 16:30:00,0.17248,0.17161759999999998,SL,-0.6000000000000076,4,5319.388247211902
2025-12-07 16:34:00,0.17091,0.17005545,SL,-0.6000000000000055,1,5287.471917728631
2025-12-07 16:35:00,0.16768,0.1668416,SL,-0.5999999999999935,1,5255.747086222259
2025-12-07 16:36:00,0.16606,0.1652297,SL,-0.6000000000000035,2,5224.212603704926
2025-12-07 16:37:00,0.16632,0.1654884,SL,-0.5999999999999928,1,5192.867328082697
2025-12-07 16:38:00,0.16422,0.16586220000000002,TP,0.9000000000000064,3,5239.603134035442
2025-12-07 16:39:00,0.16497,0.1666197,TP,0.9000000000000021,5,5286.759562241762
2025-12-07 16:48:00,0.1568,0.158368,TP,0.9000000000000088,1,5334.340398301939
2025-12-07 16:49:00,0.15967,0.1612667,TP,0.9000000000000039,1,5382.349461886657
2025-12-07 17:46:00,0.16127,0.16046364999999999,SL,-0.600000000000007,3,5350.055365115337
2025-12-07 17:49:00,0.16091,0.16010545,SL,-0.599999999999992,4,5317.955032924646
2025-12-07 17:53:00,0.16052,0.15971739999999998,SL,-0.6000000000000091,7,5286.047302727097
2025-12-07 18:00:00,0.15939,0.1609839,TP,0.9000000000000057,10,5333.6217284516415
2025-12-07 18:04:00,0.15904,0.16063039999999998,TP,0.8999999999999949,4,5381.624324007706
2025-12-07 18:15:00,0.15883,0.15803585,SL,-0.599999999999996,7,5349.334578063659
2025-12-07 18:16:00,0.15922,0.1584239,SL,-0.5999999999999963,6,5317.238570595277
2025-12-07 18:22:00,0.15826,0.15746870000000002,SL,-0.5999999999999966,4,5285.335139171706
2025-12-07 18:23:00,0.1581,0.159681,TP,0.8999999999999995,7,5332.903155424251
2025-12-07 18:24:00,0.15808,0.1596608,TP,0.8999999999999959,6,5380.899283823069
2025-12-07 18:25:00,0.15774,0.1593174,TP,0.9000000000000042,5,5429.327377377477
2025-12-07 18:26:00,0.15758,0.1591558,TP,0.8999999999999925,4,5478.191323773874
2025-12-07 18:52:00,0.15878,0.1603678,TP,0.9000000000000001,2,5527.495045687838
2025-12-07 19:15:00,0.16269,0.16431690000000002,TP,0.9000000000000088,7,5577.242501099029
2025-12-07 19:16:00,0.16278,0.16440780000000002,TP,0.9000000000000077,6,5627.437683608921
2025-12-07 19:44:00,0.16327,0.1649027,TP,0.9000000000000091,7,5678.084622761402
2025-12-07 19:45:00,0.16279,0.16441789999999998,TP,0.8999999999999925,3,5729.187384366254
2025-12-07 20:32:00,0.16757,0.16673215,SL,-0.6000000000000008,4,5694.812260060056
2025-12-07 20:33:00,0.16814,0.1672993,SL,-0.5999999999999999,2,5660.643386499696
2025-12-07 20:36:00,0.16696,0.1661252,SL,-0.599999999999998,6,5626.679526180698
2025-12-07 20:49:00,0.16612,0.1652894,SL,-0.5999999999999921,1,5592.919449023615
2025-12-07 20:50:00,0.16509,0.16426454999999998,SL,-0.6000000000000033,7,5559.361932329473
2025-12-07 20:51:00,0.16474,0.1639163,SL,-0.6000000000000064,6,5526.005760735496
2025-12-07 20:57:00,0.16378,0.1654178,TP,0.8999999999999966,5,5575.739812582115
2025-12-07 21:06:00,0.16154,0.16315539999999998,TP,0.8999999999999931,7,5625.921470895353
2025-12-07 21:07:00,0.16121,0.1628221,TP,0.9000000000000032,4,5676.554764133412
2025-12-07 21:08:00,0.16188,0.1610706,SL,-0.5999999999999925,14,5642.4954355486125
2025-12-07 21:26:00,0.16011,0.15930945,SL,-0.6000000000000069,17,5608.64046293532
2025-12-07 21:43:00,0.15898,0.15818510000000002,SL,-0.599999999999992,13,5574.988620157709
2025-12-07 21:44:00,0.15944,0.1586428,SL,-0.5999999999999988,12,5541.538688436763
2025-12-07 21:56:00,0.15829,0.15749855,SL,-0.5999999999999995,2,5508.289456306142
2025-12-07 21:57:00,0.15781,0.15702095,SL,-0.6000000000000084,5,5475.239719568304
2025-12-07 21:58:00,0.15763,0.15684185,SL,-0.5999999999999921,4,5442.3882812508955
2025-12-07 21:59:00,0.15772,0.1569314,SL,-0.6000000000000003,3,5409.73395156339
2025-12-07 22:02:00,0.1566,0.15581699999999998,SL,-0.6000000000000039,3,5377.27554785401
2025-12-07 22:03:00,0.15672,0.1559364,SL,-0.5999999999999971,2,5345.011894566886
2025-12-07 22:05:00,0.15341,0.15264295,SL,-0.5999999999999944,1,5312.941823199486
2025-12-07 22:06:00,0.15157,0.15081215,SL,-0.6000000000000029,1,5281.064172260289
2025-12-07 22:07:00,0.15037,0.1518737,TP,0.8999999999999977,2,5328.5937498106305
2025-12-07 22:08:00,0.15148,0.15299480000000001,TP,0.900000000000007,2,5376.551093558926
2025-12-07 22:27:00,0.14998,0.1492301,SL,-0.5999999999999985,1,5344.291786997573
2025-12-07 22:28:00,0.14912,0.1506112,TP,0.8999999999999987,3,5392.39041308055
2025-12-07 22:33:00,0.1486,0.14785700000000002,SL,-0.5999999999999956,5,5360.036070602067
2025-12-07 22:34:00,0.14888,0.1481356,SL,-0.6000000000000041,4,5327.875854178455
2025-12-07 22:35:00,0.14885,0.14810575,SL,-0.6000000000000012,3,5295.908599053384
2025-12-07 22:38:00,0.1483,0.149783,TP,0.9000000000000081,1,5343.5717764448655
2025-12-07 23:01:00,0.15151,0.1530251,TP,0.8999999999999942,2,5391.663922432868
2025-12-08 01:21:00,0.16628,0.1654486,SL,-0.6000000000000059,5,5359.313938898271
2025-12-08 01:22:00,0.16638,0.1655481,SL,-0.599999999999998,4,5327.158055264881
2025-12-08 01:23:00,0.16582,0.1649909,SL,-0.5999999999999995,4,5295.195106933292
2025-12-08 01:26:00,0.16572,0.1648914,SL,-0.6000000000000076,6,5263.4239362916915
2025-12-08 01:27:00,0.16565,0.16482175,SL,-0.6000000000000015,5,5231.843392673942
2025-12-08 01:40:00,0.16378,0.1654178,TP,0.8999999999999966,1,5278.929983208007
2025-12-08 02:37:00,0.18244,0.1815278,SL,-0.6000000000000011,1,5247.256403308759
2025-12-08 02:38:00,0.18337,0.18245315,SL,-0.5999999999999983,1,5215.772864888907
2025-12-08 02:39:00,0.18225,0.18133875,SL,-0.6000000000000013,3,5184.478227699574
2025-12-08 03:00:00,0.17709,0.17620455,SL,-0.6000000000000055,1,5153.3713583333765
2025-12-08 03:01:00,0.17583,0.17495085,SL,-0.5999999999999973,1,5122.451130183376
2025-12-08 03:02:00,0.17611,0.17522944999999998,SL,-0.6000000000000044,1,5091.716423402276
2025-12-08 03:03:00,0.17396,0.1730902,SL,-0.6000000000000023,1,5061.166124861862
2025-12-08 03:04:00,0.17397,0.17310015,SL,-0.6000000000000031,12,5030.799128112691
2025-12-08 03:05:00,0.17416,0.1732892,SL,-0.6000000000000028,4,5000.614333344014
2025-12-08 03:22:00,0.17281,0.1745381,TP,0.900000000000006,2,5045.6198623441105
2025-12-08 04:34:00,0.17877,0.17787615,SL,-0.6000000000000009,1,5015.346143170046
2025-12-08 04:35:00,0.17715,0.1789215,TP,0.9000000000000054,5,5060.484258458577
2025-12-08 04:36:00,0.17791,0.17702045000000002,SL,-0.5999999999999938,1,5030.121352907826
2025-12-08 04:37:00,0.17819,0.1799719,TP,0.9000000000000018,8,5075.392445083997
2025-12-08 04:58:00,0.17779,0.17690105,SL,-0.5999999999999996,1,5044.940090413493
2025-12-08 04:59:00,0.17635,0.17546825,SL,-0.6000000000000082,1,5014.670449871011
2025-12-08 05:00:00,0.17536,0.17448319999999998,SL,-0.6000000000000063,1,4984.582427171785
2025-12-08 05:01:00,0.17429,0.1760329,TP,0.8999999999999952,2,5029.44366901633
2025-12-08 05:02:00,0.17522,0.1769722,TP,0.9000000000000054,3,5074.708662037478
2025-12-08 05:30:00,0.17429,0.17341855,SL,-0.5999999999999975,15,5044.2604100652525
2025-12-08 05:31:00,0.17446,0.1735877,SL,-0.5999999999999956,4,5013.994847604861
2025-12-08 05:34:00,0.17449,0.17361755,SL,-0.5999999999999982,1,4983.910878519232
2025-12-08 05:35:00,0.1736,0.17533600000000002,TP,0.9000000000000088,7,5028.766076425905
2025-12-08 05:36:00,0.17414,0.1732693,SL,-0.6000000000000012,9,4998.59347996735
2025-12-08 05:45:00,0.17329,0.1750229,TP,0.9000000000000054,4,5043.580821287056
2025-12-08 05:55:00,0.17246,0.1715977,SL,-0.600000000000006,2,5013.319336359334
2025-12-08 05:56:00,0.17248,0.17161759999999998,SL,-0.6000000000000076,1,4983.239420341177
2025-12-08 05:57:00,0.16819,0.16987190000000002,TP,0.9000000000000081,6,5028.088575124248
2025-12-08 05:58:00,0.16847,0.17015470000000002,TP,0.9000000000000067,5,5073.341372300367
2025-12-08 05:59:00,0.16888,0.1680356,SL,-0.5999999999999972,1,5042.9013240665645
2025-12-08 06:00:00,0.1685,0.170185,TP,0.8999999999999952,3,5088.287435983163
2025-12-08 06:50:00,0.17015,0.1718515,TP,0.899999999999997,3,5134.082022907011
2025-12-08 06:51:00,0.17096,0.1726696,TP,0.9000000000000032,4,5180.2887611131755
2025-12-08 06:52:00,0.17135,0.1730635,TP,0.9000000000000039,3,5226.911359963195
2025-12-08 07:13:00,0.17266,0.1717967,SL,-0.6000000000000065,1,5195.5498918034145
2025-12-08 07:14:00,0.17172,0.1734372,TP,0.9000000000000011,7,5242.3098408296455
2025-12-08 07:15:00,0.17254,0.1716773,SL,-0.5999999999999965,2,5210.855981784667
2025-12-08 07:17:00,0.17128,0.1729928,TP,0.9000000000000085,3,5257.75368562073
2025-12-08 07:18:00,0.17267,0.1743967,TP,0.8999999999999987,3,5305.0734687913155
2025-12-08 08:02:00,0.17261,0.17174695,SL,-0.6000000000000023,1,5273.243027978568
2025-12-08 08:03:00,0.17245,0.17158774999999998,SL,-0.6000000000000051,6,5241.603569810696
2025-12-08 08:04:00,0.17236,0.17149820000000002,SL,-0.5999999999999975,14,5210.153948391832
2025-12-08 08:05:00,0.17263,0.17176685,SL,-0.600000000000004,3,5178.893024701481
2025-12-08 08:18:00,0.17165,0.17079175,SL,-0.6000000000000029,6,5147.819666553272
2025-12-08 08:23:00,0.17094,0.1726494,TP,0.8999999999999998,13,5194.150043552251
2025-12-08 08:24:00,0.17127,0.17041365,SL,-0.6000000000000033,17,5162.985143290937
2025-12-08 08:38:00,0.17122,0.1703639,SL,-0.5999999999999992,3,5132.007232431191
2025-12-08 08:41:00,0.17071,0.1724171,TP,0.8999999999999935,5,5178.1952975230715
2025-12-08 08:58:00,0.169,0.17069,TP,0.899999999999998,4,5224.799055200779
2025-12-08 08:59:00,0.16927,0.1709627,TP,0.8999999999999949,6,5271.822246697585
2025-12-08 09:54:00,0.17557,0.17469215,SL,-0.6000000000000075,2,5240.191313217399
2025-12-08 09:55:00,0.17484,0.1739658,SL,-0.5999999999999952,1,5208.750165338094
2025-12-08 09:56:00,0.17501,0.1767601,TP,0.9000000000000026,6,5255.628916826137
2025-12-08 09:57:00,0.17439,0.17613389999999998,TP,0.8999999999999959,3,5302.9295770775725
2025-12-08 10:47:00,0.17748,0.1765926,SL,-0.6000000000000059,1,5271.111999615107
2025-12-08 10:48:00,0.1752,0.176952,TP,0.9000000000000021,5,5318.552007611644
2025-12-08 10:49:00,0.17554,0.1746623,SL,-0.6000000000000051,1,5286.640695565974
2025-12-08 10:50:00,0.17462,0.1763662,TP,0.9000000000000018,3,5334.2204618260685
2025-12-08 10:51:00,0.17596,0.1777196,TP,0.9000000000000001,4,5382.228445982502
2025-12-08 11:17:00,0.17646,0.1755777,SL,-0.6000000000000014,11,5349.935075306607
2025-12-08 11:18:00,0.17633,0.17809329999999998,TP,0.8999999999999974,16,5398.084490984366
2025-12-08 11:19:00,0.17596,0.1777196,TP,0.9000000000000001,2,5446.667251403225
2025-12-08 11:20:00,0.17716,0.17627420000000002,SL,-0.5999999999999955,1,5413.9872478948055
2025-12-08 11:35:00,0.17545,0.17457275,SL,-0.5999999999999978,4,5381.503324407437
2025-12-08 11:36:00,0.17521,0.17433395000000002,SL,-0.599999999999994,3,5349.214304460993
2025-12-08 11:38:00,0.17482,0.17394590000000001,SL,-0.5999999999999936,1,5317.119018634227
2025-12-08 11:39:00,0.17563,0.1773863,TP,0.8999999999999935,9,5364.973089801935
2025-12-08 12:04:00,0.17454,0.1736673,SL,-0.6000000000000023,1,5332.783251263124
2025-12-08 12:05:00,0.17316,0.1722942,SL,-0.6,3,5300.786551755546
2025-12-08 12:06:00,0.17383,0.17296085,SL,-0.6000000000000074,1,5268.981832445012
2025-12-08 12:07:00,0.17264,0.17177679999999998,SL,-0.6000000000000049,8,5237.367941450341
2025-12-08 12:08:00,0.17229,0.17142854999999999,SL,-0.6000000000000079,7,5205.943733801639
2025-12-08 12:37:00,0.17059,0.1722959,TP,0.900000000000006,9,5252.797227405854
2025-12-08 12:38:00,0.17075,0.16989625,SL,-0.6000000000000083,10,5221.280444041418
2025-12-08 12:48:00,0.16969,0.16884155,SL,-0.6000000000000003,3,5189.95276137717
2025-12-08 12:49:00,0.17048,0.1696276,SL,-0.6000000000000019,2,5158.813044808907
2025-12-08 12:51:00,0.16796,0.1696396,TP,0.9000000000000018,13,5205.242362212188
2025-12-08 12:52:00,0.16847,0.16762765000000002,SL,-0.5999999999999951,10,5174.010908038915
2025-12-08 12:53:00,0.16797,0.16964970000000001,TP,0.9000000000000036,11,5220.577006211266
2025-12-08 12:54:00,0.16828,0.16743860000000002,SL,-0.5999999999999953,8,5189.253544173998
2025-12-08 13:10:00,0.16839,0.16754805,SL,-0.6000000000000048,2,5158.118022908954
2025-12-08 13:12:00,0.16694,0.1661053,SL,-0.5999999999999963,7,5127.1693147715005
2025-12-08 13:13:00,0.1677,0.1668615,SL,-0.5999999999999952,5,5096.406298882872
2025-12-08 13:15:00,0.1675,0.16666250000000002,SL,-0.5999999999999946,4,5065.827861089575
2025-12-08 13:19:00,0.16466,0.1638367,SL,-0.5999999999999994,7,5035.432893923037
2025-12-08 13:20:00,0.16504,0.1642148,SL,-0.5999999999999989,6,5005.220296559499
2025-12-08 13:21:00,0.1647,0.1638765,SL,-0.6000000000000029,5,4975.1889747801415
2025-12-08 13:54:00,0.16485,0.16402575,SL,-0.5999999999999992,7,4945.337840931461
2025-12-08 14:01:00,0.16259,0.16421590000000003,TP,0.9000000000000081,10,4989.845881499845
2025-12-08 14:02:00,0.16299,0.16461989999999999,TP,0.8999999999999939,9,5034.754494433343
2025-12-08 14:04:00,0.16311,0.16229445,SL,-0.5999999999999989,2,5004.545967466743
2025-12-08 14:38:00,0.16364,0.16282180000000002,SL,-0.5999999999999945,11,4974.518691661943
2025-12-08 14:39:00,0.1639,0.1630805,SL,-0.6000000000000005,10,4944.671579511972
2025-12-08 14:47:00,0.16353,0.16271235,SL,-0.6000000000000019,3,4915.0035500348995
2025-12-08 14:49:00,0.16283,0.16201585,SL,-0.6000000000000083,9,4885.513528734689
2025-12-08 14:50:00,0.16291,0.16209545,SL,-0.5999999999999983,8,4856.200447562281
2025-12-08 14:58:00,0.16276,0.1643876,TP,0.9000000000000042,5,4899.9062515903415
2025-12-08 16:11:00,0.17665,0.17576675,SL,-0.6000000000000011,3,4870.5068140808
2025-12-08 16:36:00,0.17651,0.1782751,TP,0.8999999999999952,9,4914.341375407526
2025-12-08 16:41:00,0.17646,0.1782246,TP,0.9000000000000029,4,4958.570447786195
2025-12-08 18:08:00,0.19628,0.19824280000000002,TP,0.9000000000000073,2,5003.197581816271
2025-12-08 18:09:00,0.19702,0.1989902,TP,0.9000000000000026,1,5048.226360052618
2025-12-08 18:24:00,0.19474,0.1937663,SL,-0.599999999999997,1,5017.937001892302
2025-12-08 18:25:00,0.19406,0.19600060000000002,TP,0.9000000000000073,1,5063.098434909333
2025-12-08 18:26:00,0.19593,0.19495035,SL,-0.5999999999999993,5,5032.719844299877
2025-12-08 18:32:00,0.19218,0.19121909999999998,SL,-0.6000000000000075,1,5002.523525234077
2025-12-08 18:33:00,0.19134,0.1903833,SL,-0.6000000000000024,3,4972.508384082673
2025-12-08 19:19:00,0.19435,0.19337825,SL,-0.5999999999999966,1,4942.673333778177
2025-12-08 19:20:00,0.19207,0.1939907,TP,0.8999999999999987,2,4987.15739378218
2025-12-08 19:21:00,0.19316,0.1921942,SL,-0.5999999999999943,5,4957.234449419488
2025-12-08 19:24:00,0.19273,0.19176635,SL,-0.6000000000000053,2,4927.491042722971
2025-12-08 19:26:00,0.19211,0.19114945,SL,-0.6000000000000023,9,4897.926096466633
2025-12-08 19:36:00,0.18962,0.1886719,SL,-0.6000000000000039,4,4868.538539887833
2025-12-08 19:38:00,0.18965,0.18870175,SL,-0.6000000000000061,2,4839.327308648506
2025-12-08 19:39:00,0.18973,0.18878135000000001,SL,-0.5999999999999975,1,4810.291344796615
2025-12-08 19:40:00,0.18988,0.1917788,TP,0.9000000000000032,8,4853.583966899785
2025-12-08 19:52:00,0.18736,0.1864232,SL,-0.5999999999999934,8,4824.462463098387
2025-12-08 19:53:00,0.18768,0.1867416,SL,-0.6000000000000031,7,4795.515688319797
2025-12-08 19:54:00,0.1876,0.186662,SL,-0.5999999999999971,6,4766.742594189878
2025-12-08 20:00:00,0.18591,0.18498045,SL,-0.6000000000000008,3,4738.142138624739
2025-12-08 20:08:00,0.18425,0.18332874999999998,SL,-0.6000000000000066,2,4709.71328579299
2025-12-08 20:10:00,0.18342,0.1825029,SL,-0.6000000000000022,16,4681.455006078232
2025-12-08 20:26:00,0.18314,0.1849714,TP,0.900000000000006,5,4723.588101132937
2025-12-08 21:26:00,0.18558,0.18465209999999999,SL,-0.6000000000000051,1,4695.246572526139
2025-12-08 21:27:00,0.18577,0.18762769999999998,TP,0.8999999999999946,3,4737.503791678874
2025-12-08 21:49:00,0.18411,0.1859511,TP,0.9000000000000067,11,4780.141325803985
2025-12-08 21:50:00,0.18452,0.1835974,SL,-0.5999999999999976,3,4751.460477849161
2025-12-08 21:53:00,0.18377,0.1856077,TP,0.8999999999999987,6,4794.223622149803
2025-12-08 22:22:00,0.18542,0.1844929,SL,-0.6000000000000075,1,4765.458280416904
2025-12-08 22:23:00,0.18485,0.18392575,SL,-0.5999999999999933,2,4736.865530734403
2025-12-08 22:24:00,0.18463,0.18370684999999998,SL,-0.6000000000000063,3,4708.444337549997
2025-12-08 22:25:00,0.18401,0.18308995,SL,-0.6000000000000031,14,4680.193671524697
2025-12-08 22:26:00,0.18465,0.18372675,SL,-0.6000000000000077,1,4652.112509495548
2025-12-08 22:27:00,0.1836,0.18543600000000002,TP,0.9000000000000021,4,4693.981522081008
2025-12-08 22:28:00,0.18389,0.1857289,TP,0.9000000000000026,4,4736.227355779737
2025-12-08 22:39:00,0.17922,0.18101219999999998,TP,0.8999999999999966,4,4778.853401981754
2025-12-08 22:40:00,0.17919,0.1809819,TP,0.9000000000000073,3,4821.863082599591
2025-12-08 22:41:00,0.17955,0.1813455,TP,0.9000000000000032,2,4865.259850342987
2025-12-08 23:01:00,0.17966,0.1787617,SL,-0.5999999999999949,1,4836.06829124093
2025-12-08 23:02:00,0.17862,0.1804062,TP,0.8999999999999931,3,4879.592905862098
2025-12-08 23:03:00,0.17947,0.17857265,SL,-0.5999999999999952,7,4850.315348426925
2025-12-08 23:14:00,0.17787,0.1796487,TP,0.8999999999999966,3,4893.968186562767
2025-12-08 23:15:00,0.17892,0.1807092,TP,0.8999999999999949,4,4938.013900241832
2025-12-08 23:32:00,0.17862,0.1777269,SL,-0.6000000000000043,3,4908.385816840381
2025-12-08 23:34:00,0.17796,0.1770702,SL,-0.5999999999999979,1,4878.935501939339
2025-12-08 23:35:00,0.17775,0.17686125,SL,-0.5999999999999964,2,4849.661888927702
2025-12-08 23:36:00,0.17716,0.17627420000000002,SL,-0.5999999999999955,1,4820.563917594136
2025-12-08 23:37:00,0.17682,0.1759359,SL,-0.5999999999999993,4,4791.640534088571
2025-12-08 23:38:00,0.17649,0.17825490000000002,TP,0.9000000000000077,6,4834.765298895369
2025-12-09 00:06:00,0.17716,0.17893160000000002,TP,0.9000000000000067,12,4878.278186585428
2025-12-09 00:50:00,0.17934,0.1784433,SL,-0.6000000000000002,12,4849.008517465915
2025-12-09 00:51:00,0.17961,0.17871194999999998,SL,-0.6000000000000063,11,4819.91446636112
2025-12-09 01:02:00,0.17844,0.17754779999999998,SL,-0.6000000000000055,1,4790.994979562953
2025-12-09 01:03:00,0.17771,0.1794871,TP,0.9000000000000021,3,4834.11393437902
2025-12-09 01:04:00,0.1782,0.179982,TP,0.9000000000000032,2,4877.620959788432
2025-12-09 01:33:00,0.1802,0.179299,SL,-0.6000000000000071,2,4848.3552340297
2025-12-09 01:34:00,0.18,0.17909999999999998,SL,-0.6000000000000066,3,4819.265102625522
2025-12-09 01:35:00,0.17952,0.17862240000000001,SL,-0.5999999999999991,3,4790.349512009769
2025-12-09 01:37:00,0.17909,0.17819455,SL,-0.5999999999999955,2,4761.60741493771
2025-12-09 01:38:00,0.17832,0.17742840000000001,SL,-0.5999999999999958,3,4733.037770448083
2025-12-09 01:39:00,0.17761,0.17672195,SL,-0.6000000000000008,2,4704.639543825395
2025-12-09 01:41:00,0.17633,0.17809329999999998,TP,0.8999999999999974,3,4746.981299719823
2025-12-09 02:34:00,0.18121,0.18030395000000002,SL,-0.5999999999999953,6,4718.499411921504
2025-12-09 02:35:00,0.18185,0.18094075,SL,-0.6000000000000002,3,4690.188415449976
2025-12-09 02:37:00,0.1815,0.1805925,SL,-0.6000000000000031,3,4662.047284957276
2025-12-09 02:38:00,0.18124,0.18033380000000002,SL,-0.5999999999999976,2,4634.075001247533
2025-12-09 02:40:00,0.1805,0.1795975,SL,-0.6000000000000003,8,4606.270551240048
2025-12-09 02:41:00,0.18052,0.1796174,SL,-0.6000000000000019,7,4578.632927932607
2025-12-09 02:48:00,0.17888,0.17798560000000002,SL,-0.5999999999999942,7,4551.1611303650125
2025-12-09 02:49:00,0.17933,0.17843335,SL,-0.5999999999999994,5,4523.854163582822
2025-12-09 02:54:00,0.17842,0.1775279,SL,-0.6000000000000039,5,4496.7110386013255
2025-12-09 02:55:00,0.17848,0.1775876,SL,-0.5999999999999931,4,4469.730772369718
2025-12-09 02:57:00,0.17829,0.17739855000000002,SL,-0.5999999999999933,2,4442.9123877355
2025-12-09 02:59:00,0.17772,0.1794972,TP,0.9000000000000036,4,4482.89859922512
2025-12-09 03:00:00,0.17796,0.1797396,TP,0.8999999999999956,3,4523.244686618145
2025-12-09 03:21:00,0.17789,0.17700054999999998,SL,-0.6000000000000079,6,4496.1052184984355
2025-12-09 03:22:00,0.1786,0.177707,SL,-0.6000000000000028,4,4469.128587187445
2025-12-09 03:26:00,0.17736,0.1791336,TP,0.9000000000000081,7,4509.350744472133
2025-12-09 03:27:00,0.17681,0.1785781,TP,0.899999999999997,6,4549.934901172382
2025-12-09 03:28:00,0.17713,0.1789013,TP,0.9000000000000018,5,4590.884315282934
2025-12-09 03:40:00,0.17453,0.17365735,SL,-0.6000000000000015,2,4563.339009391237
2025-12-09 03:41:00,0.17376,0.1754976,TP,0.9000000000000032,6,4604.409060475758
2025-12-09 03:42:00,0.17419,0.1759319,TP,0.8999999999999946,6,4645.84874202004
2025-12-09 04:16:00,0.17497,0.17671969999999998,TP,0.8999999999999959,24,4687.66138069822
2025-12-09 04:18:00,0.17488,0.1766288,TP,0.899999999999997,8,4729.850333124503
2025-12-09 04:19:00,0.17429,0.1760329,TP,0.8999999999999952,4,4772.418986122623
2025-12-09 05:12:00,0.18021,0.17930895,SL,-0.6000000000000079,2,4743.784472205887
2025-12-09 05:13:00,0.1797,0.1788015,SL,-0.5999999999999981,1,4715.3217653726515
2025-12-09 05:14:00,0.17904,0.1794,TIME,0.1010723860589808,30,4720.087653591272
2025-12-09 05:15:00,0.17912,0.17991,TIME,0.34104510942384164,30,4736.185281694363
2025-12-09 05:16:00,0.17941,0.17851294999999998,SL,-0.6000000000000059,26,4707.768170004197
2025-12-09 05:35:00,0.17897,0.17807515,SL,-0.6000000000000015,18,4679.521560984172
2025-12-09 05:36:00,0.17927,0.17837365000000002,SL,-0.5999999999999945,17,4651.444431618267
2025-12-09 05:38:00,0.17876,0.1805476,TP,0.9000000000000001,22,4693.307431502831
2025-12-09 05:39:00,0.17886,0.17796569999999998,SL,-0.6000000000000082,14,4665.147586913813
2025-12-09 05:42:00,0.1789,0.1780055,SL,-0.5999999999999959,11,4637.15670139233
2025-12-09 05:53:00,0.17843,0.1802143,TP,0.8999999999999935,7,4678.891111704861
2025-12-09 05:54:00,0.17835,0.1801335,TP,0.8999999999999962,6,4721.001131710204
2025-12-09 05:55:00,0.1787,0.180487,TP,0.900000000000006,5,4763.490141895597
2025-12-09 06:17:00,0.18002,0.18182020000000002,TP,0.9000000000000008,5,4806.361553172656
2025-12-09 06:40:00,0.1784,0.180184,TP,0.9000000000000042,21,4849.618807151211
2025-12-09 07:34:00,0.18199,0.18108005000000002,SL,-0.599999999999996,5,4820.521094308303
2025-12-09 07:39:00,0.18163,0.1834463,TP,0.8999999999999959,3,4863.9057841570775
2025-12-09 07:59:00,0.1819,0.1809905,SL,-0.6000000000000041,6,4834.722349452135
2025-12-09 08:00:00,0.18198,0.1810701,SL,-0.5999999999999952,5,4805.714015355422
2025-12-09 08:01:00,0.18223,0.18131885,SL,-0.5999999999999996,4,4776.87973126329
2025-12-09 08:05:00,0.18103,0.18012485,SL,-0.5999999999999963,1,4748.21845287571
2025-12-09 08:06:00,0.17953,0.1813253,TP,0.8999999999999998,16,4790.9524189515905
2025-12-09 08:07:00,0.1798,0.17890099999999998,SL,-0.6000000000000061,5,4762.206704437881
2025-12-09 09:22:00,0.1854,0.187254,TP,0.899999999999997,2,4805.066564777821
2025-12-09 09:23:00,0.18638,0.18544809999999998,SL,-0.6000000000000071,7,4776.236165389154
2025-12-09 09:30:00,0.18338,0.1824631,SL,-0.5999999999999991,18,4747.578748396819
2025-12-09 09:31:00,0.18451,0.18358745,SL,-0.5999999999999968,4,4719.093275906438
2025-12-09 09:32:00,0.18447,0.18354765,SL,-0.5999999999999938,6,4690.778716251
2025-12-09 09:48:00,0.18237,0.18145815,SL,-0.5999999999999955,9,4662.634043953494
2025-12-09 09:49:00,0.18324,0.18232379999999998,SL,-0.6000000000000032,6,4634.658239689773
2025-12-09 09:57:00,0.18179,0.18360790000000002,TP,0.900000000000006,7,4676.370163846981
2025-12-09 10:25:00,0.1801,0.181901,TP,0.8999999999999984,3,4718.457495321603
2025-12-09 10:26:00,0.18101,0.1828201,TP,0.900000000000005,23,4760.923612779498
2025-12-09 11:27:00,0.18201,0.1838301,TP,0.8999999999999952,20,4803.7719252945135
2025-12-09 11:28:00,0.18264,0.1844664,TP,0.9000000000000032,19,4847.005872622165
2025-12-09 13:34:00,0.19624,0.1982024,TP,0.9000000000000015,1,4890.628925475765
2025-12-09 13:35:00,0.19786,0.1968707,SL,-0.5999999999999992,1,4861.28515192291
2025-12-09 14:00:00,0.19822,0.2002022,TP,0.8999999999999946,2,4905.0367182902155
2025-12-09 14:01:00,0.19911,0.2011011,TP,0.8999999999999977,2,4949.182048754827
2025-12-09 15:13:00,0.21125,0.21019374999999998,SL,-0.6000000000000041,1,4919.486956462298
2025-12-09 15:14:00,0.21015,0.20909925000000001,SL,-0.5999999999999948,2,4889.970034723525
2025-12-09 15:15:00,0.2091,0.21119100000000002,TP,0.9000000000000046,1,4933.979765036037
2025-12-09 15:17:00,0.2083,0.2072585,SL,-0.6000000000000003,1,4904.3758864458205
2025-12-09 15:18:00,0.20848,0.2074376,SL,-0.5999999999999995,4,4874.949631127146
2025-12-09 15:23:00,0.20623,0.20519885,SL,-0.6000000000000041,1,4845.699933340383
2025-12-09 15:24:00,0.20545,0.2075045,TP,0.900000000000007,3,4889.311232740447
2025-12-09 15:32:00,0.20361,0.20259195000000002,SL,-0.5999999999999963,1,4859.975365344004
2025-12-09 15:33:00,0.2022,0.20118899999999998,SL,-0.6000000000000059,2,4830.81551315194
2025-12-09 15:35:00,0.20155,0.20054225,SL,-0.6000000000000008,5,4801.8306200730285
2025-12-09 15:36:00,0.20158,0.2005721,SL,-0.600000000000003,4,4773.01963635259
2025-12-09 15:40:00,0.20047,0.2024747,TP,0.899999999999999,5,4815.976813079763
2025-12-09 18:20:00,0.26221,0.26089895,SL,-0.5999999999999924,1,4787.080952201285
2025-12-09 18:21:00,0.26171,0.2643271,TP,0.8999999999999935,4,4830.164680771096
2025-12-09 18:22:00,0.26149,0.2641049,TP,0.8999999999999907,3,4873.636162898035
2025-12-09 18:23:00,0.26187,0.2644887,TP,0.9000000000000112,2,4917.498888364118
2025-12-09 19:49:00,0.30798,0.3110598,TP,0.900000000000007,1,4961.756378359396
2025-12-09 19:50:00,0.31491,0.31333545,SL,-0.6000000000000024,1,4931.98584008924
2025-12-09 19:53:00,0.30477,0.30781769999999997,TP,0.8999999999999956,1,4976.373712650043
2025-12-09 19:54:00,0.30774,0.3108174,TP,0.9000000000000026,1,5021.161076063894
2025-12-09 20:27:00,0.3266,0.329866,TP,0.8999999999999974,1,5066.351525748469
2025-12-09 20:32:00,0.32026,0.31865869999999996,SL,-0.6000000000000086,1,5035.953416593978
2025-12-09 20:33:00,0.31935,0.32254350000000004,TP,0.900000000000005,2,5081.276997343324
2025-12-09 20:34:00,0.31982,0.3230182,TP,0.8999999999999952,1,5127.008490319414
2025-12-09 21:00:00,0.33083,0.32917585,SL,-0.6000000000000063,1,5096.246439377497
2025-12-09 21:07:00,0.32215,0.32053925,SL,-0.5999999999999982,1,5065.668960741232
2025-12-09 21:08:00,0.31439,0.31281805,SL,-0.5999999999999963,1,5035.274946976784
2025-12-09 21:09:00,0.31799,0.3211699,TP,0.9000000000000042,1,5080.592421499576
2025-12-09 21:10:00,0.31958,0.3179821,SL,-0.5999999999999955,2,5050.108866970579
2025-12-09 21:22:00,0.31322,0.3116539,SL,-0.6000000000000048,1,5019.808213768755
