coin,signal_time,entry_time,exit_time,sl_dist_pct,pnl_pct,result,equity_before,position_size,pnl_dollar,equity_after,month
FARTCOIN,2025-06-01 05:30:00,2025-06-01 06:45:00,2025-06-01 14:30:00,1.981346634070253,-1.981346634070253,LOSS,100.0,252.35362222957266,-5.252353622229573,94.74764637777042,2025-06
FARTCOIN,2025-06-01 16:30:00,2025-06-01 18:45:00,2025-06-01 20:30:00,2.126762183509923,-2.126762183509923,LOSS,94.74764637777042,222.75091947845976,-4.960133238366981,89.78751313940344,2025-06
FARTCOIN,2025-06-01 22:00:00,2025-06-02 01:00:00,2025-06-03 00:30:00,1.6732582902342357,-1.6732582902342357,LOSS,89.78751313940344,268.30141426292977,-4.757677071233102,85.02983606817034,2025-06
FARTCOIN,2025-06-03 01:45:00,2025-06-03 03:00:00,2025-06-03 14:45:00,2.1948359674622173,-2.1948359674622173,LOSS,85.02983606817034,193.70430712980848,-4.445196110538325,80.58463995763202,2025-06
DOGE,2025-06-03 01:45:00,2025-06-03 03:00:00,2025-06-05 16:15:00,1.8324113197136727,6.0,WIN,80.58463995763202,219.8868755357393,12.973325656608619,93.55796561424064,2025-06
MOODENG,2025-06-03 13:15:00,2025-06-03 14:00:00,2025-06-04 00:30:00,5.880600518186173,8.0,WIN,93.55796561424064,79.54796905937243,6.284289555690423,99.84225516993106,2025-06
FARTCOIN,2025-06-03 14:45:00,2025-06-03 20:00:00,2025-06-03 21:15:00,4.62106980423177,10.0,WIN,99.84225516993106,108.02937349972507,10.694907976472782,110.53716314640384,2025-06
MELANIA,2025-06-03 19:00:00,2025-06-04 20:15:00,2025-06-05 19:15:00,9.993149511902716,10.0,WIN,110.53716314640384,55.30646920410047,5.475340451205947,116.0125035976098,2025-06
MOODENG,2025-06-06 08:45:00,2025-06-06 12:30:00,2025-06-06 15:15:00,1.5342612673469134,-1.5342612673469134,LOSS,116.0125035976098,378.07284217707524,-6.178698022057565,109.83380557555223,2025-06
DOGE,2025-06-06 15:00:00,2025-06-06 17:00:00,2025-06-07 06:45:00,2.2360016222655865,-2.2360016222655865,LOSS,109.83380557555223,245.60314375860156,-5.737293422536213,104.09651215301602,2025-06
MOODENG,2025-06-07 06:45:00,2025-06-07 08:30:00,2025-06-07 09:30:00,2.2743948181540192,8.0,WIN,104.09651215301602,228.84441901231665,18.07870910197302,122.17522125498904,2025-06
DOGE,2025-06-07 13:30:00,2025-06-07 16:15:00,2025-06-09 21:00:00,1.2780672732391392,-1.2780672732391392,LOSS,122.17522125498904,477.96866336052733,-6.586729726109979,115.58849152887906,2025-06
MOODENG,2025-06-07 22:45:00,2025-06-08 07:45:00,2025-06-09 10:30:00,4.376349049535741,-4.376349049535741,LOSS,115.58849152887906,132.0604117959251,-5.911484988239879,109.67700654063918,2025-06
FARTCOIN,2025-06-08 17:15:00,2025-06-09 00:15:00,2025-06-09 07:45:00,2.1836559549918864,-2.1836559549918864,LOSS,109.67700654063918,251.13160864447326,-5.734981935676433,103.94202460496275,2025-06
MOODENG,2025-06-09 10:30:00,2025-06-09 14:15:00,2025-06-09 21:00:00,3.257223624716093,-3.257223624716093,LOSS,103.94202460496275,159.55616896586673,-5.356657399214004,98.58536720574875,2025-06
DOGE,2025-06-09 11:30:00,2025-06-09 12:30:00,2025-06-09 17:00:00,0.9636370775089973,-0.9636370775089973,LOSS,98.58536720574875,511.5274697637829,-5.44079583005122,93.14457137569754,2025-06
MOODENG,2025-06-10 00:30:00,2025-06-10 07:15:00,2025-06-11 20:00:00,4.742410562385956,8.0,WIN,93.14457137569754,98.20382498561611,7.758102173863672,100.90267354956121,2025-06
MOODENG,2025-06-10 11:30:00,2025-06-10 13:30:00,2025-06-11 20:00:00,3.195469646309797,8.0,WIN,100.90267354956121,157.88394933759736,12.472831997670191,113.3755055472314,2025-06
FARTCOIN,2025-06-10 11:30:00,2025-06-10 14:30:00,2025-06-10 18:45:00,3.1462806844228837,-3.1462806844228837,LOSS,113.3755055472314,180.17385751460324,-5.8489491348761735,107.52655641235522,2025-06
DOGE,2025-06-11 07:00:00,2025-06-11 18:00:00,2025-06-12 15:45:00,4.40387596563236,6.0,WIN,107.52655641235522,122.08172670107807,7.202821875363606,114.72937828771883,2025-06
FARTCOIN,2025-06-15 14:45:00,2025-06-15 22:00:00,2025-06-16 02:00:00,3.387394785464979,-3.387394785464979,LOSS,114.72937828771883,169.3475156483277,-5.905816430034269,108.82356185768457,2025-06
MELANIA,2025-06-16 07:45:00,2025-06-16 14:00:00,2025-06-18 10:00:00,1.5927905270879197,10.0,WIN,108.82356185768457,341.6129114499614,33.81967823354618,142.64324009123075,2025-06
FARTCOIN,2025-06-16 19:15:00,2025-06-16 22:30:00,2025-06-17 00:00:00,4.155311437642233,10.0,WIN,142.64324009123075,171.63964991775447,16.992325341857693,159.63556543308846,2025-06
MOODENG,2025-06-16 22:15:00,2025-06-16 22:30:00,2025-06-17 00:00:00,2.7601087472489496,8.0,WIN,159.63556543308846,289.18347074585404,22.84549418892247,182.48105962201092,2025-06
FARTCOIN,2025-06-18 17:30:00,2025-06-18 20:30:00,2025-06-19 15:15:00,3.3026867803266913,10.0,WIN,182.48105962201092,276.26152850613414,27.349891322107283,209.8309509441182,2025-06
FARTCOIN,2025-06-22 22:45:00,2025-06-23 17:00:00,2025-06-23 17:15:00,6.748680503194564,-6.748680503194564,LOSS,209.8309509441182,155.46072365167709,-10.647008270857588,199.18394267326062,2025-06
FARTCOIN,2025-06-23 20:15:00,2025-06-23 22:00:00,2025-06-23 22:15:00,3.9003141959440115,-3.9003141959440115,LOSS,199.18394267326062,255.34345781731466,-10.214540591480347,188.96940208178026,2025-06
DOGE,2025-06-23 23:30:00,2025-06-24 02:15:00,2025-06-24 05:15:00,1.396193861390144,-1.396193861390144,LOSS,188.96940208178026,676.7305290027192,-10.125200633091733,178.84420144868852,2025-06
MOODENG,2025-06-23 23:45:00,2025-06-24 03:15:00,2025-06-24 06:30:00,4.349339366273546,-4.349339366273546,LOSS,178.84420144868852,205.5992719670433,-9.14780934440147,169.69639210428704,2025-06
MELANIA,2025-06-24 06:30:00,2025-06-24 09:15:00,2025-06-26 16:00:00,2.0301926080166566,10.0,WIN,169.69639210428704,417.9317554260714,41.37524378718107,211.0716358914681,2025-06
MOODENG,2025-06-24 06:30:00,2025-06-24 14:45:00,2025-06-25 16:45:00,4.701678302823621,8.0,WIN,211.0716358914681,224.46414056519754,17.732667104650606,228.8043029961187,2025-06
FARTCOIN,2025-06-24 06:30:00,2025-06-24 09:15:00,2025-06-25 02:00:00,4.018571341044156,-4.018571341044156,LOSS,228.8043029961187,284.68363950541175,-11.724898789311347,217.07940420680737,2025-06
DOGE,2025-06-24 06:30:00,2025-06-24 07:30:00,2025-06-25 13:45:00,2.11056413738471,-2.11056413738471,LOSS,217.07940420680737,514.2686743360467,-11.368238884676414,205.71116532213097,2025-06
MELANIA,2025-06-26 03:15:00,2025-06-26 05:45:00,2025-06-26 06:15:00,2.11697652327317,-2.11697652327317,LOSS,205.71116532213097,485.860761941918,-10.771419028048467,194.9397462940825,2025-06
DOGE,2025-06-26 20:30:00,2025-06-26 21:30:00,2025-06-28 17:30:00,1.9426852226855795,-1.9426852226855795,LOSS,194.9397462940825,501.72756764113507,-10.248714882345261,184.69103141173724,2025-06
FARTCOIN,2025-06-27 09:30:00,2025-06-27 14:15:00,2025-06-27 16:30:00,2.9576097508359336,-2.9576097508359336,LOSS,184.69103141173724,312.23022469332966,-9.546781795280193,175.14424961645705,2025-06
MOODENG,2025-06-28 11:00:00,2025-06-28 14:15:00,2025-06-28 17:45:00,3.7764984679232887,-3.7764984679232887,LOSS,175.14424961645705,231.88709210938666,-8.98909957293224,166.1551500435248,2025-06
MOODENG,2025-06-29 09:15:00,2025-06-29 12:15:00,2025-06-29 22:00:00,2.4751830632065808,-2.4751830632065808,LOSS,166.1551500435248,335.6421440365548,-8.643399646212796,157.511750397312,2025-06
FARTCOIN,2025-06-29 14:00:00,2025-06-29 17:15:00,2025-06-29 22:15:00,2.3615848858567228,-2.3615848858567228,LOSS,157.511750397312,333.48737820231,-8.20907489806791,149.3026754992441,2025-06
MOODENG,2025-06-30 00:15:00,2025-06-30 00:30:00,2025-06-30 12:45:00,3.64212487032805,8.0,WIN,149.3026754992441,204.96644241332154,16.192348950652402,165.4950244498965,2025-06
DOGE,2025-06-30 00:45:00,2025-06-30 01:00:00,2025-07-01 13:30:00,0.21341918445369318,6.0,WIN,165.4950244498965,3877.2293332843506,228.75653066377666,394.25155511367313,2025-06
MELANIA,2025-07-02 21:00:00,2025-07-02 23:00:00,2025-07-03 05:45:00,1.7717067892886202,-1.7717067892886202,LOSS,394.25155511367313,1112.6320605001856,-20.825209816183843,373.4263452974893,2025-07
DOGE,2025-07-03 06:45:00,2025-07-03 12:30:00,2025-07-04 15:30:00,1.3675100746514945,6.0,WIN,373.4263452974893,1365.3513499440062,80.55572964669636,453.9820749441857,2025-07
FARTCOIN,2025-07-03 10:00:00,2025-07-03 14:00:00,2025-07-07 19:45:00,0.723331431831148,10.0,WIN,453.9820749441857,3138.1331915502997,310.6751859634797,764.6572609076654,2025-07
MOODENG,2025-07-05 03:45:00,2025-07-05 12:30:00,2025-07-06 20:15:00,5.12122007789594,-5.12122007789594,LOSS,764.6572609076654,746.557704293999,-38.979420749677274,725.6778401579882,2025-07
MOODENG,2025-07-05 21:45:00,2025-07-06 06:45:00,2025-07-06 13:30:00,3.554396054431967,-3.554396054431967,LOSS,725.6778401579882,1020.8173611563944,-37.30470936905581,688.3731307889324,2025-07
DOGE,2025-07-06 14:15:00,2025-07-07 17:00:00,2025-07-09 19:45:00,6.115694276040114,-6.115694276040114,LOSS,688.3731307889324,562.7923010195427,-34.981448840466165,653.3916819484662,2025-07
MOODENG,2025-07-06 21:30:00,2025-07-07 01:00:00,2025-07-07 20:00:00,4.012859581330571,8.0,WIN,653.3916819484662,814.1222845029338,64.31566047573178,717.7073424241979,2025-07
DOGE,2025-07-09 12:15:00,2025-07-09 14:15:00,2025-07-09 19:15:00,1.0409807147147623,-1.0409807147147623,LOSS,717.7073424241979,3447.2653156732877,-39.33263243688318,678.3747099873148,2025-07
MOODENG,2025-07-09 12:15:00,2025-07-09 15:00:00,2025-07-09 16:00:00,1.9274425047697576,-1.9274425047697576,LOSS,678.3747099873148,1759.779366462477,-35.67851486582821,642.6961951214865,2025-07
FARTCOIN,2025-07-10 09:00:00,2025-07-10 10:30:00,2025-07-10 17:00:00,1.628378748834904,-1.628378748834904,LOSS,642.6961951214865,1973.4235526634454,-34.10823330873777,608.5879618127487,2025-07
MELANIA,2025-07-10 21:30:00,2025-07-10 21:45:00,2025-07-11 01:45:00,3.097040605643507,-3.097040605643507,LOSS,608.5879618127487,982.5314539043565,-31.411929544541795,577.176032268207,2025-07
FARTCOIN,2025-07-10 23:45:00,2025-07-11 02:30:00,2025-07-11 03:45:00,0.5905660581065224,-0.5905660581065224,LOSS,577.176032268207,4886.633970455002,-33.74543558386535,543.4305966843416,2025-07
DOGE,2025-07-11 00:00:00,2025-07-11 00:15:00,2025-07-11 01:30:00,0.8516396697161566,-0.8516396697161566,LOSS,543.4305966843416,3190.4960278885433,-30.362025862105625,513.068570822236,2025-07
MELANIA,2025-07-11 05:15:00,2025-07-11 07:15:00,2025-07-12 04:45:00,3.3700754179631858,10.0,WIN,513.068570822236,761.212298228515,75.36001752462299,588.428588346859,2025-07
FARTCOIN,2025-07-11 06:00:00,2025-07-11 07:30:00,2025-07-12 12:15:00,2.06169292457298,10.0,WIN,588.428588346859,1427.051966210572,141.2781446548466,729.7067330017056,2025-07
DOGE,2025-07-11 14:30:00,2025-07-11 22:15:00,2025-07-16 21:15:00,6.868740545196632,-6.868740545196632,LOSS,729.7067330017056,531.1794267087258,-37.016516076794005,692.6902169249116,2025-07
FARTCOIN,2025-07-12 19:00:00,2025-07-13 07:30:00,2025-07-13 19:15:00,4.606165950050314,-4.606165950050314,LOSS,692.6902169249116,751.9162622846288,-35.386427108530214,657.3037898163814,2025-07
MELANIA,2025-07-13 00:45:00,2025-07-13 09:15:00,2025-07-15 15:45:00,8.794932233352974,-8.794932233352974,LOSS,657.3037898163814,373.6832600731656,-33.238872750892234,624.0649170654891,2025-07
DOGE,2025-07-13 14:15:00,2025-07-13 16:45:00,2025-07-14 03:30:00,2.1148355866513664,-2.1148355866513664,LOSS,624.0649170654891,1475.445469625453,-32.67869132289991,591.3862257425892,2025-07
FARTCOIN,2025-07-13 20:15:00,2025-07-14 00:30:00,2025-07-14 01:30:00,2.2641737496497383,-2.2641737496497383,LOSS,591.3862257425892,1305.9647605093803,-30.87527604763884,560.5109496949503,2025-07
FARTCOIN,2025-07-14 05:15:00,2025-07-14 08:00:00,2025-07-15 03:00:00,2.9569712540997517,10.0,WIN,560.5109496949503,947.7788276058126,93.83010393297545,654.3410536279258,2025-07
DOGE,2025-07-14 05:15:00,2025-07-14 05:45:00,2025-07-15 01:15:00,2.6902846039388217,6.0,WIN,654.3410536279258,1216.118645346873,71.75100007546551,726.0920537033913,2025-07
MELANIA,2025-07-15 14:15:00,2025-07-15 15:30:00,2025-07-15 15:45:00,1.3731825525040386,-1.3731825525040386,LOSS,726.0920537033913,2643.8293014258784,-38.94843198659545,687.1436217167959,2025-07
FARTCOIN,2025-07-16 18:30:00,2025-07-16 20:15:00,2025-07-16 21:15:00,2.7087102888038266,-2.7087102888038266,LOSS,687.1436217167959,1268.3963001821069,-35.6255773860219,651.518044330774,2025-07
DOGE,2025-07-16 21:15:00,2025-07-17 03:15:00,2025-07-17 22:45:00,5.1205775270375895,-5.1205775270375895,LOSS,651.518044330774,636.176330590289,-33.21207854712899,618.3059657836451,2025-07
FARTCOIN,2025-07-17 00:30:00,2025-07-17 05:30:00,2025-07-17 09:00:00,7.0226248061537735,-7.0226248061537735,LOSS,618.3059657836451,440.2242629008437,-31.3555225520831,586.950443231562,2025-07
MELANIA,2025-07-17 02:30:00,2025-07-17 06:15:00,2025-07-17 09:15:00,3.0986836726350977,-3.0986836726350977,LOSS,586.950443231562,947.096420998055,-30.294618582576152,556.6558246489858,2025-07
FARTCOIN,2025-07-17 09:30:00,2025-07-18 01:00:00,2025-07-18 20:15:00,8.115219092331778,10.0,WIN,556.6558246489858,342.9702995788372,33.954059658304885,590.6098843072907,2025-07
MOODENG,2025-07-18 05:45:00,2025-07-18 08:30:00,2025-07-18 19:00:00,2.825831083152823,8.0,WIN,590.6098843072907,1045.0197958193917,82.55656386973195,673.1664481770226,2025-07
DOGE,2025-07-18 06:45:00,2025-07-18 07:30:00,2025-07-18 13:30:00,2.4877188118904896,-2.4877188118904896,LOSS,673.1664481770226,1352.9793740343669,-35.0113017828855,638.1551463941371,2025-07
DOGE,2025-07-18 14:00:00,2025-07-18 14:15:00,2025-07-18 20:15:00,3.5086159351940824,6.0,WIN,638.1551463941371,909.4115146559024,53.65527936469824,691.8104257588353,2025-07
DOGE,2025-07-19 04:00:00,2025-07-19 14:15:00,2025-07-20 16:00:00,6.094821390900993,-6.094821390900993,LOSS,691.8104257588353,567.5395400361073,-35.15806082797788,656.6523649308574,2025-07
FARTCOIN,2025-07-19 13:45:00,2025-07-19 15:00:00,2025-07-19 15:15:00,1.8772515618428909,-1.8772515618428909,LOSS,656.6523649308574,1748.9727489858212,-34.58159099552869,622.0707739353287,2025-07
MOODENG,2025-07-20 16:45:00,2025-07-20 21:00:00,2025-07-21 06:15:00,3.8566327478379367,-3.8566327478379367,LOSS,622.0707739353287,806.494699662636,-31.91003339642907,590.1607405388996,2025-07
DOGE,2025-07-20 19:30:00,2025-07-22 04:15:00,2025-07-23 13:15:00,9.119656628927178,6.0,WIN,590.1607405388996,323.5652199157005,19.09034797502633,609.251088513926,2025-07
MELANIA,2025-07-21 07:15:00,2025-07-21 16:15:00,2025-07-23 12:45:00,5.031432764549979,10.0,WIN,609.251088513926,605.4449269465878,59.93904776771219,669.1901362816382,2025-07
MOODENG,2025-07-21 11:30:00,2025-07-21 16:15:00,2025-07-21 21:30:00,5.309639667728215,-5.309639667728215,LOSS,669.1901362816382,630.1653013752988,-34.08967211545721,635.1004641661809,2025-07
FARTCOIN,2025-07-21 15:00:00,2025-07-21 20:15:00,2025-07-22 00:15:00,5.201453713611034,-5.201453713611034,LOSS,635.1004641661809,610.5028508705806,-32.36552605917963,602.7349381070013,2025-07
MOODENG,2025-07-21 23:45:00,2025-07-22 01:45:00,2025-07-22 08:15:00,7.507301453253105,8.0,WIN,602.7349381070013,401.4324866665777,31.713166446659635,634.448104553661,2025-07
MOODENG,2025-07-24 14:45:00,2025-07-24 16:00:00,2025-07-25 00:30:00,3.652928510371233,8.0,WIN,634.448104553661,868.4102395548722,68.6044089248349,703.0525134784959,2025-07
MELANIA,2025-07-25 10:45:00,2025-07-25 14:30:00,2025-07-25 21:00:00,3.007969834604507,-3.007969834604507,LOSS,703.0525134784959,1168.6495412792835,-36.32127521520408,666.7312382632919,2025-07
MELANIA,2025-07-25 21:00:00,2025-07-28 15:45:00,2025-07-31 20:00:00,7.019773666071899,10.0,WIN,666.7312382632919,474.89511056869947,47.01461594630125,713.7458542095931,2025-07
FARTCOIN,2025-07-25 22:45:00,2025-07-26 18:30:00,2025-07-28 03:00:00,4.2133992920806955,-4.2133992920806955,LOSS,713.7458542095931,846.995270008133,-36.53428798048779,677.2115662291053,2025-07
MOODENG,2025-07-26 00:15:00,2025-07-26 01:30:00,2025-07-26 03:15:00,1.2126955351379511,-1.2126955351379511,LOSS,677.2115662291053,2792.1747322672736,-36.65275304372254,640.5588131853827,2025-07
MOODENG,2025-07-27 05:00:00,2025-07-27 10:45:00,2025-07-27 16:30:00,4.0143547063202725,-4.0143547063202725,LOSS,640.5588131853827,797.8353434698677,-32.82577600273901,607.7330371826438,2025-07
DOGE,2025-07-27 05:15:00,2025-07-27 06:45:00,2025-07-27 22:00:00,1.6897329093325082,-1.6897329093325082,LOSS,607.7330371826438,1798.3109455526771,-32.184962804684865,575.5480743779589,2025-07
MOODENG,2025-07-27 18:00:00,2025-07-27 22:00:00,2025-07-28 14:15:00,1.3503965345325135,8.0,WIN,575.5480743779589,2131.033587764666,168.35165343340861,743.8997278113675,2025-07
MELANIA,2025-07-31 08:30:00,2025-07-31 10:15:00,2025-08-01 00:45:00,1.2684354711599888,10.0,WIN,743.8997278113675,2932.3514862410325,290.3027971378622,1034.2025249492297,2025-07
MELANIA,2025-08-03 08:00:00,2025-08-03 10:00:00,2025-08-04 00:30:00,0.6522809320643098,-0.6522809320643098,LOSS,1034.2025249492297,7927.585140931772,-59.637711388393264,974.5648135608363,2025-08
MOODENG,2025-08-03 11:00:00,2025-08-03 12:00:00,2025-08-04 00:45:00,0.922464022837902,-0.922464022837902,LOSS,974.5648135608363,5282.400123110762,-54.01064080115258,920.5541727596838,2025-08
FARTCOIN,2025-08-04 03:00:00,2025-08-04 07:30:00,2025-08-04 13:30:00,2.1878025169409474,-2.1878025169409474,LOSS,920.5541727596838,2103.832877125562,-48.13154151510976,872.422631244574,2025-08
MOODENG,2025-08-04 17:00:00,2025-08-04 20:30:00,2025-08-08 03:15:00,3.2728506020010206,-3.2728506020010206,LOSS,872.422631244574,1332.8176830179398,-44.95394924524664,827.4686819993273,2025-08
DOGE,2025-08-04 23:00:00,2025-08-05 01:45:00,2025-08-05 22:00:00,1.006401640962851,6.0,WIN,827.4686819993273,4111.0260969351475,242.55053971917368,1070.0192217185008,2025-08
FARTCOIN,2025-08-04 23:15:00,2025-08-05 01:00:00,2025-08-05 19:45:00,1.6014793621995,10.0,WIN,1070.0192217185008,3340.721232426366,330.7314020102103,1400.7506237287112,2025-08
FARTCOIN,2025-08-05 11:00:00,2025-08-05 14:00:00,2025-08-05 22:00:00,2.6917231289328116,10.0,WIN,1400.7506237287112,2601.9589620349757,257.5939372414626,1658.3445609701737,2025-08
MOODENG,2025-08-05 11:30:00,2025-08-05 14:00:00,2025-08-07 10:30:00,2.9516596720854507,-2.9516596720854507,LOSS,1658.3445609701737,2809.173050425721,-85.72640109893442,1572.6181598712392,2025-08
FARTCOIN,2025-08-05 23:45:00,2025-08-06 04:45:00,2025-08-06 15:45:00,6.804593779321795,-6.804593779321795,LOSS,1572.6181598712392,1155.5562395584914,-79.78646423312045,1492.8316956381186,2025-08
MOODENG,2025-08-06 20:30:00,2025-08-07 01:45:00,2025-08-07 10:00:00,1.4126604749148457,-1.4126604749148457,LOSS,1492.8316956381186,5283.759693666327,-79.92534447557226,1412.9063511625463,2025-08
MOODENG,2025-08-07 11:45:00,2025-08-07 13:00:00,2025-08-08 00:30:00,1.0874869534561964,-1.0874869534561964,LOSS,1412.9063511625463,6496.199088513744,-77.14151664664107,1335.7648345159052,2025-08
MELANIA,2025-08-07 13:15:00,2025-08-07 15:00:00,2025-08-07 21:15:00,0.9099793966928931,-0.9099793966928931,LOSS,1335.7648345159052,7339.53339696717,-74.12777512276243,1261.6370593931429,2025-08
DOGE,2025-08-07 13:45:00,2025-08-07 14:30:00,2025-08-07 19:30:00,0.8015444491005188,-0.8015444491005188,LOSS,1261.6370593931429,7870.038029762,-70.95189099941915,1190.6851683937236,2025-08
FARTCOIN,2025-08-07 13:45:00,2025-08-07 19:45:00,2025-08-07 20:30:00,1.0102609121130417,-1.0102609121130417,LOSS,1190.6851683937236,5892.958710553842,-65.42721713024002,1125.2579512634836,2025-08
MOODENG,2025-08-07 22:45:00,2025-08-08 07:15:00,2025-08-08 14:00:00,3.1141577180383986,-3.1141577180383986,LOSS,1125.2579512634836,1806.6810565591413,-58.06957861973333,1067.1883726437502,2025-08
FARTCOIN,2025-08-07 23:45:00,2025-08-08 13:15:00,2025-08-08 20:45:00,3.5135721433419844,-3.5135721433419844,LOSS,1067.1883726437502,1518.66580378321,-54.87808443597071,1012.3102882077795,2025-08
DOGE,2025-08-08 00:00:00,2025-08-08 00:15:00,2025-08-08 00:30:00,0.6237228631579396,-0.6237228631579396,LOSS,1012.3102882077795,8115.0647827979465,-58.73057919318693,953.5797090145926,2025-08
DOGE,2025-08-08 13:45:00,2025-08-08 15:00:00,2025-08-08 18:15:00,3.1243055921268224,-3.1243055921268224,LOSS,953.5797090145926,1526.0666424846395,-49.20505209321427,904.3746569213783,2025-08
FARTCOIN,2025-08-09 08:30:00,2025-08-09 14:45:00,2025-08-09 20:45:00,2.46714258852212,-2.46714258852212,LOSS,904.3746569213783,1832.8382419581217,-47.05157108802704,857.3230858333513,2025-08
MELANIA,2025-08-09 09:00:00,2025-08-09 13:45:00,2025-08-09 20:30:00,1.3799759350245637,-1.3799759350245637,LOSS,857.3230858333513,3106.2972334299834,-45.972451525097554,811.3506343082538,2025-08
MOODENG,2025-08-09 09:30:00,2025-08-10 06:30:00,2025-08-11 21:30:00,7.767411724527537,8.0,WIN,811.3506343082538,522.2786322412987,41.2600119470626,852.6106462553164,2025-08
DOGE,2025-08-09 12:45:00,2025-08-09 14:00:00,2025-08-09 16:15:00,2.862560904752147,-2.862560904752147,LOSS,852.6106462553164,1489.2445516877817,-44.119776864453605,808.4908693908628,2025-08
FARTCOIN,2025-08-09 20:45:00,2025-08-09 21:45:00,2025-08-11 11:15:00,2.84864299957044,10.0,WIN,808.4908693908628,1419.0807158229004,140.48899086646713,948.97986025733,2025-08
MOODENG,2025-08-10 19:30:00,2025-08-10 20:00:00,2025-08-10 20:30:00,0.9865082564576286,-0.9865082564576286,LOSS,948.97986025733,4809.791778453755,-52.25878479132026,896.7210754660097,2025-08
DOGE,2025-08-11 02:45:00,2025-08-11 08:30:00,2025-08-11 22:15:00,2.3312065379296047,6.0,WIN,896.7210754660097,1923.2982167732064,113.47459478961918,1010.1956702556288,2025-08
DOGE,2025-08-12 20:45:00,2025-08-13 01:00:00,2025-08-13 03:30:00,1.3498519923129628,-1.3498519923129628,LOSS,1010.1956702556288,3741.87568714354,-54.25165919992498,955.9440110557038,2025-08
MELANIA,2025-08-12 21:30:00,2025-08-13 01:00:00,2025-08-13 03:00:00,0.9023943363537867,-0.9023943363537867,LOSS,955.9440110557038,5296.708836395682,-53.09390938918087,902.8501016665228,2025-08
FARTCOIN,2025-08-13 01:15:00,2025-08-13 02:00:00,2025-08-13 04:00:00,2.7534840610414184,-2.7534840610414184,LOSS,902.8501016665228,1639.4685453981679,-46.78197362872431,856.0681280377985,2025-08
DOGE,2025-08-13 09:00:00,2025-08-13 15:00:00,2025-08-14 02:30:00,3.4489899031731706,-3.4489899031731706,LOSS,856.0681280377985,1241.0418007460548,-44.044448202635984,812.0236798351625,2025-08
MOODENG,2025-08-13 09:45:00,2025-08-13 13:30:00,2025-08-14 12:30:00,2.9964119576527093,8.0,WIN,812.0236798351625,1354.9933909476106,107.04447788486124,919.0681577200237,2025-08
MELANIA,2025-08-13 10:30:00,2025-08-13 12:45:00,2025-08-14 02:30:00,1.7263986013985908,-1.7263986013985908,LOSS,919.0681577200237,2661.807525143579,-48.61521541114477,870.452942308879,2025-08
DOGE,2025-08-14 02:45:00,2025-08-14 06:15:00,2025-08-14 12:30:00,3.93454897943193,6.0,WIN,870.452942308879,1106.1661029754864,65.26380007555369,935.7167423844327,2025-08
DOGE,2025-08-15 04:00:00,2025-08-15 14:45:00,2025-08-16 00:30:00,2.7212337385349863,-2.7212337385349863,LOSS,935.7167423844327,1719.2877060391527,-48.50512482526079,887.2116175591718,2025-08
MOODENG,2025-08-15 05:45:00,2025-08-15 12:30:00,2025-08-17 16:00:00,2.1214858186952283,-2.1214858186952283,LOSS,887.2116175591718,2091.0147259547352,-46.45159560391333,840.7600219552585,2025-08
DOGE,2025-08-17 16:00:00,2025-08-17 18:15:00,2025-08-18 06:30:00,3.034592521595679,6.0,WIN,840.7600219552585,1385.2931093252053,81.73229345018711,922.4923154054457,2025-08
MOODENG,2025-08-17 16:00:00,2025-08-17 17:45:00,2025-08-18 06:30:00,2.4532714333794834,8.0,WIN,922.4923154054457,1880.1268845630225,148.53002388047878,1071.0223392859243,2025-08
FARTCOIN,2025-08-17 16:15:00,2025-08-17 22:30:00,2025-08-19 03:30:00,3.151999999999994,10.0,WIN,1071.0223392859243,1698.9567564814824,168.19671889166676,1239.219058177591,2025-08
MOODENG,2025-08-19 11:45:00,2025-08-19 13:30:00,2025-08-21 02:00:00,0.9838712421847138,-0.9838712421847138,LOSS,1239.219058177591,6297.66886684212,-68.25862177572168,1170.9604364018694,2025-08
MELANIA,2025-08-22 18:30:00,2025-08-22 22:15:00,2025-08-25 00:30:00,0.5430898956695677,10.0,WIN,1170.9604364018694,10780.53970197889,1067.2734304959104,2238.23386689778,2025-08
DOGE,2025-08-22 21:45:00,2025-08-23 00:30:00,2025-08-24 18:45:00,1.064153274322357,-1.064153274322357,LOSS,2238.23386689778,10516.501339165952,-122.42819468405496,2115.805672213725,2025-08
FARTCOIN,2025-08-22 21:45:00,2025-08-23 05:45:00,2025-08-25 10:15:00,1.793990788800353,10.0,WIN,2115.805672213725,5896.9245701327445,583.7955324431417,2699.6012046568667,2025-08
FARTCOIN,2025-08-24 00:30:00,2025-08-24 01:00:00,2025-08-24 18:15:00,1.1738811445341264,-1.1738811445341264,LOSS,2699.6012046568667,11498.613881085239,-146.47867411392858,2553.122530542938,2025-08
MELANIA,2025-08-24 19:00:00,2025-08-24 19:30:00,2025-08-25 20:00:00,2.4072091115159524,10.0,WIN,2553.122530542938,5303.075911288604,525.0045152175719,3078.1270457605096,2025-08
MOODENG,2025-08-24 19:15:00,2025-08-24 19:30:00,2025-08-25 07:45:00,3.129910948140393,8.0,WIN,3078.1270457605096,4917.275757620756,388.4647848520397,3466.5918306125495,2025-08
FARTCOIN,2025-08-24 19:15:00,2025-08-24 19:30:00,2025-08-25 16:00:00,2.9564008518693776,10.0,WIN,3466.5918306125495,5862.8582595972575,580.4229677001285,4047.014798312678,2025-08
DOGE,2025-08-24 19:15:00,2025-08-24 19:30:00,2025-08-25 06:45:00,3.496276389283781,6.0,WIN,4047.014798312678,5787.6070820901505,341.46881784331885,4388.483616155997,2025-08
MOODENG,2025-08-26 20:00:00,2025-08-27 01:45:00,2025-09-01 02:45:00,1.759026823597655,8.0,WIN,4388.483616155997,12474.180487994032,985.4602585515286,5373.9438747075255,2025-08
DOGE,2025-08-27 04:00:00,2025-08-27 08:45:00,2025-08-27 18:00:00,2.14697969812021,-2.14697969812021,LOSS,5373.9438747075255,12515.125036842888,-281.2123187722192,5092.7315559353065,2025-08
MOODENG,2025-08-30 08:00:00,2025-08-30 13:00:00,2025-09-01 17:30:00,1.5851250093352667,8.0,WIN,5092.7315559353065,16064.13224806471,1269.0664475971123,6361.798003532419,2025-08
FARTCOIN,2025-08-31 00:45:00,2025-08-31 10:45:00,2025-09-01 20:30:00,1.9700508809097061,10.0,WIN,6361.798003532419,16146.278416410101,1598.4815632246002,7960.279566757019,2025-08
DOGE,2025-08-31 03:45:00,2025-08-31 05:00:00,2025-09-01 21:30:00,1.1225978143489346,6.0,WIN,7960.279566757019,35454.72592681685,2091.828829682194,10052.108396439213,2025-08
DOGE,2025-09-01 07:45:00,2025-09-01 20:30:00,2025-09-03 17:30:00,4.450942280523231,-4.450942280523231,LOSS,10052.108396439213,11292.11272905738,-513.897532551018,9538.210863888195,2025-09
FARTCOIN,2025-09-02 09:45:00,2025-09-02 13:00:00,2025-09-02 14:00:00,3.104578258481239,-3.104578258481239,LOSS,9538.210863888195,15361.524287286435,-492.2720674816962,9045.938796406499,2025-09
DOGE,2025-09-03 20:00:00,2025-09-04 01:30:00,2025-09-07 14:30:00,2.029446149349702,-2.029446149349702,LOSS,9045.938796406499,22286.71797796926,-474.5836577982942,8571.355138608205,2025-09
DOGE,2025-09-05 13:30:00,2025-09-05 14:15:00,2025-09-07 14:00:00,1.640989750720586,-1.640989750720586,LOSS,8571.355138608205,26116.418871124515,-454.68417580153476,8116.670962806671,2025-09
MOODENG,2025-09-05 13:45:00,2025-09-05 14:15:00,2025-09-07 13:00:00,1.2941568300078299,-1.2941568300078299,LOSS,8116.670962806671,31358.915606687187,-437.1924637470207,7679.47849905965,2025-09
MELANIA,2025-09-05 13:45:00,2025-09-05 14:15:00,2025-09-05 22:45:00,1.5611034975868507,-1.5611034975868507,LOSS,7679.47849905965,24596.314436968998,-408.57023938995155,7270.908259669698,2025-09
DOGE,2025-09-07 15:30:00,2025-09-07 18:30:00,2025-09-07 22:00:00,1.6521845235289834,-1.6521845235289834,LOSS,7270.908259669698,22003.923157866782,-385.5493361413517,6885.358923528346,2025-09
MELANIA,2025-09-07 22:45:00,2025-09-09 17:00:00,2025-09-12 05:15:00,4.757820676822884,-4.757820676822884,LOSS,6885.358923528346,7235.832738578709,-351.5037789149961,6533.85514461335,2025-09
MOODENG,2025-09-08 10:30:00,2025-09-08 11:00:00,2025-09-08 13:00:00,1.3784756147101134,-1.3784756147101134,LOSS,6533.85514461335,23699.567387658823,-350.3923246183263,6183.462819995023,2025-09
FARTCOIN,2025-09-08 14:30:00,2025-09-08 21:15:00,2025-09-09 00:00:00,1.995971111638914,-1.995971111638914,LOSS,6183.462819995023,15489.860509348038,-324.6630015090992,5858.799818485923,2025-09
FARTCOIN,2025-09-09 07:15:00,2025-09-09 13:30:00,2025-09-10 08:15:00,2.5483783047151842,-2.5483783047151842,LOSS,5858.799818485923,11495.153226751247,-304.43514415104744,5554.364674334876,2025-09
MOODENG,2025-09-09 07:15:00,2025-09-09 11:15:00,2025-09-12 00:30:00,2.751063153175045,-2.751063153175045,LOSS,5554.364674334876,10094.942146138117,-287.81317586288196,5266.551498471994,2025-09
DOGE,2025-09-09 12:15:00,2025-09-09 14:30:00,2025-09-11 03:15:00,2.9276477275473063,-2.9276477275473063,LOSS,5266.551498471994,8994.510249503532,-272.32208517310323,4994.229413298891,2025-09
MELANIA,2025-09-10 07:15:00,2025-09-10 09:00:00,2025-09-10 23:00:00,1.682264454268815,-1.682264454268815,LOSS,4994.229413298891,14843.770254509716,-264.55524091945426,4729.674172379437,2025-09
MOODENG,2025-09-10 14:30:00,2025-09-10 16:30:00,2025-09-11 03:15:00,1.1615417182820371,-1.1615417182820371,LOSS,4729.674172379437,20359.46749882905,-256.8431761178009,4472.830996261636,2025-09
FARTCOIN,2025-09-10 15:30:00,2025-09-10 17:15:00,2025-09-12 00:15:00,1.8966951157476555,-1.8966951157476555,LOSS,4472.830996261636,11791.11750519402,-235.43266731827583,4237.39832894336,2025-09
DOGE,2025-09-11 12:15:00,2025-09-11 12:30:00,2025-09-11 22:00:00,1.3145273495491856,-1.3145273495491856,LOSS,4237.39832894336,16117.573857997579,-227.98749030516558,4009.4108386381945,2025-09
FARTCOIN,2025-09-12 00:45:00,2025-09-12 10:00:00,2025-09-13 10:15:00,3.437019816405673,-3.437019816405673,LOSS,4009.4108386381945,5832.685077200268,-206.30322700911,3803.1076116290847,2025-09
MOODENG,2025-09-12 07:15:00,2025-09-12 08:00:00,2025-09-12 16:15:00,1.6840693553022386,-1.6840693553022386,LOSS,3803.1076116290847,11291.422172296889,-201.44680275375111,3601.6608088753337,2025-09
FARTCOIN,2025-09-13 13:15:00,2025-09-13 13:45:00,2025-09-15 07:30:00,2.6387075841149445,10.0,WIN,3601.6608088753337,6824.668315953956,675.6421632794417,4277.3029721547755,2025-09
DOGE,2025-09-13 13:30:00,2025-09-13 13:45:00,2025-09-14 14:30:00,3.973347177444575,6.0,WIN,4277.3029721547755,5382.493375403565,317.5671091488103,4594.870081303586,2025-09
DOGE,2025-09-16 22:00:00,2025-09-17 02:00:00,2025-09-17 17:30:00,1.35284808441482,-1.35284808441482,LOSS,4594.870081303586,16982.21010266321,-246.7257141678425,4348.144367135743,2025-09
FARTCOIN,2025-09-16 22:00:00,2025-09-17 02:15:00,2025-09-17 19:30:00,0.9499085491769428,-0.9499085491769428,LOSS,4348.144367135743,22887.173564777546,-240.29439192156474,4107.849975214178,2025-09
DOGE,2025-09-18 00:00:00,2025-09-18 02:00:00,2025-09-18 15:45:00,1.632089335630296,-1.632089335630296,LOSS,4107.849975214178,12584.63579638479,-217.9771345570937,3889.872840657084,2025-09
DOGE,2025-09-18 16:00:00,2025-09-18 21:15:00,2025-09-19 18:00:00,2.774912988378778,6.0,WIN,3889.872840657084,7008.999664039399,413.53098017832457,4303.403820835409,2025-09
MELANIA,2025-09-20 05:15:00,2025-09-20 09:30:00,2025-09-22 06:00:00,2.0761245674740487,10.0,WIN,4303.403820835409,10364.030868511942,1026.0390559826824,5329.4428768180915,2025-09
MOODENG,2025-09-24 12:30:00,2025-09-24 19:45:00,2025-09-25 17:00:00,3.454624577377567,8.0,WIN,5329.4428768180915,7713.490652092382,609.3657615152982,5938.808638333389,2025-09
DOGE,2025-09-24 14:45:00,2025-09-24 19:30:00,2025-09-25 12:15:00,2.931746810944364,6.0,WIN,5938.808638333389,10128.447340956433,597.5783931164295,6536.387031449819,2025-09
MELANIA,2025-09-26 18:15:00,2025-09-27 08:00:00,2025-09-27 22:15:00,1.2863658882416313,-1.2863658882416313,LOSS,6536.387031449819,25406.40688313255,-352.2257584556235,6184.161272994195,2025-09
FARTCOIN,2025-09-27 03:15:00,2025-09-27 09:15:00,2025-09-27 22:15:00,3.2870584230872115,-3.2870584230872115,LOSS,6184.161272994195,9406.83200146169,-318.6148956511715,5865.546377343024,2025-09
DOGE,2025-09-27 22:15:00,2025-09-28 00:00:00,2025-09-28 20:15:00,1.1243845778088828,-1.1243845778088828,LOSS,5865.546377343024,26083.363704495867,-319.3606825716471,5546.185694771377,2025-09
MELANIA,2025-09-28 20:30:00,2025-09-29 10:30:00,2025-09-29 14:15:00,1.3658933383043212,-1.3658933383043212,LOSS,5546.185694771377,20302.4113934718,-297.61169613204066,5248.573998639336,2025-09
MOODENG,2025-09-28 23:45:00,2025-09-29 01:45:00,2025-09-30 15:15:00,2.1513395995278897,8.0,WIN,5248.573998639336,12198.38560074647,963.672462458971,6212.246461098308,2025-09
DOGE,2025-09-28 23:45:00,2025-09-29 02:15:00,2025-09-29 20:30:00,0.5323853122829532,-0.5323853122829532,LOSS,6212.246461098308,58343.51847968161,-368.955841534597,5843.290619563711,2025-09
DOGE,2025-09-29 20:45:00,2025-09-30 00:45:00,2025-10-01 08:30:00,2.2594726775739,-2.2594726775739,LOSS,5843.290619563711,12930.65120362049,-305.095182181806,5538.195437381904,2025-09
MELANIA,2025-09-30 21:30:00,2025-10-01 03:45:00,2025-10-01 08:30:00,1.1981975831228187,-1.1981975831228187,LOSS,5538.195437381904,23110.52665849946,-300.02029852759466,5238.17513885431,2025-09
FARTCOIN,2025-10-01 09:45:00,2025-10-01 22:30:00,2025-10-02 02:45:00,5.605204588255449,-5.605204588255449,LOSS,5238.17513885431,4672.5994175393935,-266.5813563602549,4971.593782494055,2025-10
MELANIA,2025-10-01 12:00:00,2025-10-01 16:00:00,2025-10-01 22:15:00,5.64649346748762,-5.64649346748762,LOSS,4971.593782494055,4402.372739046258,-252.982061863749,4718.611720630306,2025-10
MOODENG,2025-10-02 02:30:00,2025-10-02 14:45:00,2025-10-03 16:45:00,7.2566160838648255,-7.2566160838648255,LOSS,4718.611720630306,3251.248010158755,-239.18183404167405,4479.429886588632,2025-10
FARTCOIN,2025-10-02 06:45:00,2025-10-02 13:00:00,2025-10-03 16:00:00,1.7854905400325967,-1.7854905400325967,LOSS,4479.429886588632,12543.975412232801,-236.51546974166442,4242.9144168469675,2025-10
DOGE,2025-10-03 16:30:00,2025-10-03 17:00:00,2025-10-06 15:00:00,2.7564303703740656,-2.7564303703740656,LOSS,4242.9144168469675,7696.393245498846,-219.84211408784725,4023.0723027591202,2025-10
MOODENG,2025-10-03 16:30:00,2025-10-03 18:15:00,2025-10-04 06:00:00,4.520702030030875,-4.520702030030875,LOSS,4023.0723027591202,4449.610122536261,-205.60322526049228,3817.469077498628,2025-10
FARTCOIN,2025-10-03 16:30:00,2025-10-03 17:45:00,2025-10-05 05:30:00,3.0294008187569914,-3.0294008187569914,LOSS,3817.469077498628,6300.699884053298,-197.17415375898472,3620.2949237396433,2025-10
MELANIA,2025-10-03 16:30:00,2025-10-03 17:00:00,2025-10-06 19:00:00,1.5494783628618976,-1.5494783628618976,LOSS,3620.2949237396433,11682.302284792582,-192.69704847177474,3427.5978752678684,2025-10
MOODENG,2025-10-04 07:45:00,2025-10-04 13:00:00,2025-10-08 03:15:00,6.013157263234405,8.0,WIN,3427.5978752678684,2850.0816835648543,225.15645300162348,3652.754328269492,2025-10
MOODENG,2025-10-05 01:45:00,2025-10-05 19:00:00,2025-10-08 03:15:00,6.922926267880153,8.0,WIN,3652.754328269492,2638.1577579534082,208.41446287831923,3861.168791147811,2025-10
DOGE,2025-10-05 07:45:00,2025-10-05 09:45:00,2025-10-06 14:30:00,1.3521928070945943,-1.3521928070945943,LOSS,3861.168791147811,14277.434293723833,-207.3358738511144,3653.832917296697,2025-10
FARTCOIN,2025-10-05 09:30:00,2025-10-05 09:45:00,2025-10-06 00:45:00,0.18380930268554757,10.0,WIN,3653.832917296697,99391.94763029771,9839.802815399475,13493.635732696172,2025-10
MOODENG,2025-10-06 15:30:00,2025-10-07 00:00:00,2025-10-08 00:30:00,2.469069019320146,8.0,WIN,13493.635732696172,27325.35143228119,2158.702763150214,15652.338495846387,2025-10
DOGE,2025-10-06 15:45:00,2025-10-07 06:30:00,2025-10-07 23:30:00,3.094131129111666,6.0,WIN,15652.338495846387,25293.592680314458,1492.3219681385528,17144.66046398494,2025-10
MELANIA,2025-10-06 19:00:00,2025-10-06 21:15:00,2025-10-10 15:30:00,1.3163540517347063,10.0,WIN,17144.66046398494,65121.76735959263,6447.05496859967,23591.71543258461,2025-10
FARTCOIN,2025-10-06 21:00:00,2025-10-07 09:00:00,2025-10-07 19:30:00,5.557907588094565,10.0,WIN,23591.71543258461,21223.558559267654,2101.132297367498,25692.847729952107,2025-10
MOODENG,2025-10-08 14:00:00,2025-10-09 02:30:00,2025-10-10 15:30:00,4.606812074336812,8.0,WIN,25692.847729952107,27885.712848022788,2202.9713149938,27895.819044945907,2025-10
DOGE,2025-10-08 17:45:00,2025-10-09 00:00:00,2025-10-10 15:30:00,2.6308205915512297,6.0,WIN,27895.819044945907,53017.33446691912,3128.0227335482277,31023.841778494134,2025-10
FARTCOIN,2025-10-08 18:00:00,2025-10-09 07:45:00,2025-10-10 19:15:00,4.78758241278436,10.0,WIN,31023.841778494134,32400.321397758773,3207.6318183781186,34231.47359687225,2025-10
FARTCOIN,2025-10-10 14:00:00,2025-10-10 14:45:00,2025-10-10 17:45:00,2.073812943378174,10.0,WIN,34231.47359687225,82532.6934769495,8170.736654218001,42402.210251090255,2025-10
MOODENG,2025-10-12 20:15:00,2025-10-12 21:15:00,2025-10-13 11:15:00,1.2819685913246945,8.0,WIN,42402.210251090255,165379.28673929072,13064.963652403967,55467.17390349422,2025-10
DOGE,2025-10-12 20:30:00,2025-10-12 21:15:00,2025-10-13 17:45:00,2.1465702208224213,-2.1465702208224213,LOSS,55467.17390349422,129199.5327370258,-2902.558227911737,52564.615675582485,2025-10
FARTCOIN,2025-10-12 21:00:00,2025-10-12 21:15:00,2025-10-13 11:00:00,1.860156888128602,10.0,WIN,52564.615675582485,141290.81264877814,13987.790452229037,66552.40612781153,2025-10
MELANIA,2025-10-12 21:15:00,2025-10-12 21:30:00,2025-10-12 22:00:00,0.6675718488345578,-0.6675718488345578,LOSS,66552.40612781153,498466.2418284882,-3826.0865482190648,62726.31957959246,2025-10
MELANIA,2025-10-13 01:45:00,2025-10-13 02:30:00,2025-10-15 19:45:00,4.842114619675113,10.0,WIN,62726.31957959246,64771.61788437916,6412.390170553536,69138.709750146,2025-10
MELANIA,2025-10-14 16:15:00,2025-10-15 08:15:00,2025-10-17 00:00:00,4.993478665921375,10.0,WIN,69138.709750146,69229.00284123755,6853.671281282519,75992.38103142851,2025-10
MOODENG,2025-10-14 16:15:00,2025-10-15 13:45:00,2025-10-16 19:30:00,6.280413151659057,8.0,WIN,75992.38103142851,60499.50791163642,4779.4611250192775,80771.84215644779,2025-10
FARTCOIN,2025-10-14 18:00:00,2025-10-14 19:30:00,2025-10-16 09:30:00,2.4260100089484045,10.0,WIN,80771.84215644779,166470.5459963451,16480.58405363817,97252.42621008596,2025-10
DOGE,2025-10-19 14:45:00,2025-10-20 00:00:00,2025-10-20 03:45:00,1.8813867850594646,-1.8813867850594646,LOSS,97252.42621008596,258459.41669833756,-5121.080727202636,92131.34548288333,2025-10
FARTCOIN,2025-10-20 04:00:00,2025-10-20 16:00:00,2025-10-21 15:00:00,5.278710543989255,-5.278710543989255,LOSS,92131.34548288333,87266.9042137489,-4693.834178357915,87437.51130452543,2025-10
DOGE,2025-10-20 06:30:00,2025-10-20 08:15:00,2025-10-21 14:45:00,0.9288618219198219,-0.9288618219198219,LOSS,87437.51130452543,470670.1752678609,-4842.545740494133,82594.9655640313,2025-10
MOODENG,2025-10-20 06:30:00,2025-10-20 16:00:00,2025-10-21 15:00:00,2.521590748206041,-2.521590748206041,LOSS,82594.9655640313,163775.51675027484,-4293.52379495184,78301.44176907947,2025-10
MELANIA,2025-10-21 16:15:00,2025-10-21 17:30:00,2025-10-22 17:45:00,1.9847160371653212,10.0,WIN,78301.44176907947,197261.06985287886,19528.845915435006,97830.28768451448,2025-10
DOGE,2025-10-21 16:15:00,2025-10-21 16:45:00,2025-10-22 05:15:00,0.8731066692074061,6.0,WIN,97830.28768451448,560242.4717092325,33054.30583084472,130884.5935153592,2025-10
MOODENG,2025-10-21 16:30:00,2025-10-21 17:15:00,2025-10-22 03:00:00,2.196141945465093,8.0,WIN,130884.5935153592,297987.55446028523,23541.016802362534,154425.61031772173,2025-10
FARTCOIN,2025-10-21 16:30:00,2025-10-21 16:45:00,2025-10-22 05:15:00,0.8271029725141815,10.0,WIN,154425.61031772173,933533.1600145708,92419.78284144252,246845.39315916423,2025-10
MOODENG,2025-10-23 08:30:00,2025-10-23 09:30:00,2025-10-23 16:45:00,0.40191863674174444,-0.40191863674174444,LOSS,246845.39315916423,3070837.8586307806,-15413.107516588992,231432.28564257524,2025-10
FARTCOIN,2025-10-24 01:00:00,2025-10-24 14:30:00,2025-10-25 02:45:00,5.627230304693923,-5.627230304693923,LOSS,231432.28564257524,205636.05282826908,-11777.250334957032,219655.0353076182,2025-10
DOGE,2025-10-24 06:45:00,2025-10-24 08:45:00,2025-10-24 12:30:00,0.4357024382272816,-0.4357024382272816,LOSS,219655.0353076182,2520700.0929500936,-13503.451858331005,206151.5834492872,2025-10
FARTCOIN,2025-10-25 18:15:00,2025-10-26 03:15:00,2025-10-26 06:45:00,2.5199503786405906,-2.5199503786405906,LOSS,206151.5834492872,409038.97393506905,-10716.618146399429,195434.96530288778,2025-10
FARTCOIN,2025-10-26 09:15:00,2025-10-26 11:15:00,2025-10-26 18:15:00,1.9398300003526923,-1.9398300003526923,LOSS,195434.96530288778,503742.50647570816,-10275.490771620098,185159.47453126768,2025-10
MOODENG,2025-10-26 12:00:00,2025-10-26 20:15:00,2025-10-26 22:00:00,2.534363530814832,-2.534363530814832,LOSS,185159.47453126768,365297.7804485224,-9623.271507011907,175536.20302425578,2025-10
DOGE,2025-10-26 13:30:00,2025-10-26 21:30:00,2025-10-26 22:00:00,1.0789320223935035,-1.0789320223935035,LOSS,175536.20302425578,813472.0231717941,-9590.282174384583,165945.9208498712,2025-10
DOGE,2025-10-27 02:00:00,2025-10-27 04:45:00,2025-10-28 20:00:00,0.9476322966309504,6.0,WIN,165945.9208498712,875581.8129027839,51659.32696126425,217605.24781113546,2025-10
MOODENG,2025-10-27 05:15:00,2025-10-27 07:30:00,2025-10-28 20:15:00,2.4681686913210745,8.0,WIN,217605.24781113546,440823.2884897819,34825.039790692776,252430.28760182823,2025-10
FARTCOIN,2025-10-27 17:30:00,2025-10-28 01:15:00,2025-10-28 20:15:00,5.481309316288984,10.0,WIN,252430.28760182823,230264.58920286893,22796.194331084025,275226.48193291225,2025-10
MOODENG,2025-10-27 18:00:00,2025-10-27 19:30:00,2025-10-28 21:00:00,2.0659344804983535,8.0,WIN,275226.48193291225,666106.511438158,52622.414403614486,327848.8963365267,2025-10
MOODENG,2025-10-29 10:30:00,2025-10-29 15:30:00,2025-10-29 17:45:00,3.028597558830774,-3.028597558830774,LOSS,327848.8963365267,541255.300461737,-16933.700117288074,310915.1962192386,2025-10
MELANIA,2025-10-29 11:15:00,2025-10-29 13:00:00,2025-10-30 01:45:00,5.126485036030383,-5.126485036030383,LOSS,310915.1962192386,303244.0298118876,-15849.003840773818,295066.1923784648,2025-10
FARTCOIN,2025-10-29 14:00:00,2025-10-29 15:30:00,2025-10-29 17:30:00,1.4492753623188406,-1.4492753623188406,LOSS,295066.1923784648,1017978.3637057035,-15771.287982628945,279294.9043958358,2025-10
DOGE,2025-10-31 01:15:00,2025-11-02 16:15:00,2025-11-03 06:45:00,3.303585040635173,6.0,WIN,279294.9043958358,422714.8703006241,24940.177347736822,304235.08174357266,2025-10
MOODENG,2025-10-31 12:15:00,2025-10-31 18:30:00,2025-11-01 09:00:00,2.19758053524798,-2.19758053524798,LOSS,304235.08174357266,692204.6242761294,-15903.958711454763,288331.1230321179,2025-10
FARTCOIN,2025-11-01 13:15:00,2025-11-01 14:00:00,2025-11-01 16:45:00,1.1183322079675881,-1.1183322079675881,LOSS,288331.1230321179,1289112.1304469951,-15705.668282052891,272625.454750065,2025-11
MOODENG,2025-11-03 00:00:00,2025-11-03 01:30:00,2025-11-03 04:15:00,2.5095602962085555,8.0,WIN,272625.454750065,543173.7487279099,42910.72614950488,315536.1808995699,2025-11
MOODENG,2025-11-05 16:45:00,2025-11-05 21:45:00,2025-11-07 16:15:00,2.4677382839031035,-2.4677382839031035,LOSS,315536.1808995699,639322.6197400914,-16416.131664718585,299120.0492348513,2025-11
FARTCOIN,2025-11-07 08:00:00,2025-11-07 09:45:00,2025-11-07 15:00:00,1.7926816408309534,-1.7926816408309534,LOSS,299120.0492348513,834281.0079100314,-15790.283469652597,283329.76576519874,2025-11
DOGE,2025-11-07 21:30:00,2025-11-07 23:00:00,2025-11-08 01:45:00,0.9350062092431327,-0.9350062092431327,LOSS,283329.76576519874,1515122.3754682231,-15681.610663728161,267648.1551014706,2025-11
MOODENG,2025-11-07 22:45:00,2025-11-07 23:00:00,2025-11-08 14:00:00,0.9652264691802361,8.0,WIN,267648.1551014706,1386452.6287223732,109529.75766906749,377177.91277053807,2025-11
FARTCOIN,2025-11-09 02:00:00,2025-11-09 02:45:00,2025-11-09 13:30:00,4.556919455187492,-4.556919455187492,LOSS,377177.91277053807,413851.85373549606,-19272.747492262402,357905.1652782757,2025-11
DOGE,2025-11-09 14:15:00,2025-11-11 17:30:00,2025-11-13 18:00:00,6.023269672759541,6.0,WIN,357905.1652782757,297102.05978068267,17529.02152706028,375434.1868053359,2025-11
MELANIA,2025-11-09 16:15:00,2025-11-09 19:00:00,2025-11-10 04:15:00,2.054625984251966,-2.054625984251966,LOSS,375434.1868053359,913631.4581897528,-19685.34079845655,355748.84600687935,2025-11
FARTCOIN,2025-11-09 20:30:00,2025-11-11 06:00:00,2025-11-12 00:00:00,9.522212533816273,10.0,WIN,355748.84600687935,186799.4674260352,18493.14727517749,374241.9932820568,2025-11
MELANIA,2025-11-10 21:15:00,2025-11-10 21:30:00,2025-11-10 21:45:00,9.985933381587747,10.0,WIN,374241.9932820568,187384.58338410876,18551.07375502677,392793.0670370836,2025-11
FARTCOIN,2025-11-12 10:00:00,2025-11-12 14:45:00,2025-11-12 17:15:00,1.9401512660309164,10.0,WIN,392793.0670370836,1012274.3363218372,100215.15929586189,493008.2263329455,2025-11
DOGE,2025-11-12 14:00:00,2025-11-12 14:45:00,2025-11-13 17:45:00,1.2546393448868156,6.0,WIN,493008.2263329455,1964740.8171207209,115919.70821012252,608927.934543068,2025-11
MOODENG,2025-11-12 14:15:00,2025-11-12 14:45:00,2025-11-12 15:15:00,1.6519617045241246,-1.6519617045241246,LOSS,608927.934543068,1843044.9473357499,-32289.441674489157,576638.4928685789,2025-11
MELANIA,2025-11-12 16:00:00,2025-11-12 16:15:00,2025-11-12 17:00:00,6.104730035271758,-6.104730035271758,LOSS,576638.4928685789,472288.2826405847,-29304.21292606953,547334.2799425094,2025-11
MELANIA,2025-11-14 20:00:00,2025-11-14 22:15:00,2025-11-17 13:45:00,3.9924467224170352,10.0,WIN,547334.2799425094,685462.2215361112,67860.759932075,615195.0398745844,2025-11
MELANIA,2025-11-15 09:45:00,2025-11-16 02:30:00,2025-11-19 17:00:00,6.892687027178493,10.0,WIN,615195.0398745844,446266.4831935749,44180.38183616391,659375.4217107483,2025-11
FARTCOIN,2025-11-16 10:30:00,2025-11-16 11:15:00,2025-11-17 08:00:00,2.3159230525192522,-2.3159230525192522,LOSS,659375.4217107483,1423569.3646934477,-34392.34045023086,624983.0812605175,2025-11
FARTCOIN,2025-11-18 06:00:00,2025-11-18 09:00:00,2025-11-18 16:15:00,3.752085277235849,-3.752085277235849,LOSS,624983.0812605175,832847.6501484807,-32082.001713174355,592901.0795473431,2025-11
DOGE,2025-11-20 02:45:00,2025-11-20 16:00:00,2025-11-20 18:45:00,2.1157951029101896,6.0,WIN,592901.0795473431,1401130.6641456725,82666.70918459467,675567.7887319378,2025-11
FARTCOIN,2025-11-20 09:00:00,2025-11-20 10:15:00,2025-11-20 11:00:00,1.259445843828726,-1.259445843828726,LOSS,675567.7887319378,2682004.1212657704,-36460.393557862655,639107.3951740752,2025-11
FARTCOIN,2025-11-22 20:15:00,2025-11-22 20:30:00,2025-11-22 22:45:00,3.936295987203558,-3.936295987203558,LOSS,639107.3951740752,811813.1833222645,-32767.182942026026,606340.2122320491,2025-11
FARTCOIN,2025-11-23 04:00:00,2025-11-23 05:45:00,2025-11-24 02:15:00,2.8212006289889917,-2.8212006289889917,LOSS,606340.2122320491,1074613.7761378172,-31391.624387740267,574948.5878443088,2025-11
MELANIA,2025-11-23 05:45:00,2025-11-23 06:00:00,2025-11-24 16:45:00,0.5779418847327006,-0.5779418847327006,LOSS,574948.5878443088,4974103.824558622,-33721.53321677406,541227.0546275347,2025-11
DOGE,2025-11-23 15:45:00,2025-11-24 00:00:00,2025-11-24 02:00:00,1.8774710375425214,-1.8774710375425214,LOSS,541227.0546275347,1441372.5799359418,-28502.72531131268,512724.329316222,2025-11
DOGE,2025-11-24 20:30:00,2025-11-24 21:30:00,2025-11-25 22:45:00,0.7708374310414229,-0.7708374310414229,LOSS,512724.329316222,3325761.7538338606,-28961.97821964496,483762.351096577,2025-11
FARTCOIN,2025-11-24 20:45:00,2025-11-25 04:15:00,2025-11-25 10:45:00,4.416094210009799,-4.416094210009799,LOSS,483762.351096577,547726.4841860151,-24735.844039014868,459026.5070575621,2025-11
MOODENG,2025-11-24 22:15:00,2025-11-24 23:45:00,2025-11-25 04:30:00,0.41049152361661245,-0.41049152361661245,LOSS,459026.5070575621,5591181.311289146,-28542.506664167253,430484.00039339485,2025-11
MOODENG,2025-11-25 12:15:00,2025-11-25 15:45:00,2025-11-25 16:30:00,4.657693174554504,-4.657693174554504,LOSS,430484.00039339485,462121.46685099055,-21986.321486520734,408497.6789068741,2025-11
FARTCOIN,2025-11-25 13:15:00,2025-11-25 15:15:00,2025-11-26 21:15:00,5.369602112012061,-5.369602112012061,LOSS,408497.6789068741,380379.84042900027,-20805.263785772706,387692.41512110137,2025-11
DOGE,2025-11-26 18:45:00,2025-11-27 00:00:00,2025-12-01 00:00:00,1.5368921694682143,6.0,WIN,387692.41512110137,1261286.975179424,74415.93153558602,462108.3466566874,2025-11
MOODENG,2025-11-26 21:45:00,2025-11-26 23:15:00,2025-11-28 12:30:00,3.3623977034148878,-3.3623977034148878,LOSS,462108.3466566874,687170.8634992302,-23792.588196333603,438315.75846035377,2025-11
MOODENG,2025-11-27 19:00:00,2025-11-27 21:00:00,2025-11-28 12:30:00,1.9735897288602846,-1.9735897288602846,LOSS,438315.75846035377,1110453.0796111154,-23026.241002628805,415289.51745772496,2025-11
MOODENG,2025-11-28 10:00:00,2025-11-28 11:30:00,2025-11-28 11:45:00,1.590134792163732,-1.590134792163732,LOSS,415289.51745772496,1305831.1770306944,-22070.307049916944,393219.210407808,2025-11
FARTCOIN,2025-11-28 14:45:00,2025-11-28 21:30:00,2025-11-29 17:00:00,3.7839599201661933,10.0,WIN,393219.210407808,519586.9125254076,51439.10434001536,444658.3147478234,2025-11
FARTCOIN,2025-11-30 02:15:00,2025-11-30 03:30:00,2025-11-30 08:15:00,2.5253309092521614,-2.5253309092521614,LOSS,444658.3147478234,880396.1356484215,-23113.311873039595,421545.0028747838,2025-11
MOODENG,2025-11-30 14:15:00,2025-11-30 23:15:00,2025-12-01 00:30:00,4.4833438181206295,8.0,WIN,421545.0028747838,470123.4390846819,37139.75168768987,458684.7545624737,2025-11
MELANIA,2025-11-30 16:15:00,2025-11-30 20:00:00,2025-12-01 00:45:00,2.7855092156304035,10.0,WIN,458684.7545624737,823340.9388643259,81510.75294756827,540195.5075100419,2025-11
FARTCOIN,2025-12-01 14:45:00,2025-12-01 15:45:00,2025-12-01 18:30:00,4.170804369414082,-4.170804369414082,LOSS,540195.5075100419,647591.5191221604,-27657.366894624258,512538.1406154177,2025-12
FARTCOIN,2025-12-02 16:30:00,2025-12-02 22:30:00,2025-12-03 07:30:00,5.950894714939666,10.0,WIN,512538.1406154177,430639.5636009956,42633.31679649856,555171.4574119162,2025-12
DOGE,2025-12-02 18:15:00,2025-12-02 20:30:00,2025-12-02 23:00:00,0.8926776899207383,-0.8926776899207383,LOSS,555171.4574119162,3109585.1485949564,-30868.15801919077,524303.2993927255,2025-12
MELANIA,2025-12-02 18:30:00,2025-12-02 19:45:00,2025-12-05 16:30:00,0.4514928759415473,10.0,WIN,524303.2993927255,5806329.704531203,574826.6407485891,1099129.9401413146,2025-12
DOGE,2025-12-03 06:15:00,2025-12-03 11:00:00,2025-12-03 21:45:00,1.6490525042494701,-1.6490525042494701,LOSS,1099129.9401413146,3332610.5060601435,-58289.10751312588,1040840.8326281888,2025-12
FARTCOIN,2025-12-06 14:30:00,2025-12-06 21:45:00,2025-12-07 06:15:00,8.169910179640711,-8.169910179640711,LOSS,1040840.8326281888,636996.4967435921,-52679.03812815303,988161.7945000357,2025-12
DOGE,2025-12-07 18:15:00,2025-12-07 21:45:00,2025-12-08 09:00:00,2.7528480219043914,-2.7528480219043914,LOSS,988161.7945000357,1794799.034740094,-51202.88875974188,936958.9057402938,2025-12
FARTCOIN,2025-12-08 05:30:00,2025-12-08 15:00:00,2025-12-09 13:30:00,3.5047776124486814,10.0,WIN,936958.9057402938,1336688.1002838712,132332.12192810324,1069291.027668397,2025-12
DOGE,2025-12-08 11:00:00,2025-12-08 13:00:00,2025-12-08 13:45:00,0.12111264668389941,-0.12111264668389941,LOSS,1069291.027668397,44144482.71695425,-97609.0341003741,971681.9935680229,2025-12
MOODENG,2025-12-08 21:15:00,2025-12-09 00:00:00,2025-12-10 07:30:00,4.792599096301683,8.0,WIN,971681.9935680229,1013731.7706355233,80084.80988020633,1051766.803448229,2025-12
MOODENG,2025-12-09 11:15:00,2025-12-10 07:30:00,2025-12-13 14:15:00,9.528970751870297,8.0,WIN,1051766.803448229,551878.4928801433,43598.40093753132,1095365.2043857605,2025-12
MELANIA,2025-12-09 17:30:00,2025-12-09 20:15:00,2025-12-11 15:30:00,1.1048648122459912,-1.1048648122459912,LOSS,1095365.2043857605,4957010.089583179,-59725.27030887121,1035639.9340768893,2025-12
DOGE,2025-12-09 18:15:00,2025-12-09 19:30:00,2025-12-10 22:15:00,0.30601515458717804,6.0,WIN,1035639.9340768893,16921383.11702231,998361.6039043162,2034001.5379812056,2025-12
DOGE,2025-12-10 20:00:00,2025-12-10 21:00:00,2025-12-11 03:00:00,2.5340309644486827,6.0,WIN,2034001.5379812056,4013371.514628934,236788.91936310712,2270790.4573443127,2025-12
MOODENG,2025-12-10 20:15:00,2025-12-11 00:45:00,2025-12-11 08:45:00,6.158182690143192,-6.158182690143192,LOSS,2270790.4573443127,1843718.0022110643,-115383.2408694267,2155407.216474886,2025-12
FARTCOIN,2025-12-10 20:30:00,2025-12-10 20:45:00,2025-12-11 00:30:00,2.5067345106255736,10.0,WIN,2155407.216474886,4299233.140443319,425624.0809038886,2581031.2973787747,2025-12
MOODENG,2025-12-11 08:45:00,2025-12-11 18:30:00,2025-12-14 03:45:00,9.009291502318755,8.0,WIN,2581031.2973787747,1432427.4537650854,113161.76884744174,2694193.0662262165,2025-12
DOGE,2025-12-11 21:30:00,2025-12-12 00:45:00,2025-12-15 15:15:00,2.4214485216613824,6.0,WIN,2694193.0662262165,5563184.684962249,328227.8964127727,3022420.962638989,2025-12
FARTCOIN,2025-12-12 03:30:00,2025-12-12 15:15:00,2025-12-14 23:30:00,4.9110698168303735,10.0,WIN,3022420.962638989,3077151.2881786656,304637.97752968787,3327058.940168677,2025-12
DOGE,2025-12-13 10:45:00,2025-12-13 21:30:00,2025-12-15 15:30:00,1.168794015675507,6.0,WIN,3327058.940168677,14232871.214034222,839739.401628019,4166798.341796696,2025-12
DOGE,2025-12-15 02:15:00,2025-12-15 14:45:00,2025-12-15 18:15:00,2.3054922384822953,6.0,WIN,4166798.341796696,9036678.311568938,533164.0203825673,4699962.3621792635,2025-12
MOODENG,2025-12-15 05:45:00,2025-12-15 12:30:00,2025-12-15 18:00:00,3.6790438075411664,8.0,WIN,4699962.3621792635,6387478.116658269,504610.7712160033,5204573.133395267,2025-12
