timestamp,open,high,low,close,volume
2025-12-06 14:41:00,0.3786,0.379,0.3783,0.379,5653.83
2025-12-06 14:42:00,0.379,0.3793,0.3787,0.3791,12827.42
2025-12-06 14:43:00,0.3791,0.3793,0.3787,0.3789,12000.71
2025-12-06 14:44:00,0.3787,0.3793,0.3784,0.3791,6708.83
2025-12-06 14:45:00,0.3791,0.3799,0.379,0.3795,7476.59
2025-12-06 14:46:00,0.3795,0.3795,0.3789,0.3789,20283.64
2025-12-06 14:47:00,0.3789,0.3791,0.3786,0.3787,9814.14
2025-12-06 14:48:00,0.3787,0.379,0.3784,0.3787,18874.89
2025-12-06 14:49:00,0.3789,0.3802,0.3787,0.3796,10986.05
2025-12-06 14:50:00,0.3794,0.3796,0.3787,0.3792,48686.8
2025-12-06 14:51:00,0.3793,0.3795,0.379,0.3792,21771.07
2025-12-06 14:52:00,0.3792,0.38,0.3791,0.38,16761.85
2025-12-06 14:53:00,0.38,0.38,0.3793,0.3797,16674.91
2025-12-06 14:54:00,0.3797,0.3797,0.379,0.3794,7380.34
2025-12-06 14:55:00,0.3794,0.3796,0.379,0.3795,9514.71
2025-12-06 14:56:00,0.3793,0.3795,0.379,0.3793,18693.76
2025-12-06 14:57:00,0.3791,0.3795,0.3791,0.3793,5115.0
2025-12-06 14:58:00,0.3791,0.3793,0.3789,0.3791,3680.93
2025-12-06 14:59:00,0.3791,0.3791,0.378,0.3783,4244.0
2025-12-06 15:00:00,0.3783,0.3784,0.3777,0.378,48402.63
2025-12-06 15:01:00,0.3778,0.3779,0.3773,0.3775,19475.08
2025-12-06 15:02:00,0.3773,0.3775,0.3756,0.3756,13646.78
2025-12-06 15:03:00,0.3761,0.3764,0.3757,0.3758,38387.91
2025-12-06 15:04:00,0.376,0.3761,0.3755,0.3759,24311.63
2025-12-06 15:05:00,0.3757,0.3759,0.3751,0.3753,63835.52
2025-12-06 15:06:00,0.3755,0.3758,0.3749,0.3749,34514.89
2025-12-06 15:07:00,0.3749,0.3754,0.3749,0.3753,35900.49
2025-12-06 15:08:00,0.3753,0.3754,0.375,0.3752,24702.88
2025-12-06 15:09:00,0.3753,0.3755,0.375,0.3753,27462.78
2025-12-06 15:10:00,0.3755,0.3757,0.3753,0.3756,9483.86
2025-12-06 15:11:00,0.3757,0.3757,0.3752,0.3752,9695.94
2025-12-06 15:12:00,0.3752,0.3754,0.3747,0.3748,17468.15
2025-12-06 15:13:00,0.375,0.3752,0.3748,0.3748,12496.14
2025-12-06 15:14:00,0.375,0.3751,0.3744,0.3746,11865.4
2025-12-06 15:15:00,0.3744,0.3748,0.3743,0.3745,39825.84
2025-12-06 15:16:00,0.3745,0.3745,0.3736,0.3742,60675.04
2025-12-06 15:17:00,0.374,0.3747,0.3739,0.3742,58088.78
2025-12-06 15:18:00,0.374,0.3742,0.373,0.3732,37683.98
2025-12-06 15:19:00,0.3734,0.3736,0.3728,0.3734,61990.84
2025-12-06 15:20:00,0.3732,0.3738,0.3732,0.3738,39247.69
2025-12-06 15:21:00,0.3738,0.3738,0.373,0.3734,21077.13
2025-12-06 15:22:00,0.3734,0.3737,0.373,0.373,12421.06
2025-12-06 15:23:00,0.373,0.3732,0.3723,0.3723,103232.91
2025-12-06 15:24:00,0.3725,0.3729,0.3722,0.3727,88138.51
2025-12-06 15:25:00,0.3727,0.373,0.3726,0.3728,39961.92
2025-12-06 15:26:00,0.3727,0.3729,0.3721,0.3724,31122.51
2025-12-06 15:27:00,0.3722,0.373,0.3722,0.3728,15464.72
2025-12-06 15:28:00,0.373,0.3734,0.3728,0.3731,42301.56
2025-12-06 15:29:00,0.3733,0.3736,0.3731,0.3736,9147.04
2025-12-06 15:30:00,0.3736,0.3742,0.3734,0.374,26507.06
2025-12-06 15:31:00,0.374,0.3745,0.3738,0.3744,18044.39
2025-12-06 15:32:00,0.3744,0.3745,0.3738,0.3738,40993.46
2025-12-06 15:33:00,0.3738,0.374,0.3733,0.3733,51219.89
2025-12-06 15:34:00,0.3733,0.3741,0.3733,0.3739,31022.13
2025-12-06 15:35:00,0.3738,0.3742,0.3734,0.374,15125.07
2025-12-06 15:36:00,0.374,0.3744,0.3737,0.3739,38060.86
2025-12-06 15:37:00,0.3739,0.3739,0.3729,0.3731,13378.95
2025-12-06 15:38:00,0.3732,0.3734,0.373,0.3732,14862.08
2025-12-06 15:39:00,0.373,0.3735,0.373,0.3733,9114.59
2025-12-06 15:40:00,0.3735,0.375,0.3733,0.3748,11578.05
2025-12-06 15:41:00,0.375,0.3754,0.3746,0.3747,77887.39
2025-12-06 15:42:00,0.3749,0.3753,0.3746,0.3748,38286.18
2025-12-06 15:43:00,0.375,0.3752,0.3746,0.3752,44365.16
2025-12-06 15:44:00,0.3752,0.3754,0.3749,0.3752,63094.93
2025-12-06 15:45:00,0.3752,0.3755,0.375,0.3755,13195.19
2025-12-06 15:46:00,0.3755,0.3755,0.375,0.3751,28164.77
2025-12-06 15:47:00,0.3751,0.3751,0.3743,0.3744,13859.38
2025-12-06 15:48:00,0.3746,0.3748,0.3744,0.3747,8347.23
2025-12-06 15:49:00,0.3745,0.3747,0.3745,0.3747,55367.74
2025-12-06 15:50:00,0.3747,0.3747,0.3743,0.3743,6488.97
2025-12-06 15:51:00,0.3745,0.3748,0.3743,0.3746,3664.4
2025-12-06 15:52:00,0.3746,0.3747,0.3743,0.3743,5024.23
2025-12-06 15:53:00,0.3745,0.3747,0.3743,0.3745,63023.25
2025-12-06 15:54:00,0.3745,0.3745,0.3741,0.3743,13099.68
2025-12-06 15:55:00,0.3741,0.3743,0.3738,0.3738,6508.75
2025-12-06 15:56:00,0.3739,0.3739,0.3738,0.3738,8765.09
2025-12-06 15:57:00,0.3739,0.3742,0.3738,0.374,5189.79
2025-12-06 15:58:00,0.374,0.3741,0.3737,0.3739,5049.45
2025-12-06 15:59:00,0.3741,0.3741,0.3737,0.3739,7299.9
2025-12-06 16:00:00,0.3737,0.3742,0.3737,0.374,11069.32
2025-12-06 16:01:00,0.3742,0.3752,0.374,0.375,5484.18
2025-12-06 16:02:00,0.3752,0.3758,0.375,0.3754,14415.27
2025-12-06 16:03:00,0.3752,0.3758,0.3752,0.3752,26250.01
2025-12-06 16:04:00,0.3754,0.3755,0.3749,0.3749,16998.8
2025-12-06 16:05:00,0.3747,0.3755,0.3747,0.3755,8451.26
2025-12-06 16:06:00,0.3753,0.3759,0.3753,0.3756,13953.32
2025-12-06 16:07:00,0.3758,0.3759,0.3754,0.3759,7970.23
2025-12-06 16:08:00,0.3757,0.3759,0.3749,0.3751,30764.61
2025-12-06 16:09:00,0.3749,0.3755,0.3749,0.3753,8273.37
2025-12-06 16:10:00,0.3756,0.3758,0.3754,0.3757,7357.38
2025-12-06 16:11:00,0.3755,0.3759,0.3752,0.3752,6462.02
2025-12-06 16:12:00,0.3754,0.3754,0.3745,0.3747,13100.19
2025-12-06 16:13:00,0.3747,0.3751,0.3747,0.3748,182578.08
2025-12-06 16:14:00,0.3748,0.3752,0.3748,0.3748,8114.23
2025-12-06 16:15:00,0.3748,0.3752,0.3748,0.3748,48362.46
2025-12-06 16:16:00,0.3748,0.3751,0.3746,0.3749,26804.95
2025-12-06 16:17:00,0.3747,0.3752,0.3747,0.375,9501.47
2025-12-06 16:18:00,0.3752,0.3755,0.375,0.3754,15526.22
2025-12-06 16:19:00,0.3754,0.3758,0.3752,0.3754,12948.75
2025-12-06 16:20:00,0.3756,0.3757,0.3753,0.3755,6020.62
2025-12-06 16:21:00,0.3755,0.3755,0.3749,0.3752,5856.67
2025-12-06 16:22:00,0.375,0.3753,0.375,0.3751,11360.58
2025-12-06 16:23:00,0.3753,0.3755,0.3751,0.3755,7118.69
2025-12-06 16:24:00,0.3753,0.3757,0.3753,0.3753,13560.79
2025-12-06 16:25:00,0.3755,0.3758,0.3753,0.3756,13214.24
2025-12-06 16:26:00,0.3756,0.3758,0.3755,0.3756,5661.0
2025-12-06 16:27:00,0.3756,0.3758,0.3753,0.3753,3991.83
2025-12-06 16:28:00,0.3753,0.3755,0.3751,0.3753,3854.95
2025-12-06 16:29:00,0.3753,0.3756,0.3751,0.3754,4576.53
2025-12-06 16:30:00,0.3752,0.3754,0.3745,0.3747,22625.3
2025-12-06 16:31:00,0.3746,0.3747,0.3738,0.3742,22489.81
2025-12-06 16:32:00,0.374,0.3748,0.374,0.3746,21998.31
2025-12-06 16:33:00,0.3744,0.3747,0.3742,0.3745,11101.72
2025-12-06 16:34:00,0.3745,0.3749,0.3743,0.3749,4703.5
2025-12-06 16:35:00,0.3749,0.3749,0.3743,0.3745,4420.2
2025-12-06 16:36:00,0.3743,0.3748,0.3743,0.3745,13301.61
2025-12-06 16:37:00,0.3745,0.3752,0.3744,0.3749,4662.27
2025-12-06 16:38:00,0.3749,0.375,0.3744,0.3747,6728.23
2025-12-06 16:39:00,0.3747,0.3758,0.3745,0.3755,7877.31
2025-12-06 16:40:00,0.3755,0.3758,0.3751,0.3753,17019.61
2025-12-06 16:41:00,0.3753,0.3755,0.3749,0.375,6117.89
2025-12-06 16:42:00,0.3749,0.3754,0.3749,0.3754,5198.49
2025-12-06 16:43:00,0.3754,0.3754,0.3749,0.3751,4912.75
2025-12-06 16:44:00,0.3749,0.3756,0.3749,0.3756,24874.44
2025-12-06 16:45:00,0.3756,0.3756,0.375,0.3754,10325.28
2025-12-06 16:46:00,0.3756,0.3757,0.3751,0.3752,18170.85
2025-12-06 16:47:00,0.3754,0.3757,0.375,0.3752,5446.53
2025-12-06 16:48:00,0.3754,0.3755,0.3749,0.3749,43705.47
2025-12-06 16:49:00,0.3749,0.3753,0.3748,0.3748,16768.02
2025-12-06 16:50:00,0.375,0.3751,0.3743,0.3746,7430.81
2025-12-06 16:51:00,0.3746,0.3751,0.3744,0.3747,8267.4
2025-12-06 16:52:00,0.3747,0.375,0.3746,0.3747,7355.57
2025-12-06 16:53:00,0.3749,0.3749,0.3745,0.3749,6632.05
2025-12-06 16:54:00,0.3749,0.3749,0.3746,0.3747,5468.01
2025-12-06 16:55:00,0.3747,0.3752,0.3747,0.375,23543.36
2025-12-06 16:56:00,0.3752,0.3752,0.3749,0.3751,3703.12
2025-12-06 16:57:00,0.3749,0.3754,0.3749,0.3749,4294.86
2025-12-06 16:58:00,0.3749,0.3752,0.3749,0.375,9529.44
2025-12-06 16:59:00,0.3752,0.3752,0.3749,0.3749,5661.77
2025-12-06 17:00:00,0.3751,0.3751,0.3744,0.3745,4392.91
2025-12-06 17:01:00,0.3747,0.375,0.3745,0.3747,10675.4
2025-12-06 17:02:00,0.3747,0.3754,0.3747,0.3753,12832.48
2025-12-06 17:03:00,0.3753,0.3759,0.3751,0.3756,10715.34
2025-12-06 17:04:00,0.3756,0.3758,0.3754,0.3754,11755.47
2025-12-06 17:05:00,0.3754,0.3761,0.3754,0.3761,6068.61
2025-12-06 17:06:00,0.3759,0.3761,0.3755,0.3757,7518.63
2025-12-06 17:07:00,0.3755,0.3758,0.3753,0.3753,18767.27
2025-12-06 17:08:00,0.3753,0.3755,0.3751,0.3754,8151.84
2025-12-06 17:09:00,0.3754,0.3756,0.3745,0.3749,40505.3
2025-12-06 17:10:00,0.3749,0.3751,0.3732,0.3734,42218.75
2025-12-06 17:11:00,0.3734,0.3737,0.3729,0.3734,201847.45
2025-12-06 17:12:00,0.3732,0.3734,0.3725,0.3733,134170.35
2025-12-06 17:13:00,0.3728,0.3733,0.3728,0.3733,187947.71
2025-12-06 17:14:00,0.3731,0.3739,0.3731,0.3737,46447.74
2025-12-06 17:15:00,0.3737,0.3742,0.3736,0.3739,22792.87
2025-12-06 17:16:00,0.3741,0.3745,0.3739,0.3739,21758.23
2025-12-06 17:17:00,0.3741,0.3741,0.3736,0.3738,5909.38
2025-12-06 17:18:00,0.3738,0.3739,0.3733,0.3736,4248.64
2025-12-06 17:19:00,0.3736,0.374,0.3732,0.3734,11948.82
2025-12-06 17:20:00,0.3734,0.3738,0.3734,0.3736,61397.12
2025-12-06 17:21:00,0.3736,0.374,0.3736,0.3738,18230.75
2025-12-06 17:22:00,0.374,0.3742,0.3735,0.374,4819.69
2025-12-06 17:23:00,0.374,0.3752,0.374,0.375,4925.83
2025-12-06 17:24:00,0.3752,0.3752,0.3748,0.3748,11585.59
2025-12-06 17:25:00,0.3748,0.3752,0.3748,0.375,6514.91
2025-12-06 17:26:00,0.375,0.3752,0.3748,0.3752,37757.77
2025-12-06 17:27:00,0.3752,0.3754,0.375,0.3754,6096.43
2025-12-06 17:28:00,0.3754,0.3754,0.375,0.375,4050.78
2025-12-06 17:29:00,0.375,0.3757,0.375,0.3757,4048.79
2025-12-06 17:30:00,0.3757,0.3757,0.375,0.375,5769.68
2025-12-06 17:31:00,0.375,0.3753,0.3748,0.3753,55928.17
2025-12-06 17:32:00,0.3751,0.3755,0.3751,0.3753,9884.49
2025-12-06 17:33:00,0.3753,0.3754,0.3752,0.3754,5488.74
2025-12-06 17:34:00,0.3752,0.3754,0.3749,0.3751,19066.66
2025-12-06 17:35:00,0.3751,0.3754,0.3749,0.375,6095.74
2025-12-06 17:36:00,0.375,0.3752,0.3749,0.3751,5735.05
2025-12-06 17:37:00,0.3749,0.3752,0.3738,0.3741,7563.48
2025-12-06 17:38:00,0.3741,0.3745,0.3739,0.3744,124214.66
2025-12-06 17:39:00,0.3744,0.3744,0.373,0.3733,36980.66
2025-12-06 17:40:00,0.3735,0.3739,0.3733,0.3737,16212.68
2025-12-06 17:41:00,0.3737,0.3742,0.3737,0.374,12061.02
2025-12-06 17:42:00,0.3742,0.3742,0.3735,0.3735,8312.44
2025-12-06 17:43:00,0.3736,0.3736,0.3734,0.3736,45698.74
2025-12-06 17:44:00,0.3736,0.3737,0.3734,0.3737,16491.32
2025-12-06 17:45:00,0.3737,0.3737,0.3735,0.3735,4342.65
2025-12-06 17:46:00,0.3734,0.374,0.3734,0.374,5671.53
2025-12-06 17:47:00,0.374,0.3742,0.3738,0.3742,6961.3
2025-12-06 17:48:00,0.3742,0.3742,0.3738,0.374,6607.82
2025-12-06 17:49:00,0.3738,0.3745,0.3738,0.3743,9310.05
2025-12-06 17:50:00,0.3742,0.3744,0.3737,0.374,4679.63
2025-12-06 17:51:00,0.3742,0.3746,0.3739,0.3746,54857.95
2025-12-06 17:52:00,0.3744,0.3752,0.3743,0.3752,20049.04
2025-12-06 17:53:00,0.375,0.3752,0.3738,0.3746,47948.29
2025-12-06 17:54:00,0.3744,0.3749,0.3743,0.3749,73296.38
2025-12-06 17:55:00,0.3749,0.3749,0.3744,0.3747,31076.15
2025-12-06 17:56:00,0.3747,0.3747,0.3744,0.3744,6972.88
2025-12-06 17:57:00,0.3744,0.375,0.3744,0.375,6535.29
2025-12-06 17:58:00,0.375,0.3752,0.3749,0.3749,4405.67
2025-12-06 17:59:00,0.3749,0.3752,0.3749,0.3752,6183.84
2025-12-06 18:00:00,0.3752,0.3754,0.375,0.3752,6310.67
2025-12-06 18:01:00,0.375,0.3752,0.3747,0.3749,4729.39
2025-12-06 18:02:00,0.3751,0.3751,0.3749,0.3749,7276.14
2025-12-06 18:03:00,0.3751,0.3751,0.3747,0.3747,4358.93
2025-12-06 18:04:00,0.3749,0.375,0.3739,0.3739,8301.85
2025-12-06 18:05:00,0.3739,0.3741,0.3738,0.374,73475.55
2025-12-06 18:06:00,0.374,0.3741,0.3738,0.3739,45727.14
2025-12-06 18:07:00,0.3739,0.3741,0.3735,0.3737,39238.31
2025-12-06 18:08:00,0.3737,0.3742,0.3735,0.3742,33053.25
2025-12-06 18:09:00,0.3742,0.3742,0.374,0.374,29189.85
2025-12-06 18:10:00,0.374,0.3742,0.374,0.374,11065.75
2025-12-06 18:11:00,0.3742,0.3743,0.3739,0.3743,3678.94
2025-12-06 18:12:00,0.3743,0.3749,0.3741,0.3747,9043.69
2025-12-06 18:13:00,0.3747,0.3755,0.3747,0.3755,14634.73
2025-12-06 18:14:00,0.3755,0.3755,0.3752,0.3753,11737.93
2025-12-06 18:15:00,0.3755,0.3758,0.3746,0.375,12836.63
2025-12-06 18:16:00,0.3748,0.3752,0.3747,0.3747,94722.04
2025-12-06 18:17:00,0.3747,0.3758,0.3747,0.3758,35602.75
2025-12-06 18:18:00,0.3758,0.3761,0.3751,0.3753,20214.31
2025-12-06 18:19:00,0.3753,0.3757,0.3751,0.3751,34122.11
2025-12-06 18:20:00,0.3751,0.3755,0.3749,0.3751,12787.41
2025-12-06 18:21:00,0.3751,0.3751,0.3748,0.375,5459.65
2025-12-06 18:22:00,0.3748,0.375,0.3743,0.3745,4941.32
2025-12-06 18:23:00,0.3745,0.3746,0.3743,0.3744,41448.93
2025-12-06 18:24:00,0.3746,0.3749,0.3744,0.3747,16300.03
2025-12-06 18:25:00,0.3749,0.375,0.3745,0.3747,6837.19
2025-12-06 18:26:00,0.3749,0.3752,0.3747,0.375,5303.69
2025-12-06 18:27:00,0.3751,0.3752,0.3749,0.3749,10296.51
2025-12-06 18:28:00,0.3751,0.3753,0.3749,0.3751,10497.41
2025-12-06 18:29:00,0.3751,0.3753,0.374,0.3744,13115.78
2025-12-06 18:30:00,0.3743,0.3744,0.3738,0.3738,130282.75
2025-12-06 18:31:00,0.3738,0.374,0.3736,0.374,32233.55
2025-12-06 18:32:00,0.3738,0.374,0.3736,0.3736,16015.57
2025-12-06 18:33:00,0.3738,0.3741,0.3736,0.3739,9302.16
2025-12-06 18:34:00,0.3741,0.3743,0.3738,0.374,6397.81
2025-12-06 18:35:00,0.374,0.374,0.3734,0.3736,8249.54
2025-12-06 18:36:00,0.3734,0.3736,0.3733,0.3735,5218.7
2025-12-06 18:37:00,0.3735,0.3735,0.3732,0.3732,3988.85
2025-12-06 18:38:00,0.3734,0.3734,0.373,0.373,6836.9
2025-12-06 18:39:00,0.373,0.3731,0.3728,0.3728,5848.21
2025-12-06 18:40:00,0.3729,0.373,0.3726,0.373,11004.68
2025-12-06 18:41:00,0.373,0.3731,0.3728,0.3729,86544.41
2025-12-06 18:42:00,0.3729,0.3732,0.3728,0.373,54224.54
2025-12-06 18:43:00,0.3728,0.3731,0.3726,0.3727,56182.97
2025-12-06 18:44:00,0.3728,0.3729,0.3726,0.3726,5603.46
2025-12-06 18:45:00,0.3726,0.3735,0.3725,0.3735,3664.85
2025-12-06 18:46:00,0.3733,0.3736,0.3733,0.3734,35664.52
2025-12-06 18:47:00,0.3734,0.3739,0.3734,0.3739,8617.68
2025-12-06 18:48:00,0.3739,0.3739,0.3735,0.3735,8900.89
2025-12-06 18:49:00,0.3737,0.3737,0.3733,0.3735,5366.41
2025-12-06 18:50:00,0.3733,0.3735,0.373,0.3732,4038.09
2025-12-06 18:51:00,0.3732,0.3734,0.373,0.373,29425.43
2025-12-06 18:52:00,0.3732,0.3732,0.3721,0.3725,31288.06
2025-12-06 18:53:00,0.3726,0.373,0.3724,0.3727,12208.12
2025-12-06 18:54:00,0.3729,0.3729,0.3725,0.3725,17149.1
2025-12-06 18:55:00,0.3727,0.3728,0.3724,0.3727,40240.65
2025-12-06 18:56:00,0.3725,0.3728,0.3724,0.3727,5628.64
2025-12-06 18:57:00,0.3725,0.3733,0.3725,0.3733,62613.91
2025-12-06 18:58:00,0.3731,0.3733,0.3728,0.373,23025.46
2025-12-06 18:59:00,0.373,0.3732,0.3728,0.3732,10663.99
2025-12-06 19:00:00,0.3732,0.3733,0.3729,0.373,7462.39
2025-12-06 19:01:00,0.373,0.3736,0.373,0.3734,6376.58
2025-12-06 19:02:00,0.3736,0.3738,0.3734,0.3738,6327.67
2025-12-06 19:03:00,0.3738,0.3738,0.3734,0.3734,15128.81
2025-12-06 19:04:00,0.3736,0.3736,0.3731,0.3731,24398.38
2025-12-06 19:05:00,0.3733,0.3733,0.3729,0.3731,6213.78
2025-12-06 19:06:00,0.3731,0.3733,0.3731,0.3733,5029.99
2025-12-06 19:07:00,0.3733,0.3734,0.37,0.3704,55722.41
2025-12-06 19:08:00,0.3704,0.3714,0.3702,0.3713,190925.06
2025-12-06 19:09:00,0.3711,0.3718,0.371,0.3716,99450.24
2025-12-06 19:10:00,0.3716,0.3717,0.3714,0.3715,24929.4
2025-12-06 19:11:00,0.3715,0.372,0.3714,0.3719,43035.93
2025-12-06 19:12:00,0.3718,0.372,0.3715,0.3717,20904.66
2025-12-06 19:13:00,0.3717,0.3718,0.3715,0.3715,10766.8
2025-12-06 19:14:00,0.3717,0.372,0.3715,0.372,5057.6
2025-12-06 19:15:00,0.372,0.372,0.3715,0.3716,12162.82
2025-12-06 19:16:00,0.3718,0.3724,0.3716,0.3722,7418.1
2025-12-06 19:17:00,0.3724,0.3724,0.3721,0.3721,13518.45
2025-12-06 19:18:00,0.3721,0.3726,0.3721,0.3726,12177.72
2025-12-06 19:19:00,0.3726,0.373,0.3722,0.3729,54338.29
2025-12-06 19:20:00,0.373,0.3738,0.3725,0.3735,118372.27
2025-12-06 19:21:00,0.373,0.3733,0.3725,0.3727,434820.45
2025-12-06 19:22:00,0.3727,0.3736,0.3725,0.3734,124145.05
2025-12-06 19:23:00,0.3736,0.3737,0.3731,0.3737,39017.3
2025-12-06 19:24:00,0.3737,0.3742,0.3734,0.374,75747.57
2025-12-06 19:25:00,0.3739,0.374,0.3736,0.3738,71759.57
2025-12-06 19:26:00,0.3738,0.3738,0.3731,0.3733,22061.34
2025-12-06 19:27:00,0.3735,0.3737,0.3731,0.3737,58988.63
2025-12-06 19:28:00,0.3735,0.374,0.3734,0.3736,124532.09
2025-12-06 19:29:00,0.3734,0.3741,0.3734,0.3741,49737.95
2025-12-06 19:30:00,0.3741,0.3741,0.3731,0.3733,13511.0
2025-12-06 19:31:00,0.3733,0.3735,0.3725,0.3727,46119.48
2025-12-06 19:32:00,0.3725,0.3727,0.3719,0.3721,16498.61
2025-12-06 19:33:00,0.3719,0.3729,0.3719,0.3723,19130.69
2025-12-06 19:34:00,0.3723,0.3727,0.3723,0.3725,27219.85
2025-12-06 19:35:00,0.3727,0.3732,0.3724,0.3729,23526.69
2025-12-06 19:36:00,0.3731,0.3731,0.3727,0.3729,9447.46
2025-12-06 19:37:00,0.3731,0.3731,0.3723,0.3725,5371.17
2025-12-06 19:38:00,0.3723,0.3725,0.3722,0.3725,104339.68
2025-12-06 19:39:00,0.3722,0.3725,0.372,0.3723,5517.31
2025-12-06 19:40:00,0.3721,0.3724,0.3721,0.3721,6695.61
2025-12-06 19:41:00,0.3723,0.3724,0.3721,0.3724,9799.5
2025-12-06 19:42:00,0.3724,0.3726,0.3721,0.3722,9147.86
2025-12-06 19:43:00,0.3724,0.3724,0.3718,0.3718,10045.28
2025-12-06 19:44:00,0.3718,0.3726,0.3718,0.3726,20538.29
2025-12-06 19:45:00,0.3726,0.3735,0.3725,0.3735,64502.31
2025-12-06 19:46:00,0.3732,0.3735,0.3732,0.3733,41456.88
2025-12-06 19:47:00,0.3733,0.3736,0.3729,0.3736,38961.8
2025-12-06 19:48:00,0.3736,0.374,0.3734,0.3738,56650.48
2025-12-06 19:49:00,0.3738,0.3742,0.3735,0.3742,35814.8
2025-12-06 19:50:00,0.3741,0.3743,0.3734,0.3736,17934.13
2025-12-06 19:51:00,0.3736,0.3737,0.3734,0.3734,7789.8
2025-12-06 19:52:00,0.3734,0.374,0.3734,0.374,4326.8
2025-12-06 19:53:00,0.3738,0.374,0.3736,0.3738,33070.13
2025-12-06 19:54:00,0.3736,0.3738,0.3736,0.3738,14047.07
2025-12-06 19:55:00,0.3739,0.3739,0.3733,0.3737,5562.52
2025-12-06 19:56:00,0.3735,0.3742,0.3735,0.374,5116.77
2025-12-06 19:57:00,0.3742,0.3746,0.3736,0.3744,23078.94
2025-12-06 19:58:00,0.3744,0.3749,0.3743,0.3747,78443.75
2025-12-06 19:59:00,0.3749,0.3749,0.3742,0.3744,24496.04
2025-12-06 20:00:00,0.3742,0.3751,0.3742,0.375,18776.07
2025-12-06 20:01:00,0.375,0.3751,0.3739,0.3741,8219.53
2025-12-06 20:02:00,0.3742,0.3744,0.3725,0.373,52062.95
2025-12-06 20:03:00,0.373,0.3735,0.3727,0.3731,105304.28
2025-12-06 20:04:00,0.3729,0.3734,0.3727,0.3727,86733.84
2025-12-06 20:05:00,0.3729,0.3729,0.3726,0.3728,48266.53
2025-12-06 20:06:00,0.3726,0.3731,0.3726,0.3731,13591.28
2025-12-06 20:07:00,0.3729,0.3731,0.3725,0.3726,6715.07
2025-12-06 20:08:00,0.3725,0.3729,0.3725,0.3725,17769.81
2025-12-06 20:09:00,0.3725,0.3727,0.3724,0.3724,9159.89
2025-12-06 20:10:00,0.3724,0.3727,0.3724,0.3724,5070.27
2025-12-06 20:11:00,0.3726,0.373,0.3724,0.3727,4875.79
2025-12-06 20:12:00,0.3729,0.373,0.3726,0.3728,16111.53
2025-12-06 20:13:00,0.3728,0.3733,0.3727,0.3729,8252.13
2025-12-06 20:14:00,0.3731,0.3731,0.3727,0.3727,22977.62
2025-12-06 20:15:00,0.3729,0.3729,0.3725,0.3725,10828.45
2025-12-06 20:16:00,0.3727,0.3733,0.3725,0.3729,4304.88
2025-12-06 20:17:00,0.3729,0.3737,0.3729,0.3735,6556.1
2025-12-06 20:18:00,0.3735,0.374,0.3735,0.374,5107.71
2025-12-06 20:19:00,0.3738,0.3745,0.3738,0.3745,10837.2
2025-12-06 20:20:00,0.3745,0.3745,0.3736,0.3739,10451.47
2025-12-06 20:21:00,0.3737,0.374,0.3736,0.3738,8004.78
2025-12-06 20:22:00,0.374,0.3742,0.3738,0.3742,4550.92
2025-12-06 20:23:00,0.3742,0.3742,0.3738,0.3741,4436.76
2025-12-06 20:24:00,0.3741,0.3741,0.3738,0.3738,4006.8
2025-12-06 20:25:00,0.374,0.3742,0.3738,0.374,4559.25
2025-12-06 20:26:00,0.3738,0.3741,0.3735,0.3737,4123.71
2025-12-06 20:27:00,0.3737,0.3737,0.3733,0.3735,4283.15
2025-12-06 20:28:00,0.3733,0.3734,0.3732,0.3734,3667.75
2025-12-06 20:29:00,0.3732,0.3736,0.3732,0.3732,4648.56
2025-12-06 20:30:00,0.3734,0.3735,0.3731,0.3735,5289.44
2025-12-06 20:31:00,0.3735,0.3737,0.3733,0.3735,5518.02
2025-12-06 20:32:00,0.3737,0.3739,0.3734,0.3736,35213.53
2025-12-06 20:33:00,0.3736,0.3736,0.3734,0.3734,4084.5
2025-12-06 20:34:00,0.3736,0.3736,0.3734,0.3734,4035.77
2025-12-06 20:35:00,0.3736,0.3736,0.3731,0.3733,3655.2
2025-12-06 20:36:00,0.3731,0.3737,0.3731,0.3737,15962.54
2025-12-06 20:37:00,0.3737,0.3737,0.3733,0.3735,6780.82
2025-12-06 20:38:00,0.3733,0.3735,0.373,0.373,4610.43
2025-12-06 20:39:00,0.3732,0.3735,0.373,0.3735,4995.13
2025-12-06 20:40:00,0.3735,0.3735,0.3732,0.3734,4144.65
2025-12-06 20:41:00,0.3734,0.3735,0.3731,0.3731,3505.97
2025-12-06 20:42:00,0.3731,0.3734,0.3731,0.3733,5109.3
2025-12-06 20:43:00,0.3732,0.3736,0.3731,0.3736,5607.39
2025-12-06 20:44:00,0.3734,0.3737,0.3731,0.3731,17574.3
2025-12-06 20:45:00,0.3733,0.3734,0.3731,0.3732,3870.91
2025-12-06 20:46:00,0.3732,0.3734,0.373,0.373,5214.26
2025-12-06 20:47:00,0.373,0.3732,0.3728,0.3728,4149.65
2025-12-06 20:48:00,0.373,0.373,0.3728,0.3728,4463.02
2025-12-06 20:49:00,0.373,0.373,0.3727,0.3729,4100.61
2025-12-06 20:50:00,0.3727,0.3729,0.3727,0.3729,4355.69
2025-12-06 20:51:00,0.3727,0.3733,0.3727,0.3731,3595.75
2025-12-06 20:52:00,0.3733,0.3735,0.3731,0.3733,4459.27
2025-12-06 20:53:00,0.3735,0.3736,0.3732,0.3732,4443.59
2025-12-06 20:54:00,0.3732,0.3736,0.3732,0.3736,3671.29
2025-12-06 20:55:00,0.3736,0.3736,0.3734,0.3736,3952.4
2025-12-06 20:56:00,0.3734,0.3741,0.3734,0.3739,3887.74
2025-12-06 20:57:00,0.3741,0.3742,0.3739,0.374,20926.64
2025-12-06 20:58:00,0.374,0.3743,0.3739,0.3739,4329.97
2025-12-06 20:59:00,0.3741,0.3744,0.3738,0.3738,7594.81
2025-12-06 21:00:00,0.374,0.374,0.3732,0.3736,10771.91
2025-12-06 21:01:00,0.3734,0.3742,0.3734,0.3741,9069.19
2025-12-06 21:02:00,0.3739,0.375,0.3738,0.3748,12494.48
2025-12-06 21:03:00,0.375,0.3766,0.3746,0.3756,42154.84
2025-12-06 21:04:00,0.3758,0.3783,0.3757,0.3783,109257.35
2025-12-06 21:05:00,0.3783,0.3819,0.378,0.3819,148974.95
2025-12-06 21:06:00,0.3811,0.3825,0.3791,0.3795,451687.22
2025-12-06 21:07:00,0.3795,0.3812,0.3794,0.3799,795087.67
2025-12-06 21:08:00,0.3805,0.3811,0.3794,0.3802,663602.89
2025-12-06 21:09:00,0.3806,0.382,0.3786,0.3789,511728.17
2025-12-06 21:10:00,0.3789,0.3791,0.377,0.3775,419087.16
2025-12-06 21:11:00,0.3773,0.378,0.3768,0.377,248341.63
2025-12-06 21:12:00,0.377,0.3773,0.3766,0.3771,99027.57
2025-12-06 21:13:00,0.3771,0.3773,0.3766,0.3767,51818.35
2025-12-06 21:14:00,0.3769,0.3772,0.3766,0.377,27127.27
2025-12-06 21:15:00,0.3767,0.377,0.3762,0.3764,16200.95
2025-12-06 21:16:00,0.3766,0.3772,0.3761,0.3768,19827.79
2025-12-06 21:17:00,0.377,0.3776,0.3763,0.3763,12327.24
2025-12-06 21:18:00,0.3763,0.3767,0.3754,0.3767,17657.08
2025-12-06 21:19:00,0.3765,0.3773,0.3765,0.377,34515.86
2025-12-06 21:20:00,0.3774,0.3775,0.3768,0.377,26403.79
2025-12-06 21:21:00,0.3768,0.3785,0.3766,0.3784,24166.32
2025-12-06 21:22:00,0.3782,0.3784,0.377,0.377,14289.51
2025-12-06 21:23:00,0.377,0.3776,0.3767,0.3774,15114.78
2025-12-06 21:24:00,0.3772,0.3774,0.3766,0.3766,12586.35
2025-12-06 21:25:00,0.3766,0.3767,0.3759,0.3765,15349.87
2025-12-06 21:26:00,0.3767,0.3767,0.3762,0.3765,15000.52
2025-12-06 21:27:00,0.3763,0.3765,0.3758,0.3759,15352.38
2025-12-06 21:28:00,0.3759,0.3762,0.3758,0.3761,4214.59
2025-12-06 21:29:00,0.3759,0.3762,0.3757,0.3761,6964.2
2025-12-06 21:30:00,0.3759,0.3761,0.3755,0.376,5726.96
2025-12-06 21:31:00,0.376,0.3764,0.3758,0.3763,50821.42
2025-12-06 21:32:00,0.3761,0.3766,0.3757,0.3759,59710.34
2025-12-06 21:33:00,0.3759,0.376,0.3755,0.3756,21333.79
2025-12-06 21:34:00,0.3756,0.3762,0.3756,0.3758,10396.31
2025-12-06 21:35:00,0.376,0.3761,0.3757,0.3759,14001.43
2025-12-06 21:36:00,0.3759,0.3764,0.3756,0.3756,35808.47
2025-12-06 21:37:00,0.3756,0.376,0.3756,0.3758,7454.95
2025-12-06 21:38:00,0.3758,0.3765,0.3756,0.3764,4118.8
2025-12-06 21:39:00,0.3764,0.3766,0.376,0.3765,4265.69
2025-12-06 21:40:00,0.3765,0.3768,0.3763,0.3765,6276.83
2025-12-06 21:41:00,0.3765,0.3771,0.3763,0.3766,5360.61
2025-12-06 21:42:00,0.3768,0.3772,0.3766,0.377,4702.51
2025-12-06 21:43:00,0.3769,0.3772,0.3766,0.3769,4807.85
2025-12-06 21:44:00,0.3771,0.3771,0.3765,0.3765,153320.35
2025-12-06 21:45:00,0.3765,0.3774,0.3765,0.3772,40814.22
2025-12-06 21:46:00,0.377,0.3772,0.3768,0.3772,5288.6
2025-12-06 21:47:00,0.3772,0.3774,0.377,0.3771,3824.1
2025-12-06 21:48:00,0.3773,0.3773,0.3769,0.3769,8913.15
2025-12-06 21:49:00,0.3769,0.3771,0.3764,0.3769,4642.08
2025-12-06 21:50:00,0.3769,0.3769,0.3765,0.3765,9695.97
2025-12-06 21:51:00,0.3767,0.3771,0.3765,0.3771,8396.1
2025-12-06 21:52:00,0.3771,0.378,0.3767,0.378,14823.2
2025-12-06 21:53:00,0.3779,0.378,0.3774,0.3776,49849.77
2025-12-06 21:54:00,0.3774,0.3776,0.3767,0.3773,16059.1
2025-12-06 21:55:00,0.3771,0.3775,0.377,0.3773,12338.43
2025-12-06 21:56:00,0.3773,0.378,0.3771,0.3778,5206.98
2025-12-06 21:57:00,0.378,0.378,0.3776,0.3777,9374.58
2025-12-06 21:58:00,0.3777,0.3784,0.3777,0.3784,7117.84
2025-12-06 21:59:00,0.3784,0.3784,0.3779,0.3779,5899.94
2025-12-06 22:00:00,0.3779,0.379,0.3779,0.3786,14325.89
2025-12-06 22:01:00,0.3788,0.3788,0.3784,0.3788,13554.69
2025-12-06 22:02:00,0.3786,0.3788,0.3783,0.3783,9390.8
2025-12-06 22:03:00,0.3785,0.3786,0.3781,0.3782,5382.38
2025-12-06 22:04:00,0.3784,0.3784,0.378,0.3782,6241.88
2025-12-06 22:05:00,0.3782,0.3786,0.3779,0.3786,4686.34
2025-12-06 22:06:00,0.3784,0.3786,0.3778,0.3782,20527.68
2025-12-06 22:07:00,0.3782,0.3783,0.3778,0.3781,9070.05
2025-12-06 22:08:00,0.3781,0.3785,0.378,0.3783,14242.45
2025-12-06 22:09:00,0.3783,0.3785,0.3781,0.3784,4672.71
2025-12-06 22:10:00,0.3782,0.3785,0.3782,0.3782,5795.49
2025-12-06 22:11:00,0.3782,0.3787,0.3782,0.3786,8361.68
2025-12-06 22:12:00,0.3784,0.3787,0.3782,0.3785,6024.3
2025-12-06 22:13:00,0.3785,0.3794,0.3783,0.3792,9331.62
2025-12-06 22:14:00,0.3792,0.38,0.3792,0.38,49054.47
2025-12-06 22:15:00,0.38,0.38,0.3778,0.3779,30465.52
2025-12-06 22:16:00,0.3779,0.3781,0.3773,0.378,50559.99
2025-12-06 22:17:00,0.3781,0.3791,0.3779,0.3786,37102.9
2025-12-06 22:18:00,0.3789,0.3794,0.3787,0.3794,23478.62
2025-12-06 22:19:00,0.3794,0.3794,0.3784,0.3786,8336.74
2025-12-06 22:20:00,0.3784,0.3786,0.378,0.3783,5673.02
2025-12-06 22:21:00,0.3783,0.3784,0.378,0.3783,5434.15
2025-12-06 22:22:00,0.3781,0.3786,0.378,0.3781,3863.82
2025-12-06 22:23:00,0.3783,0.3783,0.3776,0.3777,7566.84
2025-12-06 22:24:00,0.3779,0.3781,0.3773,0.3773,9688.93
2025-12-06 22:25:00,0.3771,0.3773,0.3766,0.3772,7353.76
2025-12-06 22:26:00,0.3771,0.3773,0.3766,0.3768,14340.72
2025-12-06 22:27:00,0.3768,0.377,0.3766,0.3768,9020.32
2025-12-06 22:28:00,0.3766,0.3771,0.3766,0.3769,5220.93
2025-12-06 22:29:00,0.3768,0.3769,0.3766,0.3767,5013.92
2025-12-06 22:30:00,0.3767,0.3769,0.3766,0.3769,5375.39
2025-12-06 22:31:00,0.3767,0.3775,0.3767,0.3771,5416.1
2025-12-06 22:32:00,0.3769,0.3775,0.3769,0.3773,18876.51
2025-12-06 22:33:00,0.3773,0.3776,0.3772,0.3772,9313.7
2025-12-06 22:34:00,0.3774,0.3775,0.377,0.3773,4535.49
2025-12-06 22:35:00,0.3773,0.3773,0.3766,0.3768,7709.31
2025-12-06 22:36:00,0.3768,0.377,0.3766,0.3768,4977.75
2025-12-06 22:37:00,0.3768,0.377,0.3766,0.377,4083.19
2025-12-06 22:38:00,0.3768,0.3774,0.3766,0.3772,4733.46
2025-12-06 22:39:00,0.3772,0.3776,0.3772,0.3775,13835.51
2025-12-06 22:40:00,0.3771,0.3776,0.3771,0.3774,4468.17
2025-12-06 22:41:00,0.3776,0.3776,0.3773,0.3775,4116.61
2025-12-06 22:42:00,0.3774,0.3775,0.377,0.3771,10119.26
2025-12-06 22:43:00,0.3771,0.3773,0.3768,0.377,5337.47
2025-12-06 22:44:00,0.377,0.377,0.3768,0.377,3712.97
2025-12-06 22:45:00,0.377,0.3771,0.3768,0.377,10014.88
2025-12-06 22:46:00,0.3768,0.377,0.3766,0.3767,7859.22
2025-12-06 22:47:00,0.3767,0.3767,0.3763,0.3763,5825.7
2025-12-06 22:48:00,0.3765,0.3765,0.3761,0.3761,4723.15
2025-12-06 22:49:00,0.3761,0.3763,0.376,0.3762,5080.71
2025-12-06 22:50:00,0.3762,0.3762,0.376,0.3762,4015.03
2025-12-06 22:51:00,0.376,0.3762,0.3758,0.3761,8318.24
2025-12-06 22:52:00,0.3761,0.3761,0.3749,0.3749,10506.81
2025-12-06 22:53:00,0.3753,0.3754,0.3746,0.3748,59710.86
2025-12-06 22:54:00,0.375,0.375,0.3748,0.3748,34152.97
2025-12-06 22:55:00,0.3748,0.375,0.3748,0.3748,6817.86
2025-12-06 22:56:00,0.375,0.3752,0.3748,0.375,10175.1
2025-12-06 22:57:00,0.3752,0.3754,0.375,0.3754,19832.74
2025-12-06 22:58:00,0.3754,0.376,0.3752,0.3758,4487.24
2025-12-06 22:59:00,0.3758,0.3761,0.3756,0.3759,17558.82
2025-12-06 23:00:00,0.3761,0.3766,0.3759,0.3764,6744.92
2025-12-06 23:01:00,0.3764,0.3766,0.3761,0.3763,4005.58
2025-12-06 23:02:00,0.3766,0.3769,0.3761,0.3761,7487.53
2025-12-06 23:03:00,0.3763,0.3763,0.3752,0.3757,6936.53
2025-12-06 23:04:00,0.3755,0.3761,0.3755,0.3756,37680.96
2025-12-06 23:05:00,0.3756,0.3762,0.3756,0.376,13198.05
2025-12-06 23:06:00,0.376,0.3763,0.3758,0.3758,5893.36
2025-12-06 23:07:00,0.376,0.3761,0.3757,0.3759,3886.31
2025-12-06 23:08:00,0.3757,0.3759,0.3754,0.3756,6950.97
2025-12-06 23:09:00,0.3754,0.3755,0.3744,0.3746,9357.81
2025-12-06 23:10:00,0.3744,0.375,0.3744,0.375,6936.5
2025-12-06 23:11:00,0.3748,0.3753,0.3748,0.3751,7872.4
2025-12-06 23:12:00,0.3751,0.3753,0.375,0.3753,4656.61
2025-12-06 23:13:00,0.3751,0.3757,0.375,0.3755,4922.28
2025-12-06 23:14:00,0.3755,0.3763,0.3755,0.3761,3967.9
2025-12-06 23:15:00,0.3761,0.3766,0.3761,0.3763,7728.13
2025-12-06 23:16:00,0.3763,0.377,0.3762,0.3769,58883.88
2025-12-06 23:17:00,0.3769,0.377,0.3766,0.3768,16914.1
2025-12-06 23:18:00,0.3768,0.3768,0.3764,0.3764,6116.36
2025-12-06 23:19:00,0.3766,0.3766,0.3763,0.3765,3914.56
2025-12-06 23:20:00,0.3763,0.3765,0.3758,0.3758,4940.94
2025-12-06 23:21:00,0.3758,0.3761,0.3752,0.3752,4183.61
2025-12-06 23:22:00,0.3753,0.3757,0.3752,0.3755,5475.99
2025-12-06 23:23:00,0.3757,0.3759,0.3755,0.3756,8604.36
2025-12-06 23:24:00,0.3756,0.376,0.3756,0.3758,5287.18
2025-12-06 23:25:00,0.3758,0.376,0.3752,0.3754,4830.7
2025-12-06 23:26:00,0.3754,0.3754,0.3742,0.3746,15941.99
2025-12-06 23:27:00,0.3748,0.3752,0.3746,0.3749,15294.58
2025-12-06 23:28:00,0.3751,0.3752,0.3748,0.3749,5497.76
2025-12-06 23:29:00,0.3751,0.3757,0.3749,0.3753,3911.91
2025-12-06 23:30:00,0.3753,0.3755,0.3752,0.3755,13776.9
2025-12-06 23:31:00,0.3753,0.376,0.3753,0.3757,6778.46
2025-12-06 23:32:00,0.3755,0.3762,0.3755,0.376,4350.18
2025-12-06 23:33:00,0.376,0.3764,0.376,0.3764,6741.42
2025-12-06 23:34:00,0.3764,0.3764,0.376,0.376,4819.58
2025-12-06 23:35:00,0.3762,0.3766,0.3759,0.3764,4464.57
2025-12-06 23:36:00,0.3765,0.3768,0.3762,0.3764,10160.31
2025-12-06 23:37:00,0.3762,0.3764,0.376,0.3762,4195.83
2025-12-06 23:38:00,0.3762,0.3766,0.376,0.3764,3726.03
2025-12-06 23:39:00,0.3764,0.3766,0.3764,0.3766,3941.39
2025-12-06 23:40:00,0.3764,0.3766,0.3759,0.3759,3622.08
2025-12-06 23:41:00,0.3761,0.3771,0.3759,0.3767,8003.67
2025-12-06 23:42:00,0.3767,0.3773,0.3767,0.3772,7956.85
2025-12-06 23:43:00,0.3772,0.3777,0.377,0.3775,12684.7
2025-12-06 23:44:00,0.3777,0.3777,0.3773,0.3775,11739.54
2025-12-06 23:45:00,0.3777,0.3791,0.3775,0.3789,7268.1
2025-12-06 23:46:00,0.3789,0.38,0.3789,0.3791,58212.16
2025-12-06 23:47:00,0.3794,0.3806,0.3792,0.38,30413.21
2025-12-06 23:48:00,0.3802,0.3802,0.3795,0.3799,15136.91
2025-12-06 23:49:00,0.3797,0.3799,0.3788,0.3791,25046.71
2025-12-06 23:50:00,0.3793,0.3796,0.3789,0.3791,18648.14
2025-12-06 23:51:00,0.3791,0.3794,0.3787,0.3791,19819.19
2025-12-06 23:52:00,0.3789,0.3794,0.3789,0.3792,8001.93
2025-12-06 23:53:00,0.3794,0.3796,0.3785,0.3785,10637.42
2025-12-06 23:54:00,0.3788,0.3788,0.3782,0.3782,20893.08
2025-12-06 23:55:00,0.3784,0.3793,0.3782,0.3789,10842.79
2025-12-06 23:56:00,0.3789,0.3794,0.3787,0.3794,9124.61
2025-12-06 23:57:00,0.3794,0.3798,0.3792,0.3796,11858.16
2025-12-06 23:58:00,0.3796,0.3798,0.3793,0.3795,144702.88
2025-12-06 23:59:00,0.3794,0.3799,0.3791,0.3796,10717.47
2025-12-07 00:00:00,0.3796,0.38,0.3785,0.3787,15257.66
2025-12-07 00:01:00,0.3787,0.3791,0.3787,0.3787,28987.4
2025-12-07 00:02:00,0.3789,0.3793,0.3787,0.3788,13391.1
2025-12-07 00:03:00,0.379,0.3794,0.3788,0.379,6329.53
2025-12-07 00:04:00,0.3792,0.38,0.3786,0.38,10016.32
2025-12-07 00:05:00,0.3798,0.3812,0.3798,0.3802,18630.22
2025-12-07 00:06:00,0.3802,0.3808,0.3795,0.3797,50624.77
2025-12-07 00:07:00,0.3799,0.3804,0.3797,0.3803,28076.11
2025-12-07 00:08:00,0.3803,0.3804,0.3796,0.3801,12639.84
2025-12-07 00:09:00,0.3803,0.3804,0.3799,0.3803,23777.02
2025-12-07 00:10:00,0.3803,0.3803,0.3798,0.3801,8063.89
2025-12-07 00:11:00,0.3803,0.3808,0.3799,0.3806,6345.11
2025-12-07 00:12:00,0.3806,0.3813,0.3804,0.381,10554.63
2025-12-07 00:13:00,0.381,0.3814,0.3808,0.3809,32541.99
2025-12-07 00:14:00,0.3811,0.3811,0.3804,0.3809,12376.06
2025-12-07 00:15:00,0.3809,0.3811,0.3804,0.3808,13413.62
2025-12-07 00:16:00,0.3808,0.3815,0.3803,0.3812,21981.54
2025-12-07 00:17:00,0.3811,0.382,0.3811,0.382,23980.16
2025-12-07 00:18:00,0.3818,0.3822,0.3808,0.3822,81251.47
2025-12-07 00:19:00,0.3821,0.3828,0.3818,0.3823,42254.1
2025-12-07 00:20:00,0.3823,0.3827,0.3818,0.3822,42563.87
2025-12-07 00:21:00,0.3822,0.3825,0.3821,0.3825,23246.29
2025-12-07 00:22:00,0.3825,0.383,0.3822,0.3825,12978.5
2025-12-07 00:23:00,0.3829,0.3838,0.3826,0.3832,22913.81
2025-12-07 00:24:00,0.3834,0.3839,0.3832,0.3833,20554.88
2025-12-07 00:25:00,0.3834,0.3834,0.3809,0.3812,26981.55
2025-12-07 00:26:00,0.3814,0.3814,0.3793,0.3795,88011.01
2025-12-07 00:27:00,0.3793,0.3807,0.3793,0.3807,133617.25
2025-12-07 00:28:00,0.3805,0.3811,0.3802,0.3809,41549.99
2025-12-07 00:29:00,0.3809,0.3809,0.3799,0.3799,25389.6
2025-12-07 00:30:00,0.3799,0.3809,0.3799,0.3803,23811.73
2025-12-07 00:31:00,0.3803,0.3814,0.3801,0.3814,17711.42
2025-12-07 00:32:00,0.3812,0.3814,0.3804,0.3807,16845.22
2025-12-07 00:33:00,0.3806,0.381,0.3804,0.3808,11305.55
2025-12-07 00:34:00,0.3808,0.3809,0.3799,0.3801,9824.02
2025-12-07 00:35:00,0.38,0.3813,0.38,0.3812,7507.43
2025-12-07 00:36:00,0.3808,0.3815,0.3808,0.3814,18344.44
2025-12-07 00:37:00,0.3813,0.3819,0.3813,0.3818,23033.92
2025-12-07 00:38:00,0.3818,0.382,0.3814,0.382,8296.57
2025-12-07 00:39:00,0.3819,0.3836,0.3819,0.3832,10928.77
2025-12-07 00:40:00,0.3836,0.3836,0.383,0.3835,34521.74
2025-12-07 00:41:00,0.3836,0.3841,0.3835,0.3841,24650.79
2025-12-07 00:42:00,0.3841,0.3848,0.3841,0.3848,23478.35
2025-12-07 00:43:00,0.3848,0.3857,0.384,0.384,18193.42
2025-12-07 00:44:00,0.384,0.3843,0.3836,0.3838,84434.89
2025-12-07 00:45:00,0.3838,0.3845,0.3836,0.3838,63345.8
2025-12-07 00:46:00,0.384,0.3852,0.3836,0.3848,44479.88
2025-12-07 00:47:00,0.3848,0.3854,0.3845,0.3845,43290.46
2025-12-07 00:48:00,0.3847,0.3847,0.3831,0.3834,32514.43
2025-12-07 00:49:00,0.3834,0.3836,0.3818,0.3825,16281.54
2025-12-07 00:50:00,0.3825,0.3831,0.3821,0.3825,67451.75
2025-12-07 00:51:00,0.3826,0.3831,0.3825,0.383,31157.84
2025-12-07 00:52:00,0.3828,0.3832,0.3824,0.3828,18106.14
2025-12-07 00:53:00,0.383,0.3831,0.3825,0.3826,44263.44
2025-12-07 00:54:00,0.3828,0.3828,0.3821,0.3825,13170.85
2025-12-07 00:55:00,0.3826,0.3832,0.3824,0.3827,7261.14
2025-12-07 00:56:00,0.3825,0.3835,0.3825,0.3835,7515.2
2025-12-07 00:57:00,0.3835,0.3841,0.3833,0.384,9345.13
2025-12-07 00:58:00,0.384,0.3848,0.384,0.3846,7765.31
2025-12-07 00:59:00,0.3844,0.385,0.3843,0.3845,12618.53
2025-12-07 01:00:00,0.3845,0.3849,0.384,0.3843,16210.52
2025-12-07 01:01:00,0.3845,0.3845,0.3837,0.3842,31161.59
2025-12-07 01:02:00,0.384,0.3844,0.3838,0.3838,17627.82
2025-12-07 01:03:00,0.384,0.384,0.383,0.383,12438.42
2025-12-07 01:04:00,0.383,0.3833,0.383,0.3831,6596.94
2025-12-07 01:05:00,0.3831,0.3834,0.3825,0.3833,6034.51
2025-12-07 01:06:00,0.3829,0.3831,0.3815,0.382,14804.73
2025-12-07 01:07:00,0.3818,0.3824,0.3811,0.3813,16386.86
2025-12-07 01:08:00,0.3811,0.3819,0.3811,0.3815,15224.77
2025-12-07 01:09:00,0.3817,0.3819,0.3814,0.3815,9493.03
2025-12-07 01:10:00,0.3818,0.382,0.3815,0.3816,7984.26
2025-12-07 01:11:00,0.3818,0.3818,0.3811,0.3811,6370.18
2025-12-07 01:12:00,0.3811,0.3819,0.3811,0.3819,18828.49
2025-12-07 01:13:00,0.3819,0.3825,0.3817,0.3825,14667.83
2025-12-07 01:14:00,0.3823,0.3825,0.3816,0.3816,16917.37
2025-12-07 01:15:00,0.3818,0.3821,0.3816,0.3819,8238.54
2025-12-07 01:16:00,0.3821,0.3827,0.3817,0.3825,5254.8
2025-12-07 01:17:00,0.3825,0.3827,0.3823,0.3825,14325.69
2025-12-07 01:18:00,0.3825,0.3827,0.382,0.3826,7416.89
2025-12-07 01:19:00,0.3824,0.383,0.3823,0.3823,5151.18
2025-12-07 01:20:00,0.3823,0.3825,0.3818,0.3822,10913.35
2025-12-07 01:21:00,0.3824,0.3824,0.3818,0.3822,8851.75
2025-12-07 01:22:00,0.382,0.3822,0.3814,0.3818,8843.69
2025-12-07 01:23:00,0.3817,0.3819,0.3814,0.3817,13283.99
2025-12-07 01:24:00,0.3817,0.3818,0.3812,0.3814,8705.1
2025-12-07 01:25:00,0.3812,0.3814,0.3805,0.3807,4858.98
2025-12-07 01:26:00,0.3805,0.3808,0.3804,0.3806,11603.76
2025-12-07 01:27:00,0.3808,0.3813,0.3802,0.3805,4750.78
2025-12-07 01:28:00,0.3805,0.3807,0.3802,0.3805,10995.68
2025-12-07 01:29:00,0.3803,0.3807,0.3803,0.3807,6660.65
2025-12-07 01:30:00,0.3807,0.3812,0.3806,0.3811,5242.88
2025-12-07 01:31:00,0.3811,0.3813,0.3808,0.3811,10427.21
2025-12-07 01:32:00,0.3808,0.3812,0.3806,0.3809,10324.23
2025-12-07 01:33:00,0.3809,0.3809,0.3805,0.3809,9006.22
2025-12-07 01:34:00,0.3809,0.381,0.3806,0.3807,6212.34
2025-12-07 01:35:00,0.3808,0.3809,0.3806,0.3809,9191.83
2025-12-07 01:36:00,0.3807,0.3811,0.3807,0.3807,4280.83
2025-12-07 01:37:00,0.3809,0.3812,0.3806,0.3808,4225.21
2025-12-07 01:38:00,0.3804,0.3807,0.3802,0.3805,5434.9
2025-12-07 01:39:00,0.3805,0.3808,0.3805,0.3808,5150.87
2025-12-07 01:40:00,0.3806,0.3808,0.3805,0.3807,6153.16
2025-12-07 01:41:00,0.3805,0.3808,0.3804,0.3804,4134.08
2025-12-07 01:42:00,0.3805,0.3805,0.38,0.3802,15222.02
2025-12-07 01:43:00,0.3802,0.3802,0.3796,0.3798,8741.35
2025-12-07 01:44:00,0.3798,0.3802,0.3796,0.3797,18326.51
2025-12-07 01:45:00,0.3799,0.3799,0.3791,0.3791,9506.07
2025-12-07 01:46:00,0.3793,0.3798,0.3791,0.3798,9678.84
2025-12-07 01:47:00,0.3798,0.3799,0.3794,0.3796,6111.08
2025-12-07 01:48:00,0.3794,0.3796,0.3793,0.3793,4707.8
2025-12-07 01:49:00,0.3793,0.3795,0.3793,0.3795,4130.28
2025-12-07 01:50:00,0.3795,0.3796,0.3792,0.3794,6341.06
2025-12-07 01:51:00,0.3794,0.3799,0.3793,0.3797,4388.95
2025-12-07 01:52:00,0.3797,0.3797,0.3792,0.3792,4408.93
2025-12-07 01:53:00,0.3795,0.3797,0.3793,0.3797,3969.93
2025-12-07 01:54:00,0.3797,0.3797,0.3793,0.3795,4364.87
2025-12-07 01:55:00,0.3793,0.3797,0.3793,0.3797,4366.38
2025-12-07 01:56:00,0.3797,0.3799,0.3793,0.3795,3712.73
2025-12-07 01:57:00,0.3795,0.3795,0.3792,0.3795,4149.46
2025-12-07 01:58:00,0.3793,0.3796,0.3793,0.3793,3529.18
2025-12-07 01:59:00,0.3795,0.3795,0.3789,0.3791,4274.17
2025-12-07 02:00:00,0.3789,0.3793,0.3785,0.3791,5896.73
2025-12-07 02:01:00,0.3791,0.3799,0.3789,0.3797,9698.78
2025-12-07 02:02:00,0.3799,0.3799,0.3791,0.3793,10482.73
2025-12-07 02:03:00,0.3793,0.3796,0.3792,0.3794,11021.48
2025-12-07 02:04:00,0.3796,0.3799,0.3794,0.3795,5689.62
2025-12-07 02:05:00,0.3795,0.3795,0.3788,0.3792,4316.22
2025-12-07 02:06:00,0.3792,0.3794,0.3792,0.3792,19074.87
2025-12-07 02:07:00,0.3794,0.3796,0.3791,0.3794,7428.42
2025-12-07 02:08:00,0.3792,0.3794,0.379,0.3793,65396.77
2025-12-07 02:09:00,0.379,0.3792,0.3789,0.3791,4052.24
2025-12-07 02:10:00,0.3789,0.3791,0.3786,0.3786,5620.49
2025-12-07 02:11:00,0.3786,0.379,0.3785,0.3788,4155.77
2025-12-07 02:12:00,0.3788,0.3793,0.3788,0.3791,4807.97
2025-12-07 02:13:00,0.3793,0.3793,0.3789,0.3791,4003.67
2025-12-07 02:14:00,0.3791,0.3791,0.3789,0.3791,4504.18
2025-12-07 02:15:00,0.3789,0.3798,0.3789,0.3796,3652.15
2025-12-07 02:16:00,0.3796,0.3803,0.3793,0.38,17534.91
2025-12-07 02:17:00,0.3802,0.3804,0.38,0.3804,14242.34
2025-12-07 02:18:00,0.3806,0.3812,0.3804,0.381,9693.0
2025-12-07 02:19:00,0.3812,0.3814,0.381,0.3812,6532.4
2025-12-07 02:20:00,0.3814,0.3814,0.3809,0.3811,8387.76
2025-12-07 02:21:00,0.3809,0.3811,0.3802,0.3805,6346.27
2025-12-07 02:22:00,0.3803,0.3805,0.38,0.3802,8516.69
2025-12-07 02:23:00,0.3804,0.3804,0.3794,0.3796,5002.68
2025-12-07 02:24:00,0.3796,0.3796,0.3789,0.3791,25314.28
2025-12-07 02:25:00,0.3789,0.3791,0.3786,0.3787,11560.85
2025-12-07 02:26:00,0.3789,0.379,0.3786,0.3788,6123.14
2025-12-07 02:27:00,0.3788,0.379,0.3786,0.3788,6726.28
2025-12-07 02:28:00,0.379,0.3791,0.3787,0.3788,4626.1
2025-12-07 02:29:00,0.3788,0.379,0.3788,0.379,5744.82
2025-12-07 02:30:00,0.3788,0.3795,0.3788,0.3793,3899.57
2025-12-07 02:31:00,0.3795,0.3802,0.3793,0.3802,8688.28
2025-12-07 02:32:00,0.38,0.3802,0.38,0.38,20267.01
2025-12-07 02:33:00,0.38,0.3805,0.38,0.38,5729.47
2025-12-07 02:34:00,0.3802,0.3802,0.3798,0.3799,4439.16
2025-12-07 02:35:00,0.3799,0.3803,0.3798,0.3798,3548.9
2025-12-07 02:36:00,0.3798,0.3802,0.3797,0.3797,3490.66
2025-12-07 02:37:00,0.3797,0.3799,0.3795,0.3795,6260.91
2025-12-07 02:38:00,0.3797,0.3799,0.3787,0.3789,4307.68
2025-12-07 02:39:00,0.3787,0.379,0.3785,0.3788,21176.05
2025-12-07 02:40:00,0.3788,0.3793,0.3788,0.379,10390.25
2025-12-07 02:41:00,0.379,0.3794,0.379,0.3794,5679.71
2025-12-07 02:42:00,0.3792,0.3794,0.3787,0.3789,5548.3
2025-12-07 02:43:00,0.3787,0.3795,0.3787,0.3795,9027.43
2025-12-07 02:44:00,0.3793,0.3798,0.3793,0.3796,5098.18
2025-12-07 02:45:00,0.3798,0.3804,0.3796,0.3802,16461.93
2025-12-07 02:46:00,0.38,0.3806,0.38,0.3806,24991.4
2025-12-07 02:47:00,0.3804,0.3806,0.3802,0.3806,11098.69
2025-12-07 02:48:00,0.3806,0.3807,0.3804,0.3805,4612.07
2025-12-07 02:49:00,0.3807,0.3807,0.3802,0.3804,4224.87
2025-12-07 02:50:00,0.3804,0.3805,0.3802,0.3803,12227.29
2025-12-07 02:51:00,0.3803,0.3805,0.3799,0.3802,5816.18
2025-12-07 02:52:00,0.3804,0.3804,0.3799,0.3801,43166.91
2025-12-07 02:53:00,0.3799,0.3801,0.3798,0.3798,15262.5
2025-12-07 02:54:00,0.38,0.3805,0.3798,0.3804,5432.02
2025-12-07 02:55:00,0.3804,0.3808,0.3802,0.3808,4429.87
2025-12-07 02:56:00,0.3806,0.3812,0.3806,0.3812,4130.66
2025-12-07 02:57:00,0.381,0.3813,0.381,0.3813,4989.79
2025-12-07 02:58:00,0.3813,0.3813,0.3808,0.3812,3753.34
2025-12-07 02:59:00,0.381,0.3812,0.3802,0.3804,5056.78
2025-12-07 03:00:00,0.3801,0.3806,0.38,0.38,11716.78
2025-12-07 03:01:00,0.3802,0.3803,0.3796,0.3799,7033.6
2025-12-07 03:02:00,0.3797,0.3801,0.3796,0.3798,6604.91
2025-12-07 03:03:00,0.38,0.3802,0.3798,0.3799,5639.59
2025-12-07 03:04:00,0.3801,0.3803,0.3798,0.3802,4165.36
2025-12-07 03:05:00,0.3802,0.3803,0.3798,0.3801,16499.95
2025-12-07 03:06:00,0.3801,0.3808,0.3801,0.3807,3605.66
2025-12-07 03:07:00,0.3807,0.3807,0.3802,0.3802,59507.17
2025-12-07 03:08:00,0.3802,0.3806,0.3802,0.3804,6714.2
2025-12-07 03:09:00,0.3805,0.3809,0.3804,0.3808,6411.58
2025-12-07 03:10:00,0.3806,0.3809,0.3804,0.3806,7786.71
2025-12-07 03:11:00,0.3804,0.3808,0.3803,0.3806,3763.2
2025-12-07 03:12:00,0.3808,0.3812,0.3806,0.3808,4319.92
2025-12-07 03:13:00,0.381,0.381,0.3802,0.3805,8047.51
2025-12-07 03:14:00,0.3805,0.381,0.3805,0.381,7253.09
2025-12-07 03:15:00,0.3808,0.381,0.3805,0.3805,6875.82
2025-12-07 03:16:00,0.3806,0.3808,0.3804,0.3808,6002.88
2025-12-07 03:17:00,0.3806,0.3808,0.3803,0.3805,4391.44
2025-12-07 03:18:00,0.3803,0.3807,0.3803,0.3807,3835.83
2025-12-07 03:19:00,0.3807,0.3807,0.3804,0.3805,3681.83
2025-12-07 03:20:00,0.3808,0.3808,0.3799,0.3799,3553.28
2025-12-07 03:21:00,0.3801,0.3801,0.3799,0.38,16930.74
2025-12-07 03:22:00,0.38,0.38,0.3791,0.3791,7822.35
2025-12-07 03:23:00,0.3791,0.3793,0.3791,0.3791,4901.95
2025-12-07 03:24:00,0.3792,0.3794,0.3791,0.3794,4149.3
2025-12-07 03:25:00,0.3794,0.3797,0.3791,0.3795,9446.11
2025-12-07 03:26:00,0.3795,0.3798,0.3793,0.3797,4092.81
2025-12-07 03:27:00,0.3797,0.3798,0.3795,0.3797,4824.14
2025-12-07 03:28:00,0.3795,0.3797,0.3793,0.3795,5283.35
2025-12-07 03:29:00,0.3793,0.3795,0.3793,0.3793,5303.91
2025-12-07 03:30:00,0.3793,0.3795,0.3793,0.3793,3842.94
2025-12-07 03:31:00,0.3793,0.3796,0.3793,0.3794,5705.11
2025-12-07 03:32:00,0.3794,0.3796,0.3793,0.3796,3866.09
2025-12-07 03:33:00,0.3796,0.3797,0.3793,0.3793,3834.88
2025-12-07 03:34:00,0.3796,0.38,0.3794,0.3796,7298.19
2025-12-07 03:35:00,0.3798,0.3799,0.3795,0.3797,6394.27
2025-12-07 03:36:00,0.3797,0.3799,0.3794,0.3794,4030.04
2025-12-07 03:37:00,0.3794,0.3798,0.3794,0.3796,3749.85
2025-12-07 03:38:00,0.3798,0.3798,0.3794,0.3796,3599.62
2025-12-07 03:39:00,0.3794,0.3796,0.3793,0.3795,6489.54
2025-12-07 03:40:00,0.3793,0.3795,0.3791,0.3791,4304.59
2025-12-07 03:41:00,0.3791,0.3797,0.3791,0.3795,4006.03
2025-12-07 03:42:00,0.3795,0.3799,0.3794,0.3796,6278.36
2025-12-07 03:43:00,0.3796,0.3798,0.3792,0.3794,6109.13
2025-12-07 03:44:00,0.3793,0.3794,0.3786,0.3786,6673.99
2025-12-07 03:45:00,0.3788,0.3791,0.3786,0.3791,12154.4
2025-12-07 03:46:00,0.3791,0.3793,0.3789,0.3793,11621.28
2025-12-07 03:47:00,0.3791,0.3793,0.3791,0.3793,4765.3
2025-12-07 03:48:00,0.3793,0.3794,0.3791,0.3794,4256.76
2025-12-07 03:49:00,0.3792,0.38,0.3792,0.38,23324.95
2025-12-07 03:50:00,0.3801,0.3802,0.3797,0.3799,59360.83
2025-12-07 03:51:00,0.3797,0.3802,0.3797,0.3802,6423.96
2025-12-07 03:52:00,0.3802,0.3802,0.3799,0.3801,5271.03
2025-12-07 03:53:00,0.3801,0.3801,0.3797,0.3799,3780.8
2025-12-07 03:54:00,0.3797,0.3799,0.3797,0.3799,3423.94
2025-12-07 03:55:00,0.3797,0.3799,0.3794,0.3794,4505.3
2025-12-07 03:56:00,0.3794,0.3796,0.3793,0.3796,5567.89
2025-12-07 03:57:00,0.3794,0.3796,0.3793,0.3793,6893.31
2025-12-07 03:58:00,0.3793,0.3795,0.3793,0.3795,4044.36
2025-12-07 03:59:00,0.3793,0.3795,0.3793,0.3793,3726.27
2025-12-07 04:00:00,0.3794,0.3797,0.3793,0.3793,5130.85
2025-12-07 04:01:00,0.3793,0.3794,0.3786,0.3791,87173.58
2025-12-07 04:02:00,0.3793,0.3793,0.3791,0.3792,6905.56
2025-12-07 04:03:00,0.3791,0.3792,0.3791,0.3791,5503.49
2025-12-07 04:04:00,0.3792,0.3796,0.3791,0.3794,3988.21
2025-12-07 04:05:00,0.3796,0.3796,0.3793,0.3795,10628.13
2025-12-07 04:06:00,0.3795,0.3797,0.3793,0.3796,5736.49
2025-12-07 04:07:00,0.3796,0.3796,0.3793,0.3793,4355.95
2025-12-07 04:08:00,0.3795,0.3795,0.3792,0.3792,3682.96
2025-12-07 04:09:00,0.3792,0.3793,0.3788,0.3788,29594.86
2025-12-07 04:10:00,0.379,0.379,0.3784,0.3786,13181.52
2025-12-07 04:11:00,0.3786,0.3787,0.3784,0.3785,8345.01
2025-12-07 04:12:00,0.3787,0.3791,0.3785,0.3789,20402.24
2025-12-07 04:13:00,0.3789,0.3791,0.3787,0.3789,6094.94
2025-12-07 04:14:00,0.3791,0.3791,0.3787,0.3791,4410.67
2025-12-07 04:15:00,0.3791,0.3792,0.3788,0.3788,3289.89
2025-12-07 04:16:00,0.3788,0.3793,0.3788,0.3791,15181.32
2025-12-07 04:17:00,0.3791,0.3799,0.3788,0.3799,19683.76
2025-12-07 04:18:00,0.3799,0.3805,0.3797,0.3805,42496.64
2025-12-07 04:19:00,0.3803,0.3805,0.3797,0.3799,28065.19
2025-12-07 04:20:00,0.3799,0.3801,0.3796,0.3797,139139.52
2025-12-07 04:21:00,0.3797,0.3799,0.3795,0.3797,7772.33
2025-12-07 04:22:00,0.3795,0.3797,0.3794,0.3796,21550.4
2025-12-07 04:23:00,0.3796,0.3796,0.3793,0.3793,8497.53
2025-12-07 04:24:00,0.3795,0.3795,0.3793,0.3795,3581.13
2025-12-07 04:25:00,0.3793,0.3795,0.3792,0.3794,3708.32
2025-12-07 04:26:00,0.3792,0.3794,0.379,0.3792,5572.68
2025-12-07 04:27:00,0.379,0.3793,0.3789,0.3791,4298.0
2025-12-07 04:28:00,0.3791,0.3793,0.3788,0.3788,13393.69
2025-12-07 04:29:00,0.379,0.379,0.3786,0.3786,5523.85
2025-12-07 04:30:00,0.3788,0.3789,0.3786,0.3788,3386.75
2025-12-07 04:31:00,0.3788,0.3788,0.3785,0.3786,4156.28
2025-12-07 04:32:00,0.3786,0.3787,0.3782,0.3785,7722.54
2025-12-07 04:33:00,0.3785,0.3786,0.3782,0.3782,5197.55
2025-12-07 04:34:00,0.3782,0.3784,0.3782,0.3782,4578.74
2025-12-07 04:35:00,0.3782,0.3784,0.3782,0.3784,5315.58
2025-12-07 04:36:00,0.3783,0.3784,0.3771,0.3772,25631.05
2025-12-07 04:37:00,0.3772,0.3774,0.3766,0.3768,98286.22
2025-12-07 04:38:00,0.3768,0.3772,0.3768,0.3771,59496.94
2025-12-07 04:39:00,0.3769,0.3771,0.3768,0.3768,21456.67
2025-12-07 04:40:00,0.3768,0.3772,0.3766,0.3766,6278.44
2025-12-07 04:41:00,0.3766,0.3767,0.3763,0.3765,8523.09
2025-12-07 04:42:00,0.3765,0.377,0.3765,0.377,9883.22
2025-12-07 04:43:00,0.377,0.377,0.3767,0.3768,17838.5
2025-12-07 04:44:00,0.377,0.3771,0.3767,0.377,10898.1
2025-12-07 04:45:00,0.377,0.3771,0.3767,0.3769,7124.88
2025-12-07 04:46:00,0.3769,0.3771,0.3767,0.3769,4873.22
2025-12-07 04:47:00,0.3769,0.3771,0.3767,0.3771,6860.97
2025-12-07 04:48:00,0.3771,0.3775,0.3769,0.3773,4909.21
2025-12-07 04:49:00,0.3773,0.3775,0.3772,0.3772,6265.92
2025-12-07 04:50:00,0.3774,0.3774,0.3771,0.3772,7200.4
2025-12-07 04:51:00,0.3774,0.3775,0.3771,0.3771,7760.4
2025-12-07 04:52:00,0.3773,0.3774,0.3771,0.3771,4028.45
2025-12-07 04:53:00,0.3773,0.3773,0.3769,0.3771,3542.45
2025-12-07 04:54:00,0.3771,0.3772,0.3769,0.3772,6270.83
2025-12-07 04:55:00,0.3772,0.3772,0.377,0.3772,4629.94
2025-12-07 04:56:00,0.3772,0.3772,0.377,0.3772,3866.83
2025-12-07 04:57:00,0.3772,0.3772,0.3766,0.3766,3616.42
2025-12-07 04:58:00,0.3768,0.3771,0.3766,0.3768,5660.77
2025-12-07 04:59:00,0.3768,0.377,0.3768,0.3768,8557.56
2025-12-07 05:00:00,0.3768,0.3773,0.3768,0.3773,7376.04
2025-12-07 05:01:00,0.3774,0.3774,0.3771,0.3772,4047.67
2025-12-07 05:02:00,0.3775,0.3776,0.3772,0.3772,5488.55
2025-12-07 05:03:00,0.3775,0.3781,0.3773,0.3778,17083.77
2025-12-07 05:04:00,0.378,0.378,0.3772,0.3772,88450.88
2025-12-07 05:05:00,0.3774,0.3779,0.3772,0.3779,34359.09
2025-12-07 05:06:00,0.3779,0.3779,0.3775,0.3775,5313.58
2025-12-07 05:07:00,0.3777,0.3777,0.3773,0.3773,5588.58
2025-12-07 05:08:00,0.3773,0.3775,0.377,0.377,4639.45
2025-12-07 05:09:00,0.377,0.3773,0.3769,0.3771,3738.97
2025-12-07 05:10:00,0.3773,0.3773,0.3768,0.3768,6727.6
2025-12-07 05:11:00,0.377,0.3775,0.3768,0.3773,5017.4
2025-12-07 05:12:00,0.3773,0.3775,0.3773,0.3773,6986.22
2025-12-07 05:13:00,0.3773,0.3775,0.3773,0.3775,3981.1
2025-12-07 05:14:00,0.3775,0.3778,0.3773,0.3778,4268.41
2025-12-07 05:15:00,0.3778,0.3778,0.3776,0.3776,4116.99
2025-12-07 05:16:00,0.3776,0.3779,0.3776,0.3777,3741.71
2025-12-07 05:17:00,0.3779,0.3779,0.3777,0.3777,6113.79
2025-12-07 05:18:00,0.3777,0.3777,0.3767,0.3768,5186.47
2025-12-07 05:19:00,0.377,0.3774,0.3768,0.3769,8298.49
2025-12-07 05:20:00,0.3769,0.3771,0.3769,0.3771,11481.67
2025-12-07 05:21:00,0.3769,0.3773,0.3768,0.3772,7775.98
2025-12-07 05:22:00,0.377,0.3772,0.3767,0.3771,13887.0
2025-12-07 05:23:00,0.3769,0.3771,0.3769,0.3769,16997.06
2025-12-07 05:24:00,0.3769,0.3774,0.3769,0.3774,3638.96
2025-12-07 05:25:00,0.3774,0.3784,0.3772,0.3783,3516.71
2025-12-07 05:26:00,0.3783,0.3791,0.3783,0.3786,25576.76
2025-12-07 05:27:00,0.3788,0.3791,0.3783,0.379,26578.13
2025-12-07 05:28:00,0.3791,0.3791,0.3785,0.3788,13468.68
2025-12-07 05:29:00,0.379,0.379,0.3784,0.3787,7001.59
2025-12-07 05:30:00,0.3787,0.3793,0.3787,0.3791,13880.09
2025-12-07 05:31:00,0.3791,0.3794,0.3791,0.3791,9580.17
2025-12-07 05:32:00,0.3791,0.3794,0.3791,0.3794,7830.67
2025-12-07 05:33:00,0.3793,0.3794,0.3789,0.3789,6165.33
2025-12-07 05:34:00,0.3791,0.3791,0.3786,0.3789,9721.01
2025-12-07 05:35:00,0.3787,0.3792,0.3787,0.379,5347.99
2025-12-07 05:36:00,0.3792,0.3792,0.3787,0.3789,5825.0
2025-12-07 05:37:00,0.3789,0.3789,0.3783,0.3783,11949.47
2025-12-07 05:38:00,0.3785,0.3789,0.3784,0.3789,5516.12
2025-12-07 05:39:00,0.3787,0.379,0.3786,0.379,4130.27
2025-12-07 05:40:00,0.379,0.3791,0.3788,0.3789,5692.47
2025-12-07 05:41:00,0.3791,0.3801,0.3789,0.3801,4372.46
2025-12-07 05:42:00,0.3799,0.3805,0.3799,0.3805,11261.41
2025-12-07 05:43:00,0.3806,0.3806,0.3801,0.3804,8901.71
2025-12-07 05:44:00,0.3807,0.3808,0.3802,0.3802,5167.04
2025-12-07 05:45:00,0.3804,0.3806,0.38,0.3803,11865.97
2025-12-07 05:46:00,0.3803,0.3806,0.3798,0.38,11625.02
2025-12-07 05:47:00,0.3802,0.3803,0.3797,0.3801,5538.27
2025-12-07 05:48:00,0.3799,0.3802,0.3797,0.3797,3760.23
2025-12-07 05:49:00,0.3799,0.3801,0.3793,0.3793,3718.06
2025-12-07 05:50:00,0.3793,0.3796,0.3793,0.3795,3632.76
2025-12-07 05:51:00,0.3795,0.3798,0.3793,0.3797,4444.03
2025-12-07 05:52:00,0.3795,0.3797,0.3792,0.3793,3817.51
2025-12-07 05:53:00,0.3795,0.3796,0.3793,0.3794,5915.39
2025-12-07 05:54:00,0.3796,0.3798,0.3794,0.3798,4393.78
2025-12-07 05:55:00,0.3798,0.3801,0.3795,0.3799,3571.46
2025-12-07 05:56:00,0.3797,0.3803,0.3797,0.3801,9561.02
2025-12-07 05:57:00,0.3803,0.3803,0.3798,0.3798,9535.37
2025-12-07 05:58:00,0.38,0.38,0.3796,0.3796,4663.0
2025-12-07 05:59:00,0.3798,0.3798,0.3796,0.3796,7245.45
2025-12-07 06:00:00,0.3798,0.3801,0.3796,0.3798,5032.91
2025-12-07 06:01:00,0.38,0.3803,0.3798,0.3799,6171.95
2025-12-07 06:02:00,0.3799,0.3801,0.3796,0.3798,7782.05
2025-12-07 06:03:00,0.3796,0.3802,0.3796,0.3802,4787.66
2025-12-07 06:04:00,0.3802,0.3802,0.3799,0.3799,5583.72
2025-12-07 06:05:00,0.3801,0.3804,0.3799,0.3804,4066.66
2025-12-07 06:06:00,0.3804,0.3806,0.3802,0.3805,8260.04
2025-12-07 06:07:00,0.3803,0.3808,0.3803,0.3807,5139.22
2025-12-07 06:08:00,0.3808,0.3814,0.3807,0.3814,5406.87
2025-12-07 06:09:00,0.3812,0.3814,0.3804,0.3804,8799.39
2025-12-07 06:10:00,0.3806,0.381,0.3804,0.3807,6901.37
2025-12-07 06:11:00,0.3809,0.3809,0.3805,0.3807,33875.65
2025-12-07 06:12:00,0.3805,0.381,0.3803,0.3809,8405.05
2025-12-07 06:13:00,0.3809,0.3809,0.3803,0.3805,5068.54
2025-12-07 06:14:00,0.3803,0.3809,0.3803,0.3807,5200.84
2025-12-07 06:15:00,0.3807,0.3809,0.3803,0.3809,4993.73
2025-12-07 06:16:00,0.3809,0.3809,0.3802,0.3804,4396.13
2025-12-07 06:17:00,0.3802,0.3807,0.3802,0.3807,5817.03
2025-12-07 06:18:00,0.3805,0.3807,0.38,0.38,4298.01
2025-12-07 06:19:00,0.38,0.3802,0.3799,0.3799,3864.72
2025-12-07 06:20:00,0.3801,0.3809,0.3799,0.3807,3522.06
2025-12-07 06:21:00,0.3809,0.3809,0.38,0.3802,5838.43
2025-12-07 06:22:00,0.3802,0.3802,0.3798,0.38,11455.14
2025-12-07 06:23:00,0.3802,0.3802,0.38,0.3802,4933.54
2025-12-07 06:24:00,0.3802,0.3802,0.38,0.38,3563.71
2025-12-07 06:25:00,0.3802,0.3803,0.3799,0.3803,3504.84
2025-12-07 06:26:00,0.3803,0.3809,0.3801,0.3809,3380.53
2025-12-07 06:27:00,0.3809,0.3814,0.3807,0.3812,4219.52
2025-12-07 06:28:00,0.3812,0.3814,0.3808,0.3809,8989.36
2025-12-07 06:29:00,0.3809,0.3811,0.3808,0.3809,17898.22
2025-12-07 06:30:00,0.3809,0.3811,0.3804,0.3804,6959.76
2025-12-07 06:31:00,0.3804,0.3809,0.3802,0.3804,12952.11
2025-12-07 06:32:00,0.3802,0.3806,0.3801,0.3804,12880.03
2025-12-07 06:33:00,0.3802,0.3807,0.3802,0.3805,4063.4
2025-12-07 06:34:00,0.3805,0.3809,0.3805,0.3809,3977.08
2025-12-07 06:35:00,0.3807,0.3809,0.3806,0.3808,4020.38
2025-12-07 06:36:00,0.3806,0.3808,0.3804,0.3805,3567.92
2025-12-07 06:37:00,0.3807,0.3807,0.38,0.3802,4723.31
2025-12-07 06:38:00,0.38,0.3802,0.3799,0.3802,4387.67
2025-12-07 06:39:00,0.38,0.3803,0.38,0.3802,3922.39
2025-12-07 06:40:00,0.38,0.3804,0.38,0.3802,3784.42
2025-12-07 06:41:00,0.3802,0.3808,0.3802,0.3806,3691.85
2025-12-07 06:42:00,0.3808,0.3808,0.3806,0.3806,10824.64
2025-12-07 06:43:00,0.3808,0.3808,0.3806,0.3806,4187.2
2025-12-07 06:44:00,0.3806,0.3808,0.3805,0.3805,13091.18
2025-12-07 06:45:00,0.3805,0.3809,0.3805,0.3807,4684.81
2025-12-07 06:46:00,0.3809,0.381,0.3807,0.3808,4316.49
2025-12-07 06:47:00,0.381,0.381,0.3805,0.3805,3762.01
2025-12-07 06:48:00,0.3805,0.3807,0.3801,0.3803,4494.95
2025-12-07 06:49:00,0.3801,0.3805,0.3801,0.3804,5166.53
2025-12-07 06:50:00,0.3802,0.3804,0.3801,0.3802,4088.05
2025-12-07 06:51:00,0.3801,0.3805,0.3801,0.3801,59340.5
2025-12-07 06:52:00,0.3801,0.3804,0.3801,0.3804,3770.52
2025-12-07 06:53:00,0.3804,0.3804,0.3802,0.3802,5642.36
2025-12-07 06:54:00,0.3802,0.3804,0.3801,0.3803,4139.79
2025-12-07 06:55:00,0.3801,0.3805,0.38,0.3803,15254.85
2025-12-07 06:56:00,0.3805,0.3806,0.3803,0.3804,3943.32
2025-12-07 06:57:00,0.3806,0.3806,0.3802,0.3806,3244.91
2025-12-07 06:58:00,0.3804,0.3809,0.3804,0.3805,3428.22
2025-12-07 06:59:00,0.3805,0.3807,0.3805,0.3807,10665.94
2025-12-07 07:00:00,0.3807,0.3812,0.3805,0.381,4124.39
2025-12-07 07:01:00,0.3812,0.3812,0.3806,0.3806,11656.1
2025-12-07 07:02:00,0.3806,0.3808,0.3801,0.3806,12500.49
2025-12-07 07:03:00,0.3807,0.381,0.3805,0.381,7982.27
2025-12-07 07:04:00,0.381,0.381,0.3802,0.3807,6260.05
2025-12-07 07:05:00,0.3805,0.3809,0.3804,0.3806,7574.43
2025-12-07 07:06:00,0.3806,0.3806,0.38,0.3804,4295.24
2025-12-07 07:07:00,0.3802,0.3804,0.3801,0.3801,4482.5
2025-12-07 07:08:00,0.3803,0.3805,0.3801,0.3805,4869.95
2025-12-07 07:09:00,0.3803,0.3805,0.3802,0.3802,26475.44
2025-12-07 07:10:00,0.3802,0.3804,0.3794,0.3794,13952.73
2025-12-07 07:11:00,0.3794,0.3795,0.3785,0.3785,138874.87
2025-12-07 07:12:00,0.3787,0.3788,0.3785,0.3785,26248.05
2025-12-07 07:13:00,0.3787,0.3791,0.3785,0.3789,27265.19
2025-12-07 07:14:00,0.3789,0.3791,0.3787,0.3789,8098.61
2025-12-07 07:15:00,0.3791,0.3797,0.3789,0.3794,4786.93
2025-12-07 07:16:00,0.3797,0.3799,0.3795,0.3799,8218.46
2025-12-07 07:17:00,0.3799,0.3799,0.3793,0.3795,10534.3
2025-12-07 07:18:00,0.3795,0.3796,0.3793,0.3795,4089.51
2025-12-07 07:19:00,0.3793,0.3795,0.3789,0.3795,25592.93
2025-12-07 07:20:00,0.3795,0.3797,0.3793,0.3797,4969.78
2025-12-07 07:21:00,0.3795,0.3797,0.3791,0.3793,4127.98
2025-12-07 07:22:00,0.3791,0.3793,0.3789,0.3791,3672.63
2025-12-07 07:23:00,0.3791,0.3795,0.3791,0.3795,3648.66
2025-12-07 07:24:00,0.3795,0.3795,0.3791,0.3792,5708.73
2025-12-07 07:25:00,0.3794,0.3794,0.379,0.379,4796.85
2025-12-07 07:26:00,0.379,0.3793,0.3787,0.3787,3960.76
2025-12-07 07:27:00,0.3787,0.379,0.3786,0.379,14695.15
2025-12-07 07:28:00,0.3788,0.379,0.3786,0.3786,3988.17
2025-12-07 07:29:00,0.3788,0.379,0.3785,0.3788,19697.4
2025-12-07 07:30:00,0.379,0.379,0.3785,0.3785,11346.45
2025-12-07 07:31:00,0.3785,0.3787,0.3782,0.3784,19233.12
2025-12-07 07:32:00,0.3782,0.3784,0.3782,0.3784,4351.18
2025-12-07 07:33:00,0.3782,0.3784,0.3778,0.3778,3636.82
2025-12-07 07:34:00,0.3779,0.3789,0.3778,0.3787,10763.15
2025-12-07 07:35:00,0.3787,0.3789,0.3784,0.3786,8291.32
2025-12-07 07:36:00,0.3784,0.3786,0.3774,0.3776,15840.42
2025-12-07 07:37:00,0.3776,0.3781,0.3774,0.3779,14129.15
2025-12-07 07:38:00,0.3779,0.3783,0.3778,0.3779,7384.18
2025-12-07 07:39:00,0.3779,0.3783,0.3779,0.3783,7490.27
2025-12-07 07:40:00,0.3781,0.3783,0.3778,0.378,4953.9
2025-12-07 07:41:00,0.3778,0.3783,0.3778,0.3783,4139.59
2025-12-07 07:42:00,0.3781,0.3784,0.3779,0.3784,4193.87
2025-12-07 07:43:00,0.3782,0.3784,0.3779,0.3782,4044.0
2025-12-07 07:44:00,0.3784,0.3784,0.3781,0.3783,4127.54
2025-12-07 07:45:00,0.3783,0.3783,0.3777,0.3778,5971.56
2025-12-07 07:46:00,0.378,0.3787,0.3777,0.3786,7271.23
2025-12-07 07:47:00,0.3784,0.3788,0.3784,0.3785,13060.34
2025-12-07 07:48:00,0.3788,0.3788,0.3785,0.3785,4310.09
2025-12-07 07:49:00,0.3783,0.3784,0.378,0.378,3706.15
2025-12-07 07:50:00,0.378,0.3789,0.378,0.3789,7187.77
2025-12-07 07:51:00,0.3787,0.3789,0.3776,0.3776,9585.32
2025-12-07 07:52:00,0.3778,0.378,0.3775,0.3777,8355.31
2025-12-07 07:53:00,0.3775,0.3779,0.3774,0.3776,97571.93
2025-12-07 07:54:00,0.3778,0.3778,0.3774,0.3776,5114.55
2025-12-07 07:55:00,0.3775,0.3777,0.377,0.3772,5404.86
2025-12-07 07:56:00,0.3772,0.3772,0.3765,0.3768,28954.57
2025-12-07 07:57:00,0.3766,0.377,0.3766,0.3767,13541.22
2025-12-07 07:58:00,0.3768,0.3772,0.3766,0.3772,189355.46
2025-12-07 07:59:00,0.377,0.3773,0.3769,0.3773,4082.94
2025-12-07 08:00:00,0.3771,0.3773,0.3767,0.3769,5810.45
2025-12-07 08:01:00,0.3767,0.3772,0.3765,0.3768,9459.35
2025-12-07 08:02:00,0.377,0.3772,0.3768,0.377,7409.91
2025-12-07 08:03:00,0.3772,0.3772,0.3768,0.3768,5587.15
2025-12-07 08:04:00,0.377,0.377,0.3765,0.3767,15897.88
2025-12-07 08:05:00,0.3766,0.3767,0.3757,0.376,41157.97
2025-12-07 08:06:00,0.376,0.376,0.3752,0.3757,35628.6
2025-12-07 08:07:00,0.3754,0.3759,0.3754,0.3757,31105.58
2025-12-07 08:08:00,0.3758,0.3763,0.3758,0.3762,12039.2
2025-12-07 08:09:00,0.3762,0.3763,0.3757,0.3759,8466.77
2025-12-07 08:10:00,0.3757,0.3759,0.3755,0.3755,31709.25
2025-12-07 08:11:00,0.3755,0.3757,0.3751,0.3753,28909.85
2025-12-07 08:12:00,0.3755,0.3755,0.3752,0.3752,23221.23
2025-12-07 08:13:00,0.3752,0.3754,0.3745,0.3745,29480.81
2025-12-07 08:14:00,0.3745,0.375,0.3745,0.3748,23508.45
2025-12-07 08:15:00,0.3749,0.375,0.3745,0.3745,71450.66
2025-12-07 08:16:00,0.3745,0.3756,0.3745,0.3753,15901.18
2025-12-07 08:17:00,0.3755,0.3755,0.375,0.3752,14346.4
2025-12-07 08:18:00,0.3752,0.3754,0.3745,0.3745,13310.44
2025-12-07 08:19:00,0.3747,0.375,0.3745,0.3748,24218.38
2025-12-07 08:20:00,0.3748,0.375,0.3743,0.3745,14561.85
2025-12-07 08:21:00,0.3743,0.3747,0.3739,0.3741,30975.56
2025-12-07 08:22:00,0.3741,0.3744,0.3741,0.3743,21267.29
2025-12-07 08:23:00,0.3741,0.3746,0.3741,0.3743,114211.08
2025-12-07 08:24:00,0.3741,0.3748,0.3741,0.3748,16157.49
2025-12-07 08:25:00,0.3746,0.375,0.3746,0.3748,13618.98
2025-12-07 08:26:00,0.3746,0.3748,0.3745,0.3747,26584.74
2025-12-07 08:27:00,0.3747,0.3749,0.3745,0.3748,4661.03
2025-12-07 08:28:00,0.3749,0.3752,0.3747,0.3752,5051.22
2025-12-07 08:29:00,0.375,0.3752,0.3748,0.3748,8588.14
2025-12-07 08:30:00,0.3748,0.375,0.3746,0.3749,9053.06
2025-12-07 08:31:00,0.3749,0.3751,0.3746,0.3749,7839.32
2025-12-07 08:32:00,0.3751,0.3752,0.3748,0.375,8447.44
2025-12-07 08:33:00,0.3752,0.3752,0.3749,0.375,8967.61
2025-12-07 08:34:00,0.375,0.3753,0.3746,0.3748,10062.88
2025-12-07 08:35:00,0.3746,0.3751,0.3746,0.3751,8056.2
2025-12-07 08:36:00,0.3751,0.3755,0.3749,0.3751,7800.03
2025-12-07 08:37:00,0.3753,0.3762,0.3751,0.3762,36075.75
2025-12-07 08:38:00,0.3762,0.3762,0.3756,0.3756,6890.21
2025-12-07 08:39:00,0.3755,0.3758,0.3753,0.3756,4476.66
2025-12-07 08:40:00,0.3758,0.3759,0.3755,0.3758,3775.56
2025-12-07 08:41:00,0.3758,0.3762,0.3756,0.376,19211.85
2025-12-07 08:42:00,0.3758,0.3761,0.3757,0.3759,15994.51
2025-12-07 08:43:00,0.3759,0.3761,0.3753,0.3753,6313.79
2025-12-07 08:44:00,0.3753,0.3756,0.3753,0.3756,5590.59
2025-12-07 08:45:00,0.3756,0.3756,0.3753,0.3755,4087.36
2025-12-07 08:46:00,0.3753,0.3754,0.3744,0.3746,10440.98
2025-12-07 08:47:00,0.3746,0.3747,0.3744,0.3746,17664.75
2025-12-07 08:48:00,0.3746,0.3746,0.3743,0.3743,12115.43
2025-12-07 08:49:00,0.3743,0.3748,0.3743,0.3746,8995.26
2025-12-07 08:50:00,0.3748,0.3749,0.3745,0.3747,5383.28
2025-12-07 08:51:00,0.3747,0.3748,0.3745,0.3747,5387.23
2025-12-07 08:52:00,0.3747,0.3748,0.3745,0.3748,4239.29
2025-12-07 08:53:00,0.3748,0.3748,0.3746,0.3746,3671.02
2025-12-07 08:54:00,0.3748,0.3748,0.3741,0.3742,31391.92
2025-12-07 08:55:00,0.3744,0.3744,0.3735,0.3736,30346.17
2025-12-07 08:56:00,0.3736,0.3739,0.3735,0.3737,43029.85
2025-12-07 08:57:00,0.3736,0.3739,0.3733,0.3735,135802.85
2025-12-07 08:58:00,0.3733,0.3736,0.3733,0.3733,6225.03
2025-12-07 08:59:00,0.3733,0.3735,0.3733,0.3735,8184.01
2025-12-07 09:00:00,0.3733,0.3735,0.3732,0.3733,4626.83
2025-12-07 09:01:00,0.3733,0.3737,0.3733,0.3734,14397.28
2025-12-07 09:02:00,0.3734,0.3742,0.3734,0.3741,7048.39
2025-12-07 09:03:00,0.3739,0.3743,0.3739,0.3743,9588.33
2025-12-07 09:04:00,0.3743,0.3743,0.3738,0.374,6484.12
2025-12-07 09:05:00,0.3738,0.3741,0.3738,0.3738,6074.02
2025-12-07 09:06:00,0.3738,0.3742,0.3736,0.3736,6139.26
2025-12-07 09:07:00,0.3736,0.3738,0.3734,0.3736,5831.76
2025-12-07 09:08:00,0.3734,0.3739,0.3734,0.3737,12922.49
2025-12-07 09:09:00,0.3739,0.3739,0.3736,0.3738,7114.27
2025-12-07 09:10:00,0.3738,0.3738,0.3732,0.3734,6687.43
2025-12-07 09:11:00,0.3734,0.3737,0.3732,0.3734,5608.23
2025-12-07 09:12:00,0.3734,0.3738,0.3734,0.3738,16924.63
2025-12-07 09:13:00,0.3738,0.3739,0.3736,0.3737,6926.99
2025-12-07 09:14:00,0.3739,0.3739,0.3737,0.3737,4043.58
2025-12-07 09:15:00,0.3737,0.3742,0.3737,0.3742,6417.27
2025-12-07 09:16:00,0.374,0.3742,0.3734,0.3734,5843.12
2025-12-07 09:17:00,0.3734,0.3738,0.3734,0.3736,7873.22
2025-12-07 09:18:00,0.3736,0.3738,0.3734,0.3734,4925.43
2025-12-07 09:19:00,0.3736,0.3736,0.3729,0.3732,13279.21
2025-12-07 09:20:00,0.373,0.3735,0.3725,0.3725,7418.18
2025-12-07 09:21:00,0.3725,0.3725,0.3719,0.3719,27834.51
2025-12-07 09:22:00,0.3721,0.3725,0.372,0.3724,42843.39
2025-12-07 09:23:00,0.3722,0.3727,0.3722,0.3726,15218.1
2025-12-07 09:24:00,0.3726,0.3726,0.3717,0.372,16873.92
2025-12-07 09:25:00,0.372,0.3722,0.3717,0.3718,12425.78
2025-12-07 09:26:00,0.3717,0.3723,0.3716,0.372,29810.32
2025-12-07 09:27:00,0.372,0.3722,0.3718,0.3718,15501.29
2025-12-07 09:28:00,0.3718,0.3721,0.3718,0.372,12123.99
2025-12-07 09:29:00,0.3718,0.3724,0.3718,0.3724,43920.52
2025-12-07 09:30:00,0.3722,0.3724,0.3719,0.3724,6659.22
2025-12-07 09:31:00,0.3724,0.3726,0.3722,0.3726,14612.24
2025-12-07 09:32:00,0.3724,0.3725,0.3722,0.3722,10155.13
2025-12-07 09:33:00,0.3724,0.3724,0.3722,0.3724,10254.33
2025-12-07 09:34:00,0.3724,0.3727,0.3722,0.3725,6018.66
2025-12-07 09:35:00,0.3725,0.3728,0.3725,0.3725,15937.09
2025-12-07 09:36:00,0.3727,0.3727,0.3717,0.3721,12836.64
2025-12-07 09:37:00,0.3723,0.3725,0.3721,0.3723,15951.01
2025-12-07 09:38:00,0.3725,0.3725,0.372,0.3721,9592.88
2025-12-07 09:39:00,0.3723,0.3725,0.3718,0.372,7810.55
2025-12-07 09:40:00,0.3716,0.3718,0.3715,0.3716,8141.43
2025-12-07 09:41:00,0.3716,0.3722,0.3716,0.372,4665.58
2025-12-07 09:42:00,0.372,0.3724,0.372,0.3722,10030.7
2025-12-07 09:43:00,0.3722,0.3723,0.3718,0.3723,4836.91
2025-12-07 09:44:00,0.3723,0.3724,0.3721,0.3724,4830.59
2025-12-07 09:45:00,0.3722,0.3726,0.3722,0.3726,6020.23
2025-12-07 09:46:00,0.3724,0.3727,0.3722,0.3723,4847.12
2025-12-07 09:47:00,0.3723,0.3725,0.372,0.3721,7758.12
2025-12-07 09:48:00,0.3723,0.3724,0.3718,0.3719,7760.0
2025-12-07 09:49:00,0.3719,0.3719,0.371,0.3713,16559.86
2025-12-07 09:50:00,0.3711,0.3718,0.3711,0.3715,26843.39
2025-12-07 09:51:00,0.3717,0.3717,0.3713,0.3713,17862.61
2025-12-07 09:52:00,0.3715,0.3718,0.3713,0.3716,10279.97
2025-12-07 09:53:00,0.3714,0.3718,0.3714,0.3716,4861.06
2025-12-07 09:54:00,0.3716,0.3721,0.3716,0.3721,5670.21
2025-12-07 09:55:00,0.3719,0.3721,0.3718,0.3718,11566.94
2025-12-07 09:56:00,0.3718,0.3722,0.3718,0.372,4902.87
2025-12-07 09:57:00,0.3722,0.3724,0.372,0.3722,8098.75
2025-12-07 09:58:00,0.3722,0.3722,0.3718,0.372,5840.37
2025-12-07 09:59:00,0.3718,0.3722,0.3718,0.372,5045.7
2025-12-07 10:00:00,0.3722,0.3722,0.3718,0.3718,4206.21
2025-12-07 10:01:00,0.3718,0.3722,0.3718,0.372,6895.72
2025-12-07 10:02:00,0.372,0.3724,0.372,0.3722,5454.41
2025-12-07 10:03:00,0.3722,0.3724,0.3718,0.372,5839.1
2025-12-07 10:04:00,0.3718,0.3723,0.3718,0.3723,7771.02
2025-12-07 10:05:00,0.3723,0.3724,0.3721,0.3724,3953.85
2025-12-07 10:06:00,0.3722,0.3724,0.372,0.3722,5463.93
2025-12-07 10:07:00,0.3722,0.3725,0.372,0.3723,12882.87
2025-12-07 10:08:00,0.3723,0.3726,0.3722,0.3724,8334.97
2025-12-07 10:09:00,0.3724,0.3727,0.3722,0.3726,5955.12
2025-12-07 10:10:00,0.3726,0.3731,0.3724,0.3731,25058.17
2025-12-07 10:11:00,0.3731,0.3736,0.3729,0.3733,16702.48
2025-12-07 10:12:00,0.3733,0.3735,0.3731,0.3735,12656.63
2025-12-07 10:13:00,0.3735,0.3738,0.3733,0.3734,5173.85
2025-12-07 10:14:00,0.3736,0.3738,0.3733,0.3737,23526.26
2025-12-07 10:15:00,0.3735,0.3737,0.3732,0.3733,9915.84
2025-12-07 10:16:00,0.3733,0.3735,0.3728,0.3731,5855.04
2025-12-07 10:17:00,0.3731,0.3732,0.3729,0.3732,6185.85
2025-12-07 10:18:00,0.3732,0.3737,0.373,0.3733,4161.95
2025-12-07 10:19:00,0.3735,0.3735,0.3731,0.3734,5857.17
2025-12-07 10:20:00,0.3732,0.3734,0.373,0.3732,8594.73
2025-12-07 10:21:00,0.373,0.3736,0.373,0.3735,15458.19
2025-12-07 10:22:00,0.3735,0.3735,0.3729,0.3729,6566.24
2025-12-07 10:23:00,0.3729,0.3731,0.3727,0.373,15972.37
2025-12-07 10:24:00,0.3728,0.3735,0.3728,0.3732,11809.72
2025-12-07 10:25:00,0.373,0.3732,0.3728,0.373,5371.61
2025-12-07 10:26:00,0.373,0.3734,0.373,0.3732,4404.13
2025-12-07 10:27:00,0.373,0.3732,0.373,0.3732,9576.7
2025-12-07 10:28:00,0.373,0.3732,0.373,0.373,10362.2
2025-12-07 10:29:00,0.373,0.3732,0.3726,0.3728,3351.26
2025-12-07 10:30:00,0.373,0.3732,0.3726,0.3728,24870.06
2025-12-07 10:31:00,0.3726,0.3728,0.3721,0.3721,10309.55
2025-12-07 10:32:00,0.3723,0.3723,0.3715,0.3717,5751.39
2025-12-07 10:33:00,0.3715,0.372,0.3715,0.372,4914.11
2025-12-07 10:34:00,0.3718,0.372,0.3717,0.3718,12288.41
2025-12-07 10:35:00,0.3718,0.3722,0.3718,0.3719,9348.62
2025-12-07 10:36:00,0.3721,0.3723,0.3719,0.372,5748.15
2025-12-07 10:37:00,0.3722,0.3722,0.3717,0.3717,5011.5
2025-12-07 10:38:00,0.3716,0.372,0.3715,0.372,5739.65
2025-12-07 10:39:00,0.372,0.3722,0.3718,0.3722,4539.04
2025-12-07 10:40:00,0.372,0.3729,0.372,0.3727,6288.61
2025-12-07 10:41:00,0.3729,0.3732,0.3726,0.3729,8784.69
2025-12-07 10:42:00,0.3731,0.3732,0.3727,0.3728,17526.26
2025-12-07 10:43:00,0.3728,0.3731,0.3728,0.3731,3998.48
2025-12-07 10:44:00,0.3731,0.3731,0.3727,0.3729,3873.66
2025-12-07 10:45:00,0.3727,0.3729,0.3724,0.3724,6121.47
2025-12-07 10:46:00,0.3724,0.3732,0.3724,0.373,4555.09
2025-12-07 10:47:00,0.373,0.3732,0.3728,0.373,7160.92
2025-12-07 10:48:00,0.3728,0.3731,0.3726,0.3731,9925.19
2025-12-07 10:49:00,0.3731,0.3736,0.3729,0.3733,4423.61
2025-12-07 10:50:00,0.3734,0.3734,0.373,0.3734,6931.21
2025-12-07 10:51:00,0.3732,0.3736,0.3728,0.373,21182.42
2025-12-07 10:52:00,0.3728,0.3734,0.3728,0.3733,6435.79
2025-12-07 10:53:00,0.3733,0.3733,0.3726,0.3728,7237.07
2025-12-07 10:54:00,0.3728,0.3728,0.3725,0.3727,5412.72
2025-12-07 10:55:00,0.3727,0.3727,0.3724,0.3725,6269.28
2025-12-07 10:56:00,0.3727,0.3728,0.3721,0.3723,5281.26
2025-12-07 10:57:00,0.3721,0.3723,0.3719,0.3721,10224.68
2025-12-07 10:58:00,0.3719,0.3723,0.3719,0.372,4623.41
2025-12-07 10:59:00,0.372,0.3722,0.3716,0.3717,5550.68
2025-12-07 11:00:00,0.3719,0.3721,0.3717,0.372,19962.54
2025-12-07 11:01:00,0.372,0.3725,0.3718,0.3723,6533.13
2025-12-07 11:02:00,0.3725,0.3725,0.3722,0.3722,7439.48
2025-12-07 11:03:00,0.3724,0.3728,0.3722,0.3727,5035.94
2025-12-07 11:04:00,0.3725,0.3728,0.3725,0.3725,5121.77
2025-12-07 11:05:00,0.3727,0.3727,0.3722,0.3722,4458.92
2025-12-07 11:06:00,0.3724,0.3727,0.3722,0.3727,3806.09
2025-12-07 11:07:00,0.3727,0.3728,0.3725,0.3728,4626.25
2025-12-07 11:08:00,0.3726,0.3729,0.3726,0.3729,6394.53
2025-12-07 11:09:00,0.3727,0.373,0.3727,0.373,3877.36
2025-12-07 11:10:00,0.373,0.373,0.3727,0.3729,3910.62
2025-12-07 11:11:00,0.3727,0.3731,0.3727,0.3731,5326.05
2025-12-07 11:12:00,0.3731,0.3731,0.3727,0.3729,4526.78
2025-12-07 11:13:00,0.3729,0.3731,0.3727,0.3731,3837.31
2025-12-07 11:14:00,0.3731,0.3734,0.3729,0.3734,4164.96
2025-12-07 11:15:00,0.3732,0.3736,0.3732,0.3732,6342.93
2025-12-07 11:16:00,0.3732,0.3735,0.3731,0.3734,46772.2
2025-12-07 11:17:00,0.3734,0.3735,0.3732,0.3735,17085.44
2025-12-07 11:18:00,0.3733,0.3737,0.3733,0.3733,4445.54
2025-12-07 11:19:00,0.3735,0.3737,0.3732,0.3734,4610.64
2025-12-07 11:20:00,0.3732,0.3734,0.373,0.3732,4051.53
2025-12-07 11:21:00,0.373,0.3735,0.373,0.3733,4306.67
2025-12-07 11:22:00,0.3735,0.374,0.3733,0.3738,3821.4
2025-12-07 11:23:00,0.374,0.3742,0.3738,0.374,7217.27
2025-12-07 11:24:00,0.374,0.3742,0.3738,0.374,4738.77
2025-12-07 11:25:00,0.374,0.3741,0.3738,0.3741,4689.41
2025-12-07 11:26:00,0.3741,0.3741,0.3739,0.3739,17497.7
2025-12-07 11:27:00,0.374,0.374,0.3738,0.374,4108.98
2025-12-07 11:28:00,0.374,0.374,0.3733,0.3733,4095.12
2025-12-07 11:29:00,0.3733,0.3735,0.3731,0.3735,5398.9
2025-12-07 11:30:00,0.3735,0.374,0.3733,0.3738,4347.66
2025-12-07 11:31:00,0.3738,0.3741,0.3737,0.374,5816.31
2025-12-07 11:32:00,0.374,0.374,0.3735,0.374,7638.58
2025-12-07 11:33:00,0.374,0.3741,0.3737,0.3741,5145.48
2025-12-07 11:34:00,0.3739,0.3742,0.3737,0.3739,4839.75
2025-12-07 11:35:00,0.3739,0.3741,0.3737,0.3741,4000.63
2025-12-07 11:36:00,0.3739,0.3741,0.3738,0.374,6145.7
2025-12-07 11:37:00,0.3738,0.374,0.3738,0.374,4433.71
2025-12-07 11:38:00,0.3738,0.3741,0.3737,0.3741,105693.75
2025-12-07 11:39:00,0.3741,0.3742,0.3739,0.3742,4532.77
2025-12-07 11:40:00,0.3742,0.3743,0.374,0.3741,4776.84
2025-12-07 11:41:00,0.3741,0.3744,0.374,0.3742,10039.33
2025-12-07 11:42:00,0.3744,0.3745,0.3742,0.3742,8013.18
2025-12-07 11:43:00,0.3744,0.3744,0.374,0.3741,4554.93
2025-12-07 11:44:00,0.3743,0.3743,0.374,0.3742,4904.94
2025-12-07 11:45:00,0.374,0.3742,0.3737,0.3737,3929.7
2025-12-07 11:46:00,0.3737,0.3738,0.3733,0.3735,5087.18
2025-12-07 11:47:00,0.3733,0.3735,0.3733,0.3733,5421.97
2025-12-07 11:48:00,0.3733,0.3735,0.3725,0.3725,19725.68
2025-12-07 11:49:00,0.3727,0.373,0.3725,0.3728,9921.4
2025-12-07 11:50:00,0.373,0.3733,0.3728,0.373,5679.75
2025-12-07 11:51:00,0.373,0.3733,0.3729,0.3731,4286.31
2025-12-07 11:52:00,0.3729,0.3733,0.3729,0.3731,5151.6
2025-12-07 11:53:00,0.3731,0.3736,0.3731,0.3736,5717.1
2025-12-07 11:54:00,0.3737,0.374,0.3733,0.3733,7680.95
2025-12-07 11:55:00,0.3733,0.3735,0.3731,0.3732,8481.51
2025-12-07 11:56:00,0.3734,0.3734,0.3731,0.3732,5293.75
2025-12-07 11:57:00,0.3732,0.3734,0.3731,0.3732,4111.33
2025-12-07 11:58:00,0.3734,0.3734,0.3732,0.3734,3879.06
2025-12-07 11:59:00,0.3732,0.3734,0.3732,0.3734,3487.59
2025-12-07 12:00:00,0.3732,0.3734,0.3729,0.3733,4417.54
2025-12-07 12:01:00,0.3733,0.3733,0.3731,0.3731,5847.17
2025-12-07 12:02:00,0.3729,0.3734,0.3727,0.3733,4674.6
2025-12-07 12:03:00,0.3733,0.3733,0.3727,0.373,15695.93
2025-12-07 12:04:00,0.373,0.3732,0.3729,0.3731,13095.28
2025-12-07 12:05:00,0.3729,0.3732,0.3729,0.373,13559.48
2025-12-07 12:06:00,0.3732,0.3736,0.373,0.3734,5800.03
2025-12-07 12:07:00,0.3736,0.3739,0.3732,0.3738,6606.8
2025-12-07 12:08:00,0.3736,0.3741,0.3734,0.3736,8027.33
2025-12-07 12:09:00,0.3734,0.3737,0.3734,0.3735,10389.56
2025-12-07 12:10:00,0.3735,0.3737,0.3733,0.3734,5920.41
2025-12-07 12:11:00,0.3736,0.3737,0.3733,0.3737,4634.31
2025-12-07 12:12:00,0.3737,0.3742,0.3735,0.374,4294.65
2025-12-07 12:13:00,0.3742,0.3743,0.3738,0.3738,6263.28
2025-12-07 12:14:00,0.374,0.374,0.3736,0.3738,5686.48
2025-12-07 12:15:00,0.3738,0.3744,0.3738,0.3744,4990.76
2025-12-07 12:16:00,0.3743,0.3748,0.374,0.3746,16267.94
2025-12-07 12:17:00,0.3748,0.3751,0.3741,0.3744,8364.52
2025-12-07 12:18:00,0.374,0.3741,0.3734,0.3737,8802.08
2025-12-07 12:19:00,0.3735,0.3737,0.3731,0.3734,9329.36
2025-12-07 12:20:00,0.3734,0.3738,0.3732,0.3736,7670.29
2025-12-07 12:21:00,0.3736,0.3738,0.3734,0.3735,6693.79
2025-12-07 12:22:00,0.3737,0.374,0.3735,0.3738,5352.07
2025-12-07 12:23:00,0.374,0.374,0.3737,0.3739,5916.47
2025-12-07 12:24:00,0.3737,0.3739,0.3733,0.3735,6408.14
2025-12-07 12:25:00,0.3737,0.3737,0.373,0.373,4718.34
2025-12-07 12:26:00,0.373,0.3733,0.3728,0.373,5760.77
2025-12-07 12:27:00,0.373,0.3731,0.3728,0.373,7177.72
2025-12-07 12:28:00,0.3728,0.373,0.3725,0.3725,3785.25
2025-12-07 12:29:00,0.3725,0.3732,0.3725,0.3732,5321.95
2025-12-07 12:30:00,0.3732,0.3734,0.373,0.3731,4181.58
2025-12-07 12:31:00,0.3733,0.374,0.3731,0.374,3976.92
2025-12-07 12:32:00,0.374,0.374,0.3734,0.3736,7553.78
2025-12-07 12:33:00,0.3734,0.3737,0.3733,0.3737,6328.6
2025-12-07 12:34:00,0.3735,0.3737,0.3731,0.3733,4187.25
2025-12-07 12:35:00,0.3734,0.3735,0.3731,0.3732,3844.31
2025-12-07 12:36:00,0.3732,0.3735,0.3732,0.3734,4549.65
2025-12-07 12:37:00,0.3732,0.3738,0.3732,0.3737,3934.73
2025-12-07 12:38:00,0.3737,0.3737,0.3735,0.3735,4675.89
2025-12-07 12:39:00,0.3735,0.3737,0.3734,0.3737,4413.1
2025-12-07 12:40:00,0.3735,0.3738,0.3734,0.3735,14431.93
2025-12-07 12:41:00,0.3736,0.3736,0.3734,0.3734,7685.05
2025-12-07 12:42:00,0.3734,0.3738,0.3734,0.3738,4258.81
2025-12-07 12:43:00,0.3736,0.3738,0.3735,0.3735,3821.82
2025-12-07 12:44:00,0.3737,0.3737,0.3735,0.3737,3666.54
2025-12-07 12:45:00,0.3735,0.3744,0.3735,0.3744,5496.03
2025-12-07 12:46:00,0.3746,0.3755,0.3744,0.3755,48127.58
2025-12-07 12:47:00,0.3754,0.3761,0.3754,0.3759,60391.14
2025-12-07 12:48:00,0.3758,0.376,0.3757,0.376,39066.27
2025-12-07 12:49:00,0.3758,0.3767,0.3758,0.3764,27245.72
2025-12-07 12:50:00,0.3764,0.3768,0.3762,0.3765,28565.14
2025-12-07 12:51:00,0.3763,0.3765,0.3754,0.3754,39240.86
2025-12-07 12:52:00,0.3756,0.3759,0.3754,0.3757,17134.23
2025-12-07 12:53:00,0.3757,0.3761,0.3756,0.3759,6655.93
2025-12-07 12:54:00,0.3757,0.376,0.3755,0.3758,7399.77
2025-12-07 12:55:00,0.376,0.376,0.3752,0.3753,6162.11
2025-12-07 12:56:00,0.3753,0.3753,0.3752,0.3753,4873.18
2025-12-07 12:57:00,0.3752,0.3753,0.3748,0.375,4174.68
2025-12-07 12:58:00,0.3748,0.3751,0.3748,0.3751,3858.3
2025-12-07 12:59:00,0.3749,0.3754,0.3749,0.3752,4569.21
2025-12-07 13:00:00,0.375,0.3753,0.3746,0.3746,9266.95
2025-12-07 13:01:00,0.3748,0.375,0.3744,0.3746,8858.95
2025-12-07 13:02:00,0.3746,0.3753,0.3744,0.3751,12274.51
2025-12-07 13:03:00,0.3753,0.3753,0.3748,0.3749,28638.4
2025-12-07 13:04:00,0.3751,0.3753,0.3741,0.3741,14239.13
2025-12-07 13:05:00,0.3743,0.3745,0.3741,0.3745,9687.44
2025-12-07 13:06:00,0.3741,0.3747,0.3741,0.3744,5456.75
2025-12-07 13:07:00,0.3746,0.3746,0.374,0.374,6607.52
2025-12-07 13:08:00,0.374,0.3741,0.374,0.3741,7632.95
2025-12-07 13:09:00,0.3741,0.3742,0.3738,0.374,4415.4
2025-12-07 13:10:00,0.374,0.3741,0.3729,0.3729,11840.92
2025-12-07 13:11:00,0.3731,0.3732,0.3726,0.3732,34218.17
2025-12-07 13:12:00,0.373,0.3732,0.3728,0.3729,23400.82
2025-12-07 13:13:00,0.3731,0.3736,0.3727,0.3734,13623.7
2025-12-07 13:14:00,0.3734,0.3736,0.373,0.373,6439.19
2025-12-07 13:15:00,0.373,0.3736,0.373,0.3733,5319.79
2025-12-07 13:16:00,0.3733,0.3737,0.3731,0.3732,7082.14
2025-12-07 13:17:00,0.3734,0.3735,0.3731,0.3735,23620.13
2025-12-07 13:18:00,0.3733,0.3736,0.3732,0.3734,7125.3
2025-12-07 13:19:00,0.3736,0.3736,0.3731,0.3732,4026.05
2025-12-07 13:20:00,0.3734,0.3734,0.3729,0.3731,4134.23
2025-12-07 13:21:00,0.3731,0.3732,0.3724,0.3724,7009.95
2025-12-07 13:22:00,0.3725,0.3725,0.3695,0.3697,145243.97
2025-12-07 13:23:00,0.3701,0.3717,0.3701,0.3715,198474.78
2025-12-07 13:24:00,0.3715,0.3719,0.3709,0.371,121554.78
2025-12-07 13:25:00,0.3712,0.3716,0.3707,0.3708,37057.59
2025-12-07 13:26:00,0.3708,0.3716,0.3708,0.3714,10221.12
2025-12-07 13:27:00,0.3713,0.3716,0.371,0.371,21562.3
2025-12-07 13:28:00,0.371,0.3713,0.3706,0.3709,102172.01
2025-12-07 13:29:00,0.3707,0.3711,0.3707,0.3711,20604.85
2025-12-07 13:30:00,0.3711,0.3711,0.3701,0.3701,20960.88
2025-12-07 13:31:00,0.3701,0.3711,0.37,0.3709,16750.38
2025-12-07 13:32:00,0.3711,0.3714,0.3709,0.3713,17913.08
2025-12-07 13:33:00,0.3713,0.3714,0.3708,0.3713,43029.9
2025-12-07 13:34:00,0.3713,0.3716,0.3709,0.3709,23622.27
2025-12-07 13:35:00,0.3711,0.3711,0.3706,0.3706,6587.24
2025-12-07 13:36:00,0.3709,0.3709,0.3699,0.3701,18718.17
2025-12-07 13:37:00,0.3699,0.3704,0.3697,0.37,69114.11
2025-12-07 13:38:00,0.37,0.3703,0.3696,0.3697,28141.18
2025-12-07 13:39:00,0.3696,0.3696,0.3688,0.3696,70461.22
2025-12-07 13:40:00,0.3693,0.3702,0.3693,0.3702,19127.27
2025-12-07 13:41:00,0.37,0.3703,0.3698,0.3701,63554.14
2025-12-07 13:42:00,0.3701,0.3702,0.3697,0.3699,10094.63
2025-12-07 13:43:00,0.3697,0.3699,0.369,0.3691,33179.04
2025-12-07 13:44:00,0.369,0.3693,0.3686,0.3689,60726.1
2025-12-07 13:45:00,0.3688,0.3693,0.3688,0.3692,101315.97
2025-12-07 13:46:00,0.369,0.3696,0.3689,0.3693,18782.8
2025-12-07 13:47:00,0.3695,0.3696,0.3686,0.3687,69511.54
2025-12-07 13:48:00,0.369,0.369,0.368,0.3685,177853.27
2025-12-07 13:49:00,0.3687,0.3696,0.3685,0.3696,25956.0
2025-12-07 13:50:00,0.3696,0.3699,0.3694,0.3696,223529.31
2025-12-07 13:51:00,0.3696,0.3699,0.3694,0.3696,21798.34
2025-12-07 13:52:00,0.3696,0.37,0.3694,0.3695,37338.19
2025-12-07 13:53:00,0.3697,0.3697,0.3692,0.3694,40371.56
2025-12-07 13:54:00,0.3696,0.3696,0.3691,0.3691,13036.36
2025-12-07 13:55:00,0.3691,0.3697,0.3691,0.3697,5135.63
2025-12-07 13:56:00,0.3697,0.3698,0.3694,0.3697,11424.8
2025-12-07 13:57:00,0.3697,0.3698,0.3694,0.3696,9238.61
2025-12-07 13:58:00,0.3694,0.3697,0.3693,0.3697,5920.97
2025-12-07 13:59:00,0.3695,0.3697,0.3693,0.3693,11654.32
2025-12-07 14:00:00,0.3694,0.3696,0.369,0.3692,6607.72
2025-12-07 14:01:00,0.3692,0.3701,0.369,0.3699,9373.83
2025-12-07 14:02:00,0.3699,0.37,0.3694,0.3694,13185.88
2025-12-07 14:03:00,0.3694,0.3695,0.3684,0.3686,34344.35
2025-12-07 14:04:00,0.3686,0.3688,0.3674,0.3674,48720.42
2025-12-07 14:05:00,0.3677,0.3693,0.3675,0.3691,46083.99
2025-12-07 14:06:00,0.3689,0.3691,0.3679,0.3682,39272.99
2025-12-07 14:07:00,0.3682,0.3689,0.3681,0.3686,12356.52
2025-12-07 14:08:00,0.3686,0.3686,0.368,0.3685,18512.11
2025-12-07 14:09:00,0.3685,0.3685,0.3674,0.3676,53904.54
2025-12-07 14:10:00,0.3676,0.3679,0.3674,0.3675,37571.62
2025-12-07 14:11:00,0.3677,0.3684,0.3675,0.3684,35960.35
2025-12-07 14:12:00,0.3682,0.3684,0.3677,0.3677,9017.25
2025-12-07 14:13:00,0.3677,0.3681,0.3677,0.3677,10096.95
2025-12-07 14:14:00,0.3678,0.3678,0.3673,0.3677,8068.63
2025-12-07 14:15:00,0.3677,0.3682,0.3673,0.3681,18740.35
2025-12-07 14:16:00,0.3681,0.3682,0.3678,0.368,14093.86
2025-12-07 14:17:00,0.3682,0.3682,0.3675,0.3675,42035.35
2025-12-07 14:18:00,0.3678,0.368,0.3662,0.3665,31864.69
2025-12-07 14:19:00,0.3665,0.3676,0.3665,0.3666,244180.69
2025-12-07 14:20:00,0.3668,0.3676,0.3666,0.367,37391.32
2025-12-07 14:21:00,0.3668,0.3671,0.3665,0.3668,27426.91
2025-12-07 14:22:00,0.3666,0.3668,0.3659,0.3663,54274.68
2025-12-07 14:23:00,0.3665,0.3667,0.3654,0.3661,61468.91
2025-12-07 14:24:00,0.3663,0.3664,0.361,0.3621,253385.66
2025-12-07 14:25:00,0.3621,0.3623,0.3572,0.36,960403.96
2025-12-07 14:26:00,0.3596,0.3607,0.3579,0.3607,1412490.82
2025-12-07 14:27:00,0.3609,0.3625,0.3606,0.3621,468079.37
2025-12-07 14:28:00,0.3621,0.3637,0.3619,0.3626,243037.93
2025-12-07 14:29:00,0.3627,0.3633,0.3618,0.3618,83369.93
2025-12-07 14:30:00,0.3617,0.3626,0.3612,0.3613,58580.07
2025-12-07 14:31:00,0.3613,0.3619,0.361,0.361,76101.42
2025-12-07 14:32:00,0.361,0.3616,0.3605,0.3607,36406.56
2025-12-07 14:33:00,0.3607,0.3616,0.3593,0.3614,52265.86
2025-12-07 14:34:00,0.3611,0.362,0.3605,0.3618,130099.08
2025-12-07 14:35:00,0.3616,0.3631,0.3611,0.363,85027.93
2025-12-07 14:36:00,0.3628,0.3647,0.3627,0.3642,199381.4
2025-12-07 14:37:00,0.3642,0.3645,0.3628,0.3633,169499.89
2025-12-07 14:38:00,0.3629,0.3632,0.3626,0.3631,43038.58
2025-12-07 14:39:00,0.3629,0.3635,0.3628,0.3629,19951.31
2025-12-07 14:40:00,0.3627,0.3629,0.3616,0.3618,7462.22
